Alt Klasör,Kelime,Türkçe Anlamı,Tür,Seviye,Eş Anlamlılar,Örnek Cümle (İngilizce),Örnek Cümle (Türkçe)
B1 Temel Akademik İsimler,a,"belirli bir tür veya nitelikteki, en yüksek not, ingiliz alfabesinin birinci harfi",isim,B1,,I'm in a fix.,Zor durumdayım.
B2 İleri Akademik İsimler,ability,"hüner, kabiliyet, yetenek",isim,B2,,I really trust his ability.,Ben gerçekten onun yeteneğine güveniyorum.
B1 Temel Akademik İsimler,abuse,"suistimal etmek, kötüye kullanmak, suistimal",isim,B1,,Child abuse is a crime.,Çocuk istismarı suçtur.
B1 Temel Akademik İsimler,access,"erişim, erişme, giriş",isim,B1,,He had access to the papers.,Onun belgelere erişim hakkı vardı.
C1 Üst Düzey Akademik İsimler,accessibility,"ulaşılırlık, giriş imkanı, kolaylıkla görüşülebilir olma",isim,C1,,The investigation highlighted the critical role of accessibility.,Soruşturma ulaşılırlık kavramının kritik rolünü vurguladı.
C1 Üst Düzey Akademik İsimler,accommodation,"konaklama, kalacak yer, konfor",isim,C1,,We need accommodation for six.,Altı kişi için kalacak yere ihtiyacımız var.
C1 Üst Düzey Akademik İsimler,accomplishment,"başarma, becerme, başarılan iş",isim,C1,,It's a great accomplishment.,Bu büyük bir başarı.
B2 İleri Akademik İsimler,according,"uyma, binaenaleyh, uyarak",isim,B2,,It all went according to plan.,Onun hepsi plana göre gitti.
B2 İleri Akademik İsimler,account,"hesap, açıklamasını yapmak, avlamak",isim,B2,,Put it on my account.,Bunu benim hesabıma yatır.
C1 Üst Düzey Akademik İsimler,achievement,"başarı, eser, edinim",isim,C1,,It's a big achievement.,O büyük bir başarı.
B1 Temel Akademik İsimler,act,"davranmak, hareket etmek, eylem",isim,B1,,It's all an act.,Hepsi numara.
B1 Temel Akademik İsimler,action,"çalışma, davranış, aksiyon",isim,B1,,It's time for action.,Eylem zamanı.
B2 İleri Akademik İsimler,activists,"siyasal eylemciler, hayvan hakları savunucuları",isim,B2,,The activists deny the accusations.,Eylemciler suçlamaları reddediyor.
C1 Üst Düzey Akademik İsimler,activities,"icraat, aktiviteler, etkinlikler",isim,C1,,I'm fully aware of Tom's activities.,Tom'un faaliyetlerinin tamamen farkındayım.
B2 İleri Akademik İsimler,activity,"etkinlik, faaliyet, meşguliyet",isim,B2,,This is a fun activity.,"Bu, eğlenceli bir aktivite."
B1 Temel Akademik İsimler,adding,"ekleme, cemi, izafe",isim,B1,,I'm adding the last touch.,Son rötuşları yapıyorum.
B2 İleri Akademik İsimler,addition,"ek, ilave, toplama",isim,B2,,Do you need anything in addition?,Buna ek olarak bir şeye ihtiyacın var mı?
C1 Üst Düzey Akademik İsimler,addressing,"retorik, sesleniş, hitabet",isim,C1,,He always talks as though he were addressing a public meeting.,O her zaman halka açık bir toplantıya sesleniyor gibi konuşur.
B1 Temel Akademik İsimler,admin,"yönetici, idare, yönetim",isim,B1,,The investigation highlighted the critical role of admin.,Soruşturma yönetici kavramının kritik rolünü vurguladı.
C1 Üst Düzey Akademik İsimler,administer,"yönetmek, idare etmek, tatbik etmek",isim,C1,,He administered his friend's affairs.,"O, arkadaşlarının işlerini idare etti."
"Alan Odaklı İsimler (Sağlık, Fen & Sosyal)",administration,"yönetim, idare, yerine getirme",isim,C1,,Give the administration a chance.,Yönetime bir şans ver.
C1 Üst Düzey Akademik İsimler,adolescence,"ergenlik çağı, ergenlik, büyüme çağı",isim,C1,,The investigation highlighted the critical role of adolescence.,Soruşturma ergenlik çağı kavramının kritik rolünü vurguladı.
B2 İleri Akademik İsimler,adult's,"yetişkin, yetişkin gözetiminde bulunmak, yetişkin gözetiminde olmak",isim,B2,,The investigation highlighted the critical role of adult's.,Soruşturma yetişkin kavramının kritik rolünü vurguladı.
B2 İleri Akademik İsimler,adulthood,"erişkinlik dönemi, erginlik, yetişkinlik",isim,B2,,The investigation highlighted the critical role of adulthood.,Soruşturma erişkinlik dönemi kavramının kritik rolünü vurguladı.
B2 İleri Akademik İsimler,advance,"terfi ettirmek, avans vermek, geliştirmek",isim,B2,,We knew that in advance.,Biz önceden biliyorduk.
C1 Üst Düzey Akademik İsimler,advancement,"ilerleme, yükselme, gelişme",isim,C1,,Does this job offer opportunities for advancement?,"Bu iş, ilerleme için fırsatlar sunuyor mu?"
C1 Üst Düzey Akademik İsimler,advancements,teknolojik gelişmeler,isim,C1,,The investigation highlighted the critical role of advancements.,Soruşturma teknolojik gelişmeler kavramının kritik rolünü vurguladı.
B2 İleri Akademik İsimler,advances,"avanslar, arkadaşlık teklifleri, göze girmek için yapılan öneriler",isim,B2,,Recent advances in medicine are remarkable.,Tıptaki son gelişmeler dikkat çekiyor.
B1 Temel Akademik İsimler,advice,"nasihat, tavsiye, öğüt",isim,B1,,I took Tom's advice.,Tom'un tavsiyesini aldım.
B1 Temel Akademik İsimler,africa,afrika,isim,B1,,He was born in Africa.,O Afrika'da doğdu.
B1 Temel Akademik İsimler,age,"yaş, çağ, devir",isim,B1,,He is just my age.,O tam benim yaşımda.
B1 Temel Akademik İsimler,ages,"uzun süre, uzun zaman, asırlar",isim,B1,,I did that ages ago.,Onu uzun süre önce yaptım.
B1 Temel Akademik İsimler,aid,"yardım etmek, yardım, yardımcı olmak",isim,B1,,She came to my aid.,Benim yardımıma geldi.
B1 Temel Akademik İsimler,aim,"amaçlamak, hedeflemek, nişan almak",isim,B1,,I aim to be a writer.,Ben bir yazar olmayı hedefliyorum.
B1 Temel Akademik İsimler,air,"havalandırmak, yayına girmek, hava",isim,B1,,We're on the air.,Canlı yayındayız.
B1 Temel Akademik İsimler,airbus,"uçak, kısa mesafelerde çok sayıda yolcu taşımak üzere tasarlanmış uçak, jet yolcu uçağı",isim,B1,,The investigation highlighted the critical role of airbus.,Soruşturma uçak kavramının kritik rolünü vurguladı.
B2 İleri Akademik İsimler,aircraft,"uçak, uçaklar, hava taşıtı",isim,B2,,One of the aircraft's engines cut out.,Uçağın motorlarından biri durdu.
B2 İleri Akademik İsimler,airline,"hava yolu, havayolu, düz hat",isim,B2,,Which airline do you work for?,Hangi hava yolu için çalışıyorsun?
B2 İleri Akademik İsimler,airplane,"uçak, tayyare, teyyare",isim,B2,,Can you fly an airplane?,Bir uçağı uçurabilir misin?
B2 İleri Akademik İsimler,airplanes,uçaklar,isim,B2,,Can you sleep on airplanes?,Uçaklarda uyuyabilir misin?
B2 İleri Akademik İsimler,airport,"havalimanı, havaalanı, hava limanı",isim,B2,,I'm at the airport.,Havaalanındayım.
B2 İleri Akademik İsimler,alcohol,"alkol, ispirto, içki",isim,B2,,I can't drink alcohol.,Alkol içemem.
B1 Temel Akademik İsimler,alter,"değiştirmek, değişiklik yapmak, hadım etmek",isim,B1,,We must alter our plan.,Planımızı değiştirmeliyiz.
C1 Üst Düzey Akademik İsimler,alteration,"değişiklik, değişim, değiştirme",isim,C1,,The investigation highlighted the critical role of alteration.,Soruşturma değişiklik kavramının kritik rolünü vurguladı.
C1 Üst Düzey Akademik İsimler,alternatives,"çareler, seçenekler, seçilebilecek yollar",isim,C1,,Let's look at alternatives.,Alternatiflere bakalım.
B1 Temel Akademik İsimler,amb,"amb, büyükelçi, ambulans",isim,B1,,The investigation highlighted the critical role of amb.,Soruşturma amb kavramının kritik rolünü vurguladı.
B2 İleri Akademik İsimler,american,"amerikan, amerikalı, amerika",isim,B2,,He must be an American.,O bir Amerikalı olmalı.
B1 Temel Akademik İsimler,amount,"miktar, tutar, meblağ",isim,B1,,It's a large amount.,O büyük bir miktar.
B2 İleri Akademik İsimler,amusement,"eğlendiren oyun veya uğraş, oyalanma, eğlenme",isim,B2,,Reading is his chief amusement.,Okumak onun baş eğlencesidir.
"Alan Odaklı İsimler (Sağlık, Fen & Sosyal)",an,"bir, hollanda antilleri, anabatik rüzgar",isim,B1,,I'm an ex-con.,Ben eski bir mahkumum.
B2 İleri Akademik İsimler,analysis,"çözümleme, analiz, tahlil",isim,B2,,The analysis is very clear.,Analiz çok açık.
B2 İleri Akademik İsimler,analyst,"çözümlemeci, analist, araştırmacı",isim,B2,"researcher, scientist, examiner",You have an excellent analyst.,Mükemmel bir analistin var.
B2 İleri Akademik İsimler,anomalies,"anormallikler, aykırılıklar, kural dışı durumlar",isim,B2,,The investigation highlighted the critical role of anomalies.,Soruşturma anormallikler kavramının kritik rolünü vurguladı.
B1 Temel Akademik İsimler,answer,"yanıt vermek, cevaplamak, cevap vermek",isim,B1,,I can't answer that.,Ona cevap veremem.
C1 Üst Düzey Akademik İsimler,antibodies,antikorlar,isim,C1,,Antibodies fight off infections and viruses.,Antikorlar enfeksiyonları ve virüsleri defeder.
B2 İleri Akademik İsimler,anxiety,"endişe, kaygı, tasa",isim,B2,,She could not cope with anxiety.,Anksiyete ile baş edemedi.
C1 Üst Düzey Akademik İsimler,appearance,"dış görünüş, görünüm, görünüş",isim,C1,,Avoid the appearance of evil.,Şeytanın hilesinden sakının.
B2 İleri Akademik İsimler,appliance,"cihaz, gereç, aygıt",isim,B2,,It's an energy-efficient appliance.,Enerji verimi yüksek bir cihaz.
C1 Üst Düzey Akademik İsimler,application,"tatbik, uygulama, başvuru",isim,C1,,I lied on my job application.,İş başvurumda yalan söyledim.
C1 Üst Düzey Akademik İsimler,applications,uygulamalar,isim,C1,,Applications are due by Monday.,Başvurular için süre sonu pazartesi.
B2 İleri Akademik İsimler,applying,uygulanıyor,isim,B2,,I'm applying for a job.,Bir iş başvurusu yapıyorum.
B2 İleri Akademik İsimler,approach,"yanaşmak, yaklaşmak, yaklaşım",isim,B2,,I like Tom's approach.,Tom'un yaklaşımını seviyorum.
B1 Temel Akademik İsimler,apps,"apps denetimi, istemci uygulamaları",isim,B1,,I have dozens of apps on my phone that I seldom use.,"Telefonumda, nadiren kullandığım düzinelerce uygulamam var."
B2 İleri Akademik İsimler,architect,"mimar, yapmak, planlamak",isim,B2,,I want to be an architect.,Ben mimar olmak istiyorum.
C1 Üst Düzey Akademik İsimler,architects,mimarlar,isim,C1,,The investigation highlighted the critical role of architects.,Soruşturma mimarlar kavramının kritik rolünü vurguladı.
B1 Temel Akademik İsimler,are,"ar, 100 metrekare'ye eşit alan ölçüsü birimi, yüz metrekare, ar",isim,B1,,Are you at Tom's?,Tom'larda mısın?
B1 Temel Akademik İsimler,areas,"alanları doldurmak, koruma alanları, sağlık hizmetleri alanı",isim,B1,,Most people live in urban areas.,Çoğu kişi kentsel alanlarda yaşar.
B2 İleri Akademik İsimler,argument,"argüman, tartışma, sav",isim,B2,,It was a fair argument.,Adil bir argümandı.
B1 Temel Akademik İsimler,aries,"koç, koç burcu, balık ve boğa takımyıldızları arasında yer alan koç takımyıldızı",isim,B1,,The investigation highlighted the critical role of aries.,Soruşturma koç kavramının kritik rolünü vurguladı.
B1 Temel Akademik İsimler,arms,"koyun, kucak, silahlar",isim,B1,,Let go of my arms.,Kollarımı bırak.
B2 İleri Akademik İsimler,arteries,arterler,isim,B2,,"Fortunately, the shark bite didn't hit any major arteries.","Neyse ki, köpekbalığı ısırığı herhangi bir büyük artere isabet etmedi."
B1 Temel Akademik İsimler,artist,"artist, sanatkar, sanatçı",isim,B1,,He's a con artist.,O bir düzenbaz.
B2 İleri Akademik İsimler,artists,sanatçılar,isim,B2,,Many famous artists live in Boston.,Boston'da birçok ünlü sanatçı yaşıyor.
B1 Temel Akademik İsimler,aside,"bertaraf, ayrı, bir kenara",isim,B1,,Lay this aside for me.,Bunu benim için bir yana koy.
B1 Temel Akademik İsimler,aspect,"hal, taraf, yön",isim,B1,,I love every aspect of the game.,Oyunun her yönünü seviyorum.
B2 İleri Akademik İsimler,assessing,"değerleme, değerlendirme",isim,B2,,We're now assessing the situation.,Biz şimdi durumu değerlendiriyoruz.
B1 Temel Akademik İsimler,assist,"yardım etmek, asistanlık yapmak, asiste etmek",isim,B1,,I'm here to assist you.,Size yardımcı olmak için buradayım.
C1 Üst Düzey Akademik İsimler,assortment,"karışım, ayırma, çeşitlilik",isim,C1,,The investigation highlighted the critical role of assortment.,Soruşturma karışım kavramının kritik rolünü vurguladı.
C1 Üst Düzey Akademik İsimler,astronomers,astronomlar,isim,C1,,Ancient astronomers noticed constellations and gave them names.,Eski astronomlar takımyıldızları fark ettiler ve onlara isimler verdiler.
"Alan Odaklı İsimler (Sağlık, Fen & Sosyal)",astrophysics,"gökfiziği, astrofizik, gök fiziği",isim,C1,,The investigation highlighted the critical role of astrophysics.,Soruşturma gökfiziği kavramının kritik rolünü vurguladı.
B2 İleri Akademik İsimler,athletes,"atletler, sporcular",isim,B2,,Some athletes sweat more than others.,Bazı sporcular diğerlerinden daha fazla terler.
"Alan Odaklı İsimler (Sağlık, Fen & Sosyal)",atmosphere,"atmosfer, havayuvarı, gazyuvarı",isim,C1,,The moon has no atmosphere.,Ay'ın atmosferi yoktur.
C1 Üst Düzey Akademik İsimler,attempting,"girişimde bulunma, yeltenme, kalkışma",isim,C1,,I'm attempting to win here.,Burada kazanmaya çalışıyorum.
B2 İleri Akademik İsimler,attempts,"bir çok girişim, çok sayıda girişim, çevirme denemeleri",isim,B2,,All of our attempts failed.,Bütün girişimlerimiz başarısız oldu.
B2 İleri Akademik İsimler,attention,"özen, ilgilenme, ilgi",isim,B2,,I didn't pay attention.,Önemsemedim.
B2 İleri Akademik İsimler,attitude,"tutum, tavır, duruş",isim,B2,,I like Tom's attitude.,Tom'un davranışını beğenirim.
B2 İleri Akademik İsimler,attitudes,"tutumlar, bir eşya, mal veya fikre karşı uzun süreli duygu, düşünce ve tepki",isim,B2,,Social attitudes oftentimes take generations to change.,Toplumsal tutumlar genellikle nesilleri değişime götürür.
B2 İleri Akademik İsimler,audience,"izleyiciler veya dinleyiciler topluluğu, seyirci, izleyici",isim,B2,,I was in the audience.,Ben seyircinin içindeydim.
B2 İleri Akademik İsimler,audiences,seyirciler,isim,B2,,The investigation highlighted the critical role of audiences.,Soruşturma seyirciler kavramının kritik rolünü vurguladı.
"Alan Odaklı İsimler (Sağlık, Fen & Sosyal)",author,"yazar, yazmak, yazarı olmak",isim,B1,,I want to be an author.,Ben bir yazar olmak istiyorum.
"Alan Odaklı İsimler (Sağlık, Fen & Sosyal)",authorities,"yetkililer, makam ve merci, resmi merciler",isim,C1,,I'm going to report you to the authorities.,Seni yetkili makamlara ihbar edeceğim.
"Alan Odaklı İsimler (Sağlık, Fen & Sosyal)",authority,"yetki, otorite, bilirkişi",isim,B2,,I don't have the authority.,Benim yetkim yok.
"Alan Odaklı İsimler (Sağlık, Fen & Sosyal)",authors,yazarlar,isim,B2,,He is one of Spain's most famous authors.,"O, İspanya'nın en ünlü yazarlarından biridir."
C1 Üst Düzey Akademik İsimler,automobile,"otomobil, otomobilde seyahat etmek, araba",isim,C1,,An automobile ran over him.,Bir otomobil onu ezdi.
B2 İleri Akademik İsimler,average,"ortalama, ortalamasını bulmak, belirli bir miktar tüketmek",isim,B2,,I'm just an average guy.,Ben sadece sıradan bir erkeğim.
"Alan Odaklı İsimler (Sağlık, Fen & Sosyal)",awareness,"farkındalık, bilinçlenme, farkında olma",isim,B2,knowledge,Developing political awareness takes time.,Siyasi farkındalık edinmek zaman alır.
B1 Temel Akademik İsimler,ax,"balta, kovmak, azaltmak",isim,B1,,He has an ax to grind.,Onun şikayeti var.
B1 Temel Akademik İsimler,axe,"balta, kısmak, azaltmak",isim,B1,,She always has some axe to grind.,Onun her zaman bir şikâyeti vardır.
C1 Üst Düzey Akademik İsimler,background,"arka plan, fon, ardyöre",isim,C1,,I'll stay in the background.,Ben arka planda kalacağım.
C1 Üst Düzey Akademik İsimler,backgrounds,"şeffaf zemin, web arka planları",isim,C1,,I want to meet people from all types of backgrounds.,Her türlü kökenden insanlarla tanışmak istiyorum.
B2 İleri Akademik İsimler,balance,"dengede tutmak, dengelemek, bakiye",isim,B2,,I almost lost my balance.,Neredeyse dengemi kaybediyordum.
"Alan Odaklı İsimler (Sağlık, Fen & Sosyal)",banks,"bankalar, alabama eyaletinde şehir",isim,B1,,I don't trust banks.,Bankalara güvenmiyorum.
B2 İleri Akademik İsimler,barrage,"yoğun yaylım ateşi, yaylım ateşi, baraj",isim,B2,,The investigation highlighted the critical role of barrage.,Soruşturma yoğun yaylım ateşi kavramının kritik rolünü vurguladı.
B2 İleri Akademik İsimler,barrier,"set, bariyer, aperitif",isim,B2,,High tariffs have become a barrier to international trade.,Yüksek tarifeler uluslararası ticaret için bir engel haline gelmiştir.
B2 İleri Akademik İsimler,barriers,"engeller, radyasyon emen bariyerler",isim,B2,,We must work hard to break down social barriers.,Bizim sosyal engelleri yıkmak için çok çalışmamız gerekmektedir.
B1 Temel Akademik İsimler,barter,"takas, takas yapmak, değiş tokuş etmek",isim,B1,,The investigation highlighted the critical role of barter.,Soruşturma takas kavramının kritik rolünü vurguladı.
B1 Temel Akademik İsimler,base,"dayandırmak, üs, baz",isim,B1,,Our company's base is in Tokyo.,Şirketimizin merkezi Tokyo'dadır.
B1 Temel Akademik İsimler,battle,"savaş, muharebe, dövüşmek",isim,B1,,We'll win the battle.,Biz savaşı kazanacağız.
B1 Temel Akademik İsimler,bears,"bu söylediğimi doğruluyor, tekrar söylemeye değer, tekrar söylemekte fayda var",isim,B1,,I am afraid of bears.,Ayılardan korkarım.
B2 İleri Akademik İsimler,becomes,"boynuz kulağı geçer, ava giden avlanır, boynuz kulağı geçermiş",isim,B2,,It becomes a vicious circle.,Bir kısır döngü haline gelir.
B2 İleri Akademik İsimler,behavior,"davranış, hareket tarzı, tutum",isim,B2,,Tom's behavior was bad.,Tom'un davranışı kötüydü.
B2 İleri Akademik İsimler,behaviors,davranışlar,isim,B2,,The investigation highlighted the critical role of behaviors.,Soruşturma davranışlar kavramının kritik rolünü vurguladı.
B1 Temel Akademik İsimler,being,"yapı, vücut, tanrı",isim,B1,,I'm a human being.,Ben bir insanım.
B2 İleri Akademik İsimler,belonging,"eşya, aidiyet, ait olma",isim,B2,,He lost all his belongings.,"O, bütün eşyalarını kaybetti."
C1 Üst Düzey Akademik İsimler,belongings,"ayniyat, özel eşya, kişisel eşyalar",isim,C1,,He lost all his belongings.,"O, bütün eşyalarını kaybetti."
B2 İleri Akademik İsimler,benefit,"yararlanmak, menfaat, çıkar",isim,B2,,This is for your benefit.,Bu senin menfaatin için.
C1 Üst Düzey Akademik İsimler,benefiting,"asılanma, yararlanma",isim,C1,,The investigation highlighted the critical role of benefiting.,Soruşturma asılanma kavramının kritik rolünü vurguladı.
B1 Temel Akademik İsimler,better,"daha iyi, iyileştirmek, ıslah etmek",isim,B1,,I'm a lot better.,Ben çok daha iyiyim.
B1 Temel Akademik İsimler,bias,"önyargı, aklını çelmek, bir tarafa etki etmek",isim,B1,,Cut the cloth on the bias.,Kumaşı diyagonal kesin.
B1 Temel Akademik İsimler,bigger,"daha büyük, büyük",isim,B1,,I need a bigger box.,Daha büyük bir kutuya ihtiyacım var.
B1 Temel Akademik İsimler,bike,"bisiklete binmek, bisiklet, bisiklet sürmek",isim,B1,,I was on a bike.,Bir bisikletteydim.
"Alan Odaklı İsimler (Sağlık, Fen & Sosyal)",billion,"milyar, bilyon",isim,B2,,A billion adults are illiterate.,Bir milyar yetişkin okuma yazma bilmemektedir.
"Alan Odaklı İsimler (Sağlık, Fen & Sosyal)",biologists,"dirimbilimci, yaşambilimci, biyolog",isim,C1,,Biologists released some turtles into the sea.,Biyologlar bazı kaplumbağaları denize bıraktılar.
C1 Üst Düzey Akademik İsimler,blamelessness,"suçsuzluk, kusursuzluk, masumluk",isim,C1,,The investigation highlighted the critical role of blamelessness.,Soruşturma suçsuzluk kavramının kritik rolünü vurguladı.
"Alan Odaklı İsimler (Sağlık, Fen & Sosyal)",blood,"kan, akrabalık, asalet",isim,B1,,I didn't donate blood.,Kan bağışında bulunmadım.
B1 Temel Akademik İsimler,boats,"köprüleri atmak, kayıklar ve kayıkçılık, bir ulusun refahı herkese yarar sağlar",isim,B1,,I don't care about boats.,Ben teknelerle ilgilenmiyorum.
B1 Temel Akademik İsimler,books,"kitaplar, kayıtlar",isim,B1,,I don't read books.,Ben kitap okumuyorum.
B1 Temel Akademik İsimler,border,"hudut, kenarlık, kenar",isim,B1,,We live near the border.,Biz sınıra yakın yaşıyoruz.
B1 Temel Akademik İsimler,bore,"bunaltmak, delmek, sıkmak",isim,B1,,Don't be a bore.,Sıkma insanı.
B1 Temel Akademik İsimler,boring,"bıktırıcı, bıktıran, sıkıcı",isim,B1,,It's kind of boring.,Bu biraz sıkıcı.
B1 Temel Akademik İsimler,bounce,"sektirmek, zıplamak, sekmek",isim,B1,,A rubber ball bounces because it is elastic.,Elastik olduğu için lastik bir top seker.
B2 İleri Akademik İsimler,boundary,"sınır, had, hudut",isim,B2,,There is a fence marking the boundary between our yard and the neighbor's.,Bizim ve komşunun avlusu arasındaki sınırı işaretlemek için bir çit vardır.
B1 Temel Akademik İsimler,bowl,"tas, çanak, kase",isim,B1,,I had a bowl of soup.,Bir kase çorba içtim.
"Alan Odaklı İsimler (Sağlık, Fen & Sosyal)",brain,"beyin, kafasına ağır bir darbe indirmek, kafa yarmak",isim,B1,,He has a good brain.,O akıllıdır.
B1 Temel Akademik İsimler,branch,"dallanmak, şube, dal",isim,B1,,I cut a branch from the tree.,Ben ağaçtan bir dal kestim.
C1 Üst Düzey Akademik İsimler,breakthrough,"ilerleme, atılım, buluş",isim,C1,,This is a real breakthrough.,Bu gerçek bir atılım.
B1 Temel Akademik İsimler,breast,"meme, göğüs, göğüs germek",isim,B1,,Breast cancer is a disease.,Meme kanseri bir hastalıktır.
B1 Temel Akademik İsimler,bridge,"köprü, köprü kurmak, köprü yapmak",isim,B1,,How long is the bridge?,Köprü ne kadar uzunluktadır?
B2 İleri Akademik İsimler,bridges,köprüler,isim,B2,,I'm burning my bridges.,Köprüleri yakıyorum.
B2 İleri Akademik İsimler,bringing,"getirmek, getiri, getiren",isim,B2,,You're bringing me down.,Sen beni makamımdan indiriyorsun.
B1 Temel Akademik İsimler,buddy,"ahbap, kanka, kafadar",isim,B1,,"I'll help you, buddy.","Sana yardım edeceğim, dostum."
B2 İleri Akademik İsimler,building,"inşaat, bina, yapma",isim,B2,,The building's on fire.,Bina yanıyor.
B2 İleri Akademik İsimler,buildings,"site, inşaat, yapılar",isim,B2,,There are many tall buildings.,Birçok yüksek bina var.
C1 Üst Düzey Akademik İsimler,businesses,"aile işletmeleri, emlak işleri, işlerin çoğunun fiziksel temsilciler vasıtası ile fiziksel ürünler satarak gerçekleştirildiği eski ve geleneksel ticaret yöntemi",isim,C1,,"As businesses failed, workers lost their jobs.",İşler başarısız sonuçlanınca işçiler işlerini kaybettiler.
B1 Temel Akademik İsimler,cabin,"kabin, tahdit etmek, küçük bir yere kapamak",isim,B1,,We rented a cabin by a lake.,Gölün yanında bir kabin kiraladık.
B1 Temel Akademik İsimler,cake,"kek, pasta, katılaşmak",isim,B1,,He made me a cake.,Bana bir kek yaptı
B1 Temel Akademik İsimler,cal,"kilokalori, kalsiyum hidroksit, cal",isim,B1,,The investigation highlighted the critical role of cal.,Soruşturma kilokalori kavramının kritik rolünü vurguladı.
B2 İleri Akademik İsimler,cameras,kameralar,isim,B2,,I have a lot of cameras.,Çok fazla kameram var.
B1 Temel Akademik İsimler,can,"olabilmek, kovmak, konservelemek",isim,B1,,I can't do it.,Onu yapamam.
"Alan Odaklı İsimler (Sağlık, Fen & Sosyal)",cancer,"kanser, yengeç burcu, kötü şey",isim,B1,,I don't have cancer.,Kanserim yok.
B1 Temel Akademik İsimler,cap,"başlık, kapak, kep",isim,B1,,I have lost my cap.,Benim kepimi kaybettim.
C1 Üst Düzey Akademik İsimler,capabilities,yetenekler,isim,C1,,The investigation highlighted the critical role of capabilities.,Soruşturma yetenekler kavramının kritik rolünü vurguladı.
C1 Üst Düzey Akademik İsimler,capability,"kabiliyet, iktidar, yararlılık",isim,C1,,The investigation highlighted the critical role of capability.,Soruşturma kabiliyet kavramının kritik rolünü vurguladı.
B2 İleri Akademik İsimler,capacity,"kapasite, iktidar, yeterlik",isim,B2,,The bus was filled to capacity.,Otobüs tam kapasite doluydu.
"Alan Odaklı İsimler (Sağlık, Fen & Sosyal)",capillaries,kılcal damarlar,isim,C1,,The investigation highlighted the critical role of capillaries.,Soruşturma kılcal damarlar kavramının kritik rolünü vurguladı.
"Alan Odaklı İsimler (Sağlık, Fen & Sosyal)",capillary,"ince boru, kılcal damar, kılla ilgili",isim,B2,,The investigation highlighted the critical role of capillary.,Soruşturma ince boru kavramının kritik rolünü vurguladı.
B1 Temel Akademik İsimler,carbs,karbonhidrat,isim,B1,,The investigation highlighted the critical role of carbs.,Soruşturma karbonhidrat kavramının kritik rolünü vurguladı.
B1 Temel Akademik İsimler,care,"önem vermek, aldırmak, umursamak",isim,B1,,Ask me if I care.,Çok da umurumda!
B2 İleri Akademik İsimler,carrying,"taşıma, nakliye, taşımacılık",isim,B2,,I saw men carrying guns.,Silahlı adamlar gördüm.
B1 Temel Akademik İsimler,cars,arabalar,isim,B1,,I am fond of cars.,Ben arabaları çok severim.
B1 Temel Akademik İsimler,case,"dava, kasa, kılıf",isim,B1,,That isn't the case.,Olay bu değil.
B1 Temel Akademik İsimler,cases,"davalar, vakalar, vukuat",isim,B1,,What's in those cases?,Şu kutularda ne var?
B1 Temel Akademik İsimler,cat's,"kedi, tehlikeli işi üzerine almak, sırıtmak",isim,B1,,The investigation highlighted the critical role of cat's.,Soruşturma kedi kavramının kritik rolünü vurguladı.
B1 Temel Akademik İsimler,cause,"sebebiyet vermek, sebep olmak, yol açmak",isim,B1,,I don't cause trouble.,Ben soruna neden olmam.
B1 Temel Akademik İsimler,cavity,"çukur, delik, kavite",isim,B1,,I think I have a cavity.,Sanırım dişimde bir delik var.
B1 Temel Akademik İsimler,center,"ortalamak, merkez, ortaya yerleştirmek",isim,B1,,He works in a call center.,O bir çağrı merkezinde çalışır.
B2 İleri Akademik İsimler,centuries,yüzyıllar,isim,B2,,This cathedral was built more than four centuries ago.,"Bu katedral, dört yüzyıldan fazla süre önce inşa edilmiş."
B2 İleri Akademik İsimler,century,"asır, yüzyıl, 100'ün üzerindeki skor/sayı/100'lük seri",isim,B2,,I'm over a half century old.,Yarım asrı geçtim.
B1 Temel Akademik İsimler,ch,"isviçre:ch, ch-4 yağ sınıfı, reform kilisesi",isim,B1,,The investigation highlighted the critical role of ch.,Soruşturma isviçre:ch kavramının kritik rolünü vurguladı.
C1 Üst Düzey Akademik İsimler,challenges,zorluklar,isim,C1,,We do have some challenges.,Bazı zorluklarımız var.
B1 Temel Akademik İsimler,chance,"olanak, ihtimal, şans",isim,B1,,I'll take a chance.,Şansımı deneyeceğim.
B1 Temel Akademik İsimler,change,"değişmek, değiştirmek, değişiklik",isim,B1,,I'll try to change.,Ben değiştirmeye çalışacağım.
C1 Üst Düzey Akademik İsimler,characterization,"niteleme, nitelendirme, nitelendirilme",isim,C1,,The investigation highlighted the critical role of characterization.,Soruşturma niteleme kavramının kritik rolünü vurguladı.
B1 Temel Akademik İsimler,charge,"yüklemek, suçlamak, şarj etmek",isim,B1,,I'm in charge now.,Artık ben sorumluyum.
B1 Temel Akademik İsimler,charm,"albeni, cazibe, çekicilik",isim,B1,,It worked like a charm.,Çok işe yaradı.
B1 Temel Akademik İsimler,cheer,"neşelendirmek, neşe, şenlendirmek",isim,B1,,It'll cheer you up.,Seni neşelendirecek.
B1 Temel Akademik İsimler,chefs,"herkes patron, herkes patron kesilmiş, bir işe elli kişi karışırsa …",isim,B1,,The investigation highlighted the critical role of chefs.,Soruşturma herkes patron kavramının kritik rolünü vurguladı.
B2 İleri Akademik İsimler,chemist,"kimyacı, eczacı, kimyager",isim,B2,,The investigation highlighted the critical role of chemist.,Soruşturma kimyacı kavramının kritik rolünü vurguladı.
B2 İleri Akademik İsimler,chemists,kimyagerler,isim,B2,,The investigation highlighted the critical role of chemists.,Soruşturma kimyagerler kavramının kritik rolünü vurguladı.
B2 İleri Akademik İsimler,childhood,"çocukluk, çocukluk dönemi, küçüklük",isim,B2,,I had a happy childhood.,Benim mutlu bir çocukluğum vardı.
B1 Temel Akademik İsimler,chip,"havalandırmak, takılmak, kırılmak",isim,B1,,How did you chip your tooth?,Dişinizi nasıl çektiniz?
B1 Temel Akademik İsimler,circle,"halka, daire, çember",isim,B1,,They sat in a circle.,Onlar bir daire içinde oturdu.
C1 Üst Düzey Akademik İsimler,circumference,"daire çevresi, dairenin etrafını dolaşan çizgi, dairenin çevresi",isim,C1,,The investigation highlighted the critical role of circumference.,Soruşturma daire çevresi kavramının kritik rolünü vurguladı.
B1 Temel Akademik İsimler,cities,şehirler,isim,B1,,We live in different cities.,Farklı şehirlerde yaşıyoruz.
B1 Temel Akademik İsimler,cl,"uluslararası sınıflama, şili:cl, cl yükü",isim,B1,,You can't cling to the past.,Geçmişe sadık kalamazsın.
C1 Üst Düzey Akademik İsimler,clarification,"açıklık kazanma, açıklığa kavuşma, açıklığa kavuşturma",isim,C1,,The investigation highlighted the critical role of clarification.,Soruşturma açıklık kazanma kavramının kritik rolünü vurguladı.
B1 Temel Akademik İsimler,class,"ders, sınıf, saymak",isim,B1,,He's in my class.,"O, benim sınıfımda."
C1 Üst Düzey Akademik İsimler,classification,"sınıflandırma, klasman, adlandırma",isim,C1,,The investigation highlighted the critical role of classification.,Soruşturma sınıflandırma kavramının kritik rolünü vurguladı.
B2 İleri Akademik İsimler,classroom,"sınıf, dershane, derslik",isim,B2,,It isn't a classroom.,O bir sınıf değil.
B2 İleri Akademik İsimler,clearer,daha net,isim,B2,,It's never been clearer.,Daha net olmamıştı.
B1 Temel Akademik İsimler,client,"müvekkil, müşteri, hasta",isim,B1,,I'm with a client.,Bir müşteri ile birlikteyim.
B2 İleri Akademik İsimler,clients,"hizmetten yararlananlar, müşteriler",isim,B2,,I have clients to call.,Arayacak müşterilerim var.
B2 İleri Akademik İsimler,climbing,"tırmanış, dağcılık, tırmanma",isim,B2,,I went climbing in the Alps.,Alp'lerde tırmanmaya gittim.
B1 Temel Akademik İsimler,clouds,bulutlar,isim,B1,,The clouds hid the sun.,Bulutlar güneşi sakladı.
B1 Temel Akademik İsimler,clue,"ipucu, aydınlatmak, bilgi vermek",isim,B1,,I don't have a clue.,Bir fikrim yok.
B1 Temel Akademik İsimler,clues,ipuçları,isim,B1,,Did you find any clues?,Herhangi bir ipucu buldun mu?
B1 Temel Akademik İsimler,co,"birlikte, ko, vietnam’da yaşayan etnik bir grup",isim,B1,,Both the pilot and the co-pilot are dead.,Hem pilot ve hem de co-pilot öldüler.
B1 Temel Akademik İsimler,coast,"sahil, kıyı, deniz kıyısı",isim,B1,,I'm from the East Coast.,Ben doğu yakasındanım.
B2 İleri Akademik İsimler,coaster,"tahta peynirlik, kabotaj yapan gemi, kıyı boyunca işleyen ticari gemi",isim,B2,,Let's ride the roller coaster.,Roller coastera binelim.
B2 İleri Akademik İsimler,coating,"kaplama, kaplanma, paltoluk kumaş",isim,B2,,The investigation highlighted the critical role of coating.,Soruşturma kaplama kavramının kritik rolünü vurguladı.
B1 Temel Akademik İsimler,color,"boya, renk, renk katmak",isim,B1,,The color won't fade.,Rengi solmaz.
C1 Üst Düzey Akademik İsimler,comedian's,"komedi yazarı, komedyen, güldürücü",isim,C1,,The investigation highlighted the critical role of comedian's.,Soruşturma komedi yazarı kavramının kritik rolünü vurguladı.
B2 İleri Akademik İsimler,comfort,"rahatlık, konfor, rahat",isim,B2,,That's a real comfort.,O gerçek bir konfor.
B1 Temel Akademik İsimler,comm,açıklama,isim,B1,,The investigation highlighted the critical role of comm.,Soruşturma açıklama kavramının kritik rolünü vurguladı.
B2 İleri Akademik İsimler,command,"emretmek, buyurmak, kumanda",isim,B2,,I'm in command now.,Şu an komuta bende.
B2 İleri Akademik İsimler,commence,"başlatmak, başlamak, dava açmak",isim,B2,,The investigation highlighted the critical role of commence.,Soruşturma başlatmak kavramının kritik rolünü vurguladı.
C1 Üst Düzey Akademik İsimler,communication,"iletişim, temas, mesaj",isim,C1,,English is a means of communication.,İngilizce bir haberleşme aracıdır.
"Alan Odaklı İsimler (Sağlık, Fen & Sosyal)",communities,"topluluklar, toplumlar",isim,C1,,Asian communities tend to be quite closed.,Asya toplulukları oldukça kapalı olma eğilimindedir.
"Alan Odaklı İsimler (Sağlık, Fen & Sosyal)",community,"halk, camia, topluluk",isim,B2,,He's a community leader.,O bir toplum lideri.
B2 İleri Akademik İsimler,company,"bölük, şirket, firma",isim,B2,,It's a big company.,O büyük bir şirkettir.
B2 İleri Akademik İsimler,comparing,"kıyaslama, karşılaştırma, kıyas",isim,B2,,Stop comparing yourself to others.,Kendini başlarıyla karşılaştırmayı kes.
C1 Üst Düzey Akademik İsimler,competence,"yeterlik, kabiliyet, yeterlilik",isim,C1,,I'm not questioning your competence.,Ben senin yeterliliğini sorgulamıyorum.
C1 Üst Düzey Akademik İsimler,complement,"tamamlamak, tümlemek, mürettebat",isim,C1,,The wine complemented the meal perfectly.,Şarap yemeği mükemmel şekilde tamamladı.
B2 İleri Akademik İsimler,complex,"karışık, blok, bileşik şey",isim,B2,,It's a complex issue.,Bu karmaşık bir konu.
C1 Üst Düzey Akademik İsimler,compliment,"kompliman, iltifat, övgü",isim,C1,,He paid me a compliment.,O bana iltifat etti.
C1 Üst Düzey Akademik İsimler,compliments,"selamlar, saygılar, tebrikler",isim,C1,,I got a lot of compliments on it.,Onun üzerine birçok övgü aldım.
B2 İleri Akademik İsimler,component,"bileşen, parça, cüz",isim,B2,,Electronic components can be cleaned using pure isopropyl alcohol.,Elektronik bileşenler saf izopropil alkol kullanarak temizlenebilir.
B2 İleri Akademik İsimler,composer,"yazar, bestekar, yaratıcı",isim,B2,,He is a famous composer.,O ünlü bir bestecidir.
"Alan Odaklı İsimler (Sağlık, Fen & Sosyal)",computing,"hesaplama, hesaplayan, programlama",isim,B2,,Boys are more interested in engineering and computing than girls.,Mühendislik ve bilgisayar alanında erkekler kızlara göre daha ilgili.
B2 İleri Akademik İsimler,concern,"ilgilendirmek, kaygı, endişe",isim,B2,,It's a big concern.,Bu büyük bir ilgi.
C1 Üst Düzey Akademik İsimler,conclusion,"sonuç, bitim, ceza",isim,C1,,It's a foregone conclusion.,Bu kaçınılmaz bir sonuç.
C1 Üst Düzey Akademik İsimler,conclusions,"sonuçlar bildirgesi, sonuçlar",isim,C1,,Don't jump to conclusions.,Sonuçlara atlamayın.
B2 İleri Akademik İsimler,condition,"şartlandırmak, hal, koşul",isim,B2,,I'm in good condition.,İyi durumdayım.
C1 Üst Düzey Akademik İsimler,conditions,"koşullar, şartlar, ahval",isim,C1,,It depends on the conditions.,Şartlara bağlıdır.
B1 Temel Akademik İsimler,conf,conf,isim,B1,,The investigation highlighted the critical role of conf.,Soruşturma conf kavramının kritik rolünü vurguladı.
C1 Üst Düzey Akademik İsimler,confidence,"güven, mahremiyet, itimat",isim,C1,,I had confidence in him.,Ona güvenim vardı.
C1 Üst Düzey Akademik İsimler,connection,"bağ, bağlantı, alaka",isim,C1,,What's Tom's connection?,Tom'un bağlantısı nedir?
C1 Üst Düzey Akademik İsimler,connectivity,"bağlanırlık, bağlantısallık, bağlanabilirlik",isim,C1,,The investigation highlighted the critical role of connectivity.,Soruşturma bağlanırlık kavramının kritik rolünü vurguladı.
B2 İleri Akademik İsimler,conquer,"fethetmek, ele geçirmek, zaptetmek",isim,B2,,You must conquer your fear of the dark.,Karanlık korkunuzu yenmelisiniz.
C1 Üst Düzey Akademik İsimler,consequence,"netice, sonuç, semere",isim,C1,,It's of no consequence.,Bu önemsiz.
B2 İleri Akademik İsimler,consider,"durumu değerlendirmek, dikkate almak, göz önünde bulundurmak",isim,B2,,I consider it my duty.,Bunun görevim olduğunu düşünüyorum.
C1 Üst Düzey Akademik İsimler,constraint,"kısıtlama, baskı, kısıtlamak",isim,C1,,There are few legal constraints on the sale of firearms in the U.S.,ABD'de ateşli silah satışı üzerine birkaç yasal sınırlama vardır.
C1 Üst Düzey Akademik İsimler,construction,"yapı, inşaat, inşa",isim,C1,,I'm a construction worker.,Ben bir inşaat işçisiyım.
B2 İleri Akademik İsimler,contact,"ilişki kurmak, irtibat kurmak, temas etmek",isim,B2,,I can't contact Tom.,Tom'la iletişim kuramıyorum.
B2 İleri Akademik İsimler,container,"konteyner, kap, saklama kabı",isim,B2,,This container is completely watertight.,Bu kap tamamen su geçirmez.
C1 Üst Düzey Akademik İsimler,containers,"içecek kapları, yiyecek kapları, kap adedi",isim,C1,,Do you know what's in those containers?,Şu konteynerlerde ne olduğunu biliyor musun?
C1 Üst Düzey Akademik İsimler,containment,"tutma, kapsama, önleme",isim,C1,,The investigation highlighted the critical role of containment.,Soruşturma tutma kavramının kritik rolünü vurguladı.
"Alan Odaklı İsimler (Sağlık, Fen & Sosyal)",contamination,"pislik, kirletilme, bulaşım",isim,C1,,The investigation highlighted the critical role of contamination.,Soruşturma pislik kavramının kritik rolünü vurguladı.
B2 İleri Akademik İsimler,continent,"kıta, anakara, alan",isim,B2,,Africa is the poorest continent.,Afrika en yoksul kıtadır.
B2 İleri Akademik İsimler,control,"denetlemek, kontrol etmek, kontrol",isim,B2,,I can't control it.,Onu kontrol edemiyorum.
B1 Temel Akademik İsimler,copper,"bakır, bakır kaplamak, bakırlamak",isim,B1,,Copper and silver are both metals.,Bakır ve gümüş her ikisi de metaldir.
B1 Temel Akademik İsimler,core,"göbek, öz, çekirdek",isim,B1,,I don't eat the apple core.,Ben elma çekirdeği yemem.
B1 Temel Akademik İsimler,corner,"köşe, yakalamak, viraj almak",isim,B1,,It's at the corner.,O köşededir.
C1 Üst Düzey Akademik İsimler,corporation,"kurum, dernek, lonca",isim,C1,,She works for a large American corporation.,Büyük bir Amerikan şirketi için çalışıyor.
B2 İleri Akademik İsimler,countries,ülkeler,isim,B2,,I've been to many countries.,Birçok ülkeye gittim.
"Alan Odaklı İsimler (Sağlık, Fen & Sosyal)",court,"mahkeme, aranmak, yaltaklanmak",isim,B1,,I'll see you in court.,Mahkemede görüşürüz.
"Alan Odaklı İsimler (Sağlık, Fen & Sosyal)",courtroom,mahkeme salonu,isim,B2,,Justice is found in a courtroom.,Adalet mahkeme salonunda bulunur.
"Alan Odaklı İsimler (Sağlık, Fen & Sosyal)",courtrooms,mahkeme salonu,isim,C1,,The investigation highlighted the critical role of courtrooms.,Soruşturma mahkeme salonu kavramının kritik rolünü vurguladı.
B1 Temel Akademik İsimler,cover,"örtmek, kaplamak, kılıf",isim,B1,,I'll cover for you.,Ben seni koruyacağım.
B2 İleri Akademik İsimler,coverage,"kapsam, olay kaydı, yayın alanı",isim,B2,,The mobile phone you have dialed is either switched off or outside the coverage area. Please try again later.,"Aradığınız telefon ya kapalı ya da kapsama alanı dışında, lütfen daha sonra tekrar deneyiniz."
B2 İleri Akademik İsimler,creating,"yaratma, oluşturma, oluşturulan",isim,B2,,I'm interested in creating my own website.,Ben kendi web sitemi oluşturmakla ilgileniyorum.
B2 İleri Akademik İsimler,creation,"kreasyon, icat, yaratma",isim,B2,,That has allowed the creation of 4.000 new jobs.,O 4.000 yeni istihdam yaratılmasını sağladı.
B2 İleri Akademik İsimler,creature,"varlık, yaratık, mahluk",isim,B2,,I'm a creature of habit.,Ben bir alışkanlıkların insanıyım.
B1 Temel Akademik İsimler,crew,"tayfa, mürettebat, kitle",isim,B1,,I have a good crew.,İyi bir ekibim var.
B1 Temel Akademik İsimler,crisis,"bunalım, buhran, kriz",isim,B1,,I'm having a crisis.,Krizdeyim.
"Alan Odaklı İsimler (Sağlık, Fen & Sosyal)",cultures,"yeni kültürlerle tanışmak, eski kültürler, kültür başkenti",isim,B2,,There are many cultures on Earth.,Dünyada birçok kültür vardır.
B2 İleri Akademik İsimler,curiosity,"merak, tuhaf şey, tuhaf tip",isim,B2,,I did it out of curiosity.,Bunu meraktan dolayı yaptım.
B2 İleri Akademik İsimler,curtain,"perde, perdelemek, perde takmak",isim,B2,,Can I open the curtain?,Perdeyi açabilir miyim?
B1 Temel Akademik İsimler,cycle,"devir, çevrim, pedal çevirmek",isim,B1,,"Wow, what a vicious cycle.","Vay, ne kısır bir döngü."
B1 Temel Akademik İsimler,dam,"baraj, büğemek, zapt etmek",isim,B1,,I live near a dam.,Ben bir baraj yakınında yaşıyorum.
B1 Temel Akademik İsimler,damage,"zarar vermek, zarar, hasar",isim,B1,,How bad is the damage?,Hasar ne kadar kötü?
B1 Temel Akademik İsimler,dams,"barajlar, yavaşlatıcılar",isim,B1,,The investigation highlighted the critical role of dams.,Soruşturma barajlar kavramının kritik rolünü vurguladı.
B1 Temel Akademik İsimler,danger,"tehlike, risk, varta",isim,B1,,"I'm in danger, too.",Ben de tehlikedeyim.
B1 Temel Akademik İsimler,dat,-e hali,isim,B1,,I don't go on blind dates.,Tanışma randevularına gitmem.
B1 Temel Akademik İsimler,data,"veri, bilgi, girdi",isim,B1,information,I've analyzed the data.,Veriyi analiz ettik.
B1 Temel Akademik İsimler,dating,"yaşlandırma, buluşma, tanışma",isim,B1,,I'm not dating Tom.,Ben Tom'la flört etmiyorum.
B1 Temel Akademik İsimler,days,"eyyam, yaşam, günler",isim,B1,,It went on for days.,O günlerce devam etti.
B2 İleri Akademik İsimler,daytime,"gündüz, gün, iş günü",isim,B2,,Stars cannot be seen in the daytime.,Yıldızlar gündüzün görülemez.
B1 Temel Akademik İsimler,death,"ölüm, vefat, katil",isim,B1,,I'm on death row.,Ben ölüm hücresindeyim.
B1 Temel Akademik İsimler,decade,"10 yıl, on yıl, onlu grup",isim,B1,,I lost my son about a decade ago.,Yaklaşık on yıl önce oğlumu kaybettim.
B2 İleri Akademik İsimler,decades,on yıllar,isim,B2,,It hasn't been this hot in decades.,On yıllardır bu kadar sıcak görülmemişti.
B2 İleri Akademik İsimler,decision,"karar, yargı, emir",isim,B2,,It's Tom's decision.,"O, Tom'un kararı."
B1 Temel Akademik İsimler,defect,"bozukluk, arıza, kusur",isim,B1,,A quick temper is the only defect in her character.,Karakterindeki tek kusur hızlı bir öfke.
"Alan Odaklı İsimler (Sağlık, Fen & Sosyal)",deforestation,"orman açma, ormanları tahrip etme, ormansızlaşma",isim,C1,,Their habitat is threatened by deforestation.,Onların yetişme ortamı ormansızlaşma tarafından tehdit ediliyor.
B2 İleri Akademik İsimler,deliver,"teslim etmek, yapmak, yapıştırmak",isim,B2,,I'll deliver the box.,Kutuyu teslim edeceğim.
C1 Üst Düzey Akademik İsimler,depression,"çöküntü, depresyon, bunalım",isim,C1,,She's in a depression.,O bir depresyonda.
B1 Temel Akademik İsimler,depth,"derinlik, dip, bilinçaltı",isim,B1,,We measured the depth of the river.,Nehrin derinliğini ölçtük.
B1 Temel Akademik İsimler,design,"dizayn etmek, tasarlamak, tasarım",isim,B1,,It's a design flaw.,Bu bir tasarım kusuru.
B1 Temel Akademik İsimler,desire,"istek duymak, arzulamak, arzu etmek",isim,B1,,I have no desire to try.,Denemek için hiç arzum yok.
B2 İleri Akademik İsimler,detriment,"muhatara, muzır, zarar",isim,B2,,The investigation highlighted the critical role of detriment.,Soruşturma muhatara kavramının kritik rolünü vurguladı.
C1 Üst Düzey Akademik İsimler,development,"gelişim, gelişme, adet edinme",isim,C1,,This is a huge development.,Bu büyük bir gelişme.
B1 Temel Akademik İsimler,device,"cihaz, alet, nişan",isim,B1,,How is this device used?,Bu cihaz nasıl kullanılır?
B2 İleri Akademik İsimler,devices,aygıtlar,isim,B2,,All these devices are unreliable.,Bütün bu cihazlar güvenilir değil.
B1 Temel Akademik İsimler,di,"iki, çift, di",isim,B1,,Everyone dies sooner or later.,Herkes er ya da geç ölür.
"Alan Odaklı İsimler (Sağlık, Fen & Sosyal)",diagnosis,"teşhis, tanı, belirtme",isim,B2,,It's a plausible diagnosis.,Bu makul bir tanı.
B2 İleri Akademik İsimler,diamond,"elmas, camcı keskisi, baklava şekli",isim,B2,,Is that a real diamond?,O gerçek bir elmas mı?
"Alan Odaklı İsimler (Sağlık, Fen & Sosyal)",diet,"diyet, perhiz, perhiz vermek",isim,B1,,I'm on a diet.,Ben diyetteyim.
"Alan Odaklı İsimler (Sağlık, Fen & Sosyal)",dietician,"diyetisyen, beslenme uzmanı, beslenme eğitimcisi",isim,B2,,The investigation highlighted the critical role of dietician.,Soruşturma diyetisyen kavramının kritik rolünü vurguladı.
"Alan Odaklı İsimler (Sağlık, Fen & Sosyal)",dietitian,"diyetisyen, diyet uzmanı, beslenme uzmanı",isim,B2,,The investigation highlighted the critical role of dietitian.,Soruşturma diyetisyen kavramının kritik rolünü vurguladı.
"Alan Odaklı İsimler (Sağlık, Fen & Sosyal)",dietitians,"diyetisyen, diyet uzmanı, beslenme uzmanı",isim,C1,,The investigation highlighted the critical role of dietitians.,Soruşturma diyetisyen kavramının kritik rolünü vurguladı.
C1 Üst Düzey Akademik İsimler,difficulty,"zorluk, güçlük, açmazlık",isim,C1,,Are you in any difficulty?,Herhangi bir sıkıntı içinde misin?
B2 İleri Akademik İsimler,digging,"kazma, maden, kazı",isim,B2,"excavation, mining, burrowing",I'm digging a hole.,Bir çukur kazıyorum.
B2 İleri Akademik İsimler,director,"yönetici, yönetmen, müdür",isim,B2,,Who became the new director?,Kim yeni yönetici oldu?
C1 Üst Düzey Akademik İsimler,disappearance,"gözden kaybolma, kaybolma, yok olma",isim,C1,,Everyone knows about Tom's disappearance.,Herkes Tom'un kaybolduğunu biliyor.
C1 Üst Düzey Akademik İsimler,disappointment,"hüsran, hayal kırıklığı, ümidi boşa çıkma",isim,C1,,It was a huge disappointment.,Bu büyük bir hayal kırıklığıydı.
B2 İleri Akademik İsimler,discharge,"taburcu etmek, tahliye etmek, tahliye",isim,B2,,I have a discharge from my left ear.,Benim sol kulağımda bir akıntı var.
C1 Üst Düzey Akademik İsimler,discomfort,"rahatsız etmek, rahatsızlık, bozmak",isim,C1,,Are you experiencing any discomfort?,Bir rahatsızlık hissediyor musunuz?
"Alan Odaklı İsimler (Sağlık, Fen & Sosyal)",discover,"keşfetmek, çıkarmak, anlamak",isim,B2,,How did you discover that?,Sen onu nasıl keşfettin?
"Alan Odaklı İsimler (Sağlık, Fen & Sosyal)",discoveries,"coğrafyada keşifler, bilimde keşifler, altın aramaları",isim,C1,,She made a series of medical discoveries.,O bir dizi tıbbi keşifler yaptı
"Alan Odaklı İsimler (Sağlık, Fen & Sosyal)",discovering,buluculuk,isim,C1,,Learning another language means discovering a new world.,"Başka bir dil öğrenmek, yeni bir dünya keşfetmek demektir."
"Alan Odaklı İsimler (Sağlık, Fen & Sosyal)",discovery,"buluş, bulgu, keşif",isim,B2,,I've made a discovery.,Bir keşif yaptım.
C1 Üst Düzey Akademik İsimler,discussion,"tartışma, müzakere, bahis",isim,C1,,We had a heated discussion.,Hararetli bir tartışmamız vardı.
"Alan Odaklı İsimler (Sağlık, Fen & Sosyal)",disease,"hastalık, sayrılık, maraz",isim,B2,,It's a bad disease.,Bu kötü bir hastalık.
"Alan Odaklı İsimler (Sağlık, Fen & Sosyal)",diseases,hastalıklar,isim,B2,,Many diseases result from poverty.,Birçok hastalık yoksulluktan kaynaklanır.
B2 İleri Akademik İsimler,disparity,"farklılık, uyumsuzluk, ihtilaf",isim,B2,,The investigation highlighted the critical role of disparity.,Soruşturma farklılık kavramının kritik rolünü vurguladı.
B2 İleri Akademik İsimler,display,"sergilemek, gösterme, teşhir",isim,B2,,His latest works are on temporary display.,Onun en son çalışmaları geçici sergide.
B2 İleri Akademik İsimler,dispute,"çekişmek, tartışmak, tartışma",isim,B2,,I won't dispute that.,Onu tartışmayacağım.
B2 İleri Akademik İsimler,distance,"mesafe, uzaklık, geride bırakmak",isim,B2,,I can't judge distance.,Mesafeyi tahmin edemem.
C1 Üst Düzey Akademik İsimler,disturbance,"kargaşa, rahatsızlık, rahatsız etme",isim,C1,,The police intervened in the disturbance.,Polis rahatsızlığa müdahale etti.
C1 Üst Düzey Akademik İsimler,disturbances,fitne,isim,C1,,The investigation highlighted the critical role of disturbances.,Soruşturma fitne kavramının kritik rolünü vurguladı.
B1 Temel Akademik İsimler,dive,"dalmak, dove/dived - dived, dived/dove - dived",isim,B1,,I know how to dive.,Nasıl dalacağımı biliyorum.
B1 Temel Akademik İsimler,diver,"dalgıç, dalış yapan kimse, dalgıçkuşu",isim,B1,,The divers didn't make it back.,Dalgıçlar geri dönmedi.
B2 İleri Akademik İsimler,diversity,"çeşitlilik, değişik tür, çeşit",isim,B2,,There's so much diversity.,Pek çok çeşitlilik var.
B1 Temel Akademik İsimler,diving,"dalış, pike, dalma",isim,B1,,He is good at diving.,"O, dalmada iyidir."
B2 İleri Akademik İsimler,division,"bölme, sınır, tefrika",isim,B2,,What division of the company do you work in?,Şirketin hangi bölümünde çalışıyorsun?
B1 Temel Akademik İsimler,doc,"doktor, belge, bel",isim,B1,,"""Doc"" is an abbreviation of ""doctor"".","""Doktor"" kelimesinin kısaltması ""Dr."" dir."
"Alan Odaklı İsimler (Sağlık, Fen & Sosyal)",doctors,"doktorların ihmalinden öldüğü iddia edilmek, doktorlara yönelik düşüncesini/tavrını vs değiştirmek, doktorların dağılımı",isim,B2,,I don't like doctors.,Doktorları sevmem.
B1 Temel Akademik İsimler,doing,"faaliyet, yapma, meydana getirme",isim,B1,,I'm doing it now.,Onu şimdi yapıyorum.
B1 Temel Akademik İsimler,don't,yapılmaması gereken şey,isim,B1,,The investigation highlighted the critical role of don't.,Soruşturma yapılmaması gereken şey kavramının kritik rolünü vurguladı.
B2 İleri Akademik İsimler,donating,"bağışlama, bağışta bulunma",isim,B2,,She's donating money for cancer research.,Kanser araştırmaları için para bağışında bulunuyor.
B2 İleri Akademik İsimler,dosages,dozaj spektrumu,isim,B2,,The investigation highlighted the critical role of dosages.,Soruşturma dozaj spektrumu kavramının kritik rolünü vurguladı.
B2 İleri Akademik İsimler,drawing,"çizme, çekme, çizim",isim,B2,,I'm good at drawing.,Ben resim çizmede iyiyim.
"Alan Odaklı İsimler (Sağlık, Fen & Sosyal)",drug,"ilaç, uyuşturmak, ilaç vermek",isim,B1,medication,It's like a drug.,O bir ilaç gibi.
B1 Temel Akademik İsimler,duty,"görev, vazife, saygı",isim,B1,,I'm not on duty.,Ben görevde değilim.
B1 Temel Akademik İsimler,each,"her biri, herbir, beher",isim,B1,,I like each of them.,Onların ikisini de severim.
B1 Temel Akademik İsimler,ease,"rahatlatmak, kolaylaştırmak, rahatlamak",isim,B1,,I felt ill at ease.,Ben huzursuz oldum.
B2 İleri Akademik İsimler,education,"öğretim, eğitim, öğrenim",isim,B2,,He had a classic education.,"O, klasik bir eğitim aldı."
B1 Temel Akademik İsimler,effect,"tesir, etki, etkisi olmak",isim,B1,,How did this effect you?,Bu seni nasıl etkiledi?
B2 İleri Akademik İsimler,effects,"eşya, efekt, kişisel eşyalar",isim,B2,,There were no side effects.,Hiçbir yan etki yoktu.
B2 İleri Akademik İsimler,efficacy,"efikasite, etkililik, fayda",isim,B2,,The investigation highlighted the critical role of efficacy.,Soruşturma efikasite kavramının kritik rolünü vurguladı.
C1 Üst Düzey Akademik İsimler,efficiency,"liyakat, yeterlik, hızlı ve verimli çalışma",isim,C1,,The investigation highlighted the critical role of efficiency.,Soruşturma liyakat kavramının kritik rolünü vurguladı.
B1 Temel Akademik İsimler,effort,"efor, çaba, gayret",isim,B1,,It's a group effort.,Bu bir grup çabasıdır.
B2 İleri Akademik İsimler,efforts,mesai,isim,B2,,His efforts were in vain.,Çabaları boşunaydı.
B1 Temel Akademik İsimler,either,"iki, her, her iki",isim,B1,,I don't know either.,Ben de bilmiyorum.
B2 İleri Akademik İsimler,election,"seçim, intihap, tercih",isim,B2,,He won the next election.,"O, bir sonraki seçimi kazandı."
C1 Üst Düzey Akademik İsimler,electricity,"elektrik, cereyan, çıngı",isim,C1,,There's no more electricity.,Artık elektrik yok.
B2 İleri Akademik İsimler,element,"eleman, unsur, doğa şartları",isim,B2,,Motivation is a key element.,Motivasyon anahtar unsurdur.
B2 İleri Akademik İsimler,elements,"ilk adımlar, başlangıç, doğa güçleri",isim,B2,,Iridium is one of the rarest elements.,İridyum en ender elementlerden biridir.
B2 İleri Akademik İsimler,eliciting,"aydınlığa çıkartma, sağlama, temin etme",isim,B2,,The investigation highlighted the critical role of eliciting.,Soruşturma aydınlığa çıkartma kavramının kritik rolünü vurguladı.
"Alan Odaklı İsimler (Sağlık, Fen & Sosyal)",emissions,emisyonlar,isim,B2,,It is said that global warming is directly related to carbon dioxide emissions.,Küresel ısınmanın karbondioksit emisyonu ile doğrudan ilgili olduğu söyleniyor.
B2 İleri Akademik İsimler,employe,"bir başkası hesabına ücret karşılığında çalışan kimse, çalışan, memur",isim,B2,,I'm one of your employees.,Ben çalışanlarınızdan biriyim.
B2 İleri Akademik İsimler,employee,"işçi, eleman, çalışan",isim,B2,,I'm a bank employee.,Ben bir banka personeliyim.
B2 İleri Akademik İsimler,employer,"işveren, patron, çalıştıran",isim,B2,,You should speak with your employer.,Patronunla konuşmalısın.
B2 İleri Akademik İsimler,empower,"izin vermek, yetki vermek, güçlendirmek",isim,B2,,I want to empower the people.,İnsanları güçlendirmek istiyorum.
C1 Üst Düzey Akademik İsimler,empowering,"salahiyet tanıma, müsaade etme, salahiyet verme",isim,C1,,The investigation highlighted the critical role of empowering.,Soruşturma salahiyet tanıma kavramının kritik rolünü vurguladı.
B2 İleri Akademik İsimler,endanger,"tehlikeye atmak, zarar vermek, kayıp vermek",isim,B2,,It is an endangered species.,Nesli tükenmekte olan bir türdür.
B2 İleri Akademik İsimler,endeavor,"çabalamak, gayret etmek, uğraşmak",isim,B2,,This is a worthwhile endeavor.,Bu değerli bir çaba.
"Alan Odaklı İsimler (Sağlık, Fen & Sosyal)",energies,"avrupa yenilenebilir enerji birliği, özgül sinir enerjisi doktrini, özgül sinir enerjileri",isim,B2,,I concentrated all my energies on the problem.,Tüm enerjimi sorun üzerinde yoğunlaştırdım.
"Alan Odaklı İsimler (Sağlık, Fen & Sosyal)",energy,"enerji, kuvvet, derman",isim,B1,,He is full of energy.,O kişi çok enerjik.
B1 Temel Akademik İsimler,engine,"motor, makine takmak, itfaiye arabası",isim,B1,,I got the engine going.,Motoru çalıştırdım.
B2 İleri Akademik İsimler,engineer,"mühendis, mühendisliğini yapmak, planlayıp düzenlemek",isim,B2,,I'm not an engineer.,Ben bir mühendis değilim.
B2 İleri Akademik İsimler,engineers,mühendisler,isim,B2,,We're looking for engineers.,Mühendis arıyoruz.
B2 İleri Akademik İsimler,enhance,"arttırmak, yükseltmek, artırmak",isim,B2,"improve, boost, strengthen",Can we enhance the image?,Görüntüyü büyütebilir miyiz?
C1 Üst Düzey Akademik İsimler,enhancement,"artırılma, iyileştirme, artış",isim,C1,,Numerous other enhancements were added.,Sayısız başka iyileştirme eklendi.
B1 Temel Akademik İsimler,enigma,"bilmece, gizem, anlaşılmaz kimse",isim,B1,,The investigation highlighted the critical role of enigma.,Soruşturma bilmece kavramının kritik rolünü vurguladı.
B2 İleri Akademik İsimler,ensuring,sigortalama,isim,B2,,The investigation highlighted the critical role of ensuring.,Soruşturma sigortalama kavramının kritik rolünü vurguladı.
B1 Temel Akademik İsimler,enters,"depresyona girmiş, karamsarlığa düşmüş, çaresizliğe/umutsuzluğa düşmüş",isim,B1,,Make sure that nobody enters.,Kimsenin girmediğinden emin ol.
C1 Üst Düzey Akademik İsimler,entertainment,"eğlence, alem, ziyafet",isim,C1,,Music is a form of entertainment.,Müzik bir eğlence şeklidir.
C1 Üst Düzey Akademik İsimler,enthusiasm,"heves, coşkunluk, coşku",isim,C1,,I love Tom's enthusiasm.,Tom'un hevesini seviyorum.
"Alan Odaklı İsimler (Sağlık, Fen & Sosyal)",environment,"çevre, ortam, etraf",isim,C1,,It's a hostile environment.,Bu düşmanca bir ortam.
"Alan Odaklı İsimler (Sağlık, Fen & Sosyal)",environments,"endüstriyel ortamlar, daha zorlu ortamlarda, finansal çevreler",isim,C1,,Rural environments are too quiet for me.,Kırsal ortamlar benim için çok sessiz.
C1 Üst Düzey Akademik İsimler,equilibrium,"denge, balans, kararlılık",isim,C1,,The investigation highlighted the critical role of equilibrium.,Soruşturma denge kavramının kritik rolünü vurguladı.
B2 İleri Akademik İsimler,equipment,"teçhizat, araç gereç, donanım",isim,B2,,All equipment must be sanitized.,Tüm ekipmanlar dezenfekte edilmelidir.
B1 Temel Akademik İsimler,es,"es, aynştayniyum'un kimyasal simgesi, aynştanyumun simgesi",isim,B1,,The investigation highlighted the critical role of es.,Soruşturma es kavramının kritik rolünü vurguladı.
C1 Üst Düzey Akademik İsimler,establishing,"tesis, kurma, tesbit",isim,C1,,The investigation highlighted the critical role of establishing.,Soruşturma tesis kavramının kritik rolünü vurguladı.
C1 Üst Düzey Akademik İsimler,establishment,"kuruluş, kurum, tesis",isim,C1,,The investigation highlighted the critical role of establishment.,Soruşturma kuruluş kavramının kritik rolünü vurguladı.
B2 İleri Akademik İsimler,europeans,avrupalılar,isim,B2,,Europeans like to drink wine.,Avrupalılar şarap içmek isterler.
C1 Üst Düzey Akademik İsimler,evaluation,"değerlendirme, ölçüm, değer tahmini",isim,C1,,We want a complete evaluation.,Tam bir değerlendirme istiyoruz.
B1 Temel Akademik İsimler,event,"olay, aksiyon, yarışma",isim,B1,,The event is on Monday.,Olay pazartesi günü.
B2 İleri Akademik İsimler,evidence,"kanıt, delil, açığa vurmak",isim,B2,,I need to see evidence.,Kanıt görmem gerek.
B1 Temel Akademik İsimler,evil,"fenalık, kötülük, kötü",isim,B1,,He is an evil man.,O kötü bir adam.
B2 İleri Akademik İsimler,evolution,"evrim, gelişim, arka arkaya gelme",isim,B2,,Do you believe in evolution?,Evrime inanıyor musun?
"Alan Odaklı İsimler (Sağlık, Fen & Sosyal)",examination,"inceleme, muayene, sınav",isim,C1,,He took an oral examination.,"O, bir sözlü sınava girdi."
B2 İleri Akademik İsimler,examining,"inceleme, soruşturma, tahkikat",isim,B2,,The police were examining their bags.,Polis onların çantalarını inceliyordu.
"Alan Odaklı İsimler (Sağlık, Fen & Sosyal)",excavation,"kazı, kazma, hafriyat",isim,C1,"digging, mining, unearthing",Human remains were found during the excavation.,Kazı sırasında insan kalıntıları bulundu.
B1 Temel Akademik İsimler,excess,"aşırılık, fazlalık, aşırıya kaçma",isim,B1,,You shouldn't eat to excess.,Çok fazla yememelisin.
B2 İleri Akademik İsimler,exchange,"takas etmek, değiş tokuş etmek, bozdurmak",isim,B2,,What do I get in exchange?,Karşılığında ne alırım?
C1 Üst Düzey Akademik İsimler,excitement,"heyecan, galeyan, coşku",isim,C1,,What's all the excitement?,Bütün bu heyecan ne?
C1 Üst Düzey Akademik İsimler,exhibition,"sergi, gösteri, şölen",isim,C1,,The exhibition is now open.,Sergi şimdi açık.
B1 Temel Akademik İsimler,exist,"var olmak, geçinmek, bulunmak",isim,B1,,Do you think aliens exist?,Sence uzaylılar var mı?
B2 İleri Akademik İsimler,existence,"mevcudiyet, varlık, varoluş",isim,B2,,We believe in the existence of God.,Biz Allah'ın varlığına inanıyoruz.
B2 İleri Akademik İsimler,expansion,"genleşme, ilerleme, gelişme",isim,B2,,The investigation highlighted the critical role of expansion.,Soruşturma genleşme kavramının kritik rolünü vurguladı.
C1 Üst Düzey Akademik İsimler,expectation,"beklenti, ümit, olasılık",isim,C1,,It fell short of my expectation.,"O, beklentimi karşılamadı."
C1 Üst Düzey Akademik İsimler,expectations,"beklentiler, bekleyiş, tahmin",isim,C1,,Tom's expectations are clear.,Tom'un beklentileri açık.
C1 Üst Düzey Akademik İsimler,experience,"deneyim, tecrübe, görmek",isim,C1,,It was a bad experience.,Kötü bir deneyimdi.
C1 Üst Düzey Akademik İsimler,experiences,"deneyimler, yaşananlar",isim,C1,,I've had similar experiences.,Benzer deneyimler yaşadım.
C1 Üst Düzey Akademik İsimler,experiencing,"deneyim, deneyim etme",isim,C1,,Are you experiencing any discomfort?,Bir rahatsızlık hissediyor musunuz?
"Alan Odaklı İsimler (Sağlık, Fen & Sosyal)",experiment,"deney, deney yapmak, deney uygulamak",isim,C1,,I know it's an experiment.,Bunun bir deney olduğunu biliyorum.
"Alan Odaklı İsimler (Sağlık, Fen & Sosyal)",experiments,deneyler,isim,C1,,The experiments led to great discoveries.,Deneyler büyük buluşlara yol açtı.
C1 Üst Düzey Akademik İsimler,expertness,"bilirkişilik, ustalık, uzmanlık",isim,C1,,The investigation highlighted the critical role of expertness.,Soruşturma bilirkişilik kavramının kritik rolünü vurguladı.
"Alan Odaklı İsimler (Sağlık, Fen & Sosyal)",explanation,"açıklama, izah, anlam",isim,C1,,I'd like an explanation.,Bir açıklama istiyorum.
C1 Üst Düzey Akademik İsimler,exploration,"keşif, araştırma, inceleme",isim,C1,,The investigation highlighted the critical role of exploration.,Soruşturma keşif kavramının kritik rolünü vurguladı.
C1 Üst Düzey Akademik İsimler,extinction,"söndürme, feshetme, sönme",isim,C1,,They are in danger of extinction.,Onlar yok olma tehdidi altında.
B1 Temel Akademik İsimler,faa,federal havacılık idaresi,isim,B1,,The investigation highlighted the critical role of faa.,Soruşturma federal havacılık idaresi kavramının kritik rolünü vurguladı.
B1 Temel Akademik İsimler,fact,"vaka, gerçek durum, vak’a",isim,B1,,Here's a fun fact.,İşte eğlenceli bir vaka.
B1 Temel Akademik İsimler,factor,"etken, faktör, etmen",isim,B1,,Cost is also a factor.,Maliyet de bir faktördür.
B2 İleri Akademik İsimler,failure,"yapmayış, başarısızlık, arıza",isim,B2,,The party was a failure.,Parti bir fiyaskoydu.
"Alan Odaklı İsimler (Sağlık, Fen & Sosyal)",failures,"arızalar arası ortalama zaman, banka iflasları, işletme başarısızlıkları",isim,B2,,We're going to have failures.,Hatalarımız olacak.
B2 İleri Akademik İsimler,falling,"düşüş, düşme, sukut",isim,B2,,Are you falling for me?,Bana âşık mısın?
B1 Temel Akademik İsimler,fauna,"bölge hayvanlarının tümü, hayvanat, fauna",isim,B1,,The investigation highlighted the critical role of fauna.,Soruşturma bölge hayvanlarının tümü kavramının kritik rolünü vurguladı.
B1 Temel Akademik İsimler,fear,"korkmak, korku, kuşkulanmak",isim,B1,,I don't fear them.,Onlardan korkmuyorum.
B1 Temel Akademik İsimler,feels,"ağlarsa anam ağlar, gerisi yalan ağlar, duygular, duygularını/hislerini kabartmak",isim,B1,,I know how it feels.,Nasıldır bilirim.
B1 Temel Akademik İsimler,felt,"keçe, keçe ile kaplamak, keçe yapmak",isim,B1,,I felt a bit tired.,Biraz yorgun hissettim.
B1 Temel Akademik İsimler,fever,"ateş, ateşlenmek, telaş",isim,B1,,I've got a fever.,Ateşim var.
B1 Temel Akademik İsimler,field,"tarla, alan, saha",isim,B1,,I ran across the field.,Sahayı koşarak geçtim.
B1 Temel Akademik İsimler,figure,"rakam, şekil, yer almak",isim,B1,,I'll figure it out.,Ben bunu halledeceğim.
B2 İleri Akademik İsimler,figures,"eşkal, rakamsal veriler",isim,B2,,He added up the figures.,"O, rakamları topladı."
B2 İleri Akademik İsimler,finding,"bulma, bulgu, keşfedilmiş şey",isim,B2,,Finding work wasn't easy.,İş bulmak kolay değildi.
B2 İleri Akademik İsimler,findings,"araç gereç, bulgular, hükümler",isim,B2,,This study's findings were no surprise.,Bu çalışmanın ortaya koyduğu bulgular sürpriz olmadı.
B2 İleri Akademik İsimler,fitness,"formda olma, uygun olma, bedenen formda olma",isim,B2,,No one doubts her fitness for the post.,Onun görev için uygunluğundan hiç kimsenin kuşkusu yok.
B1 Temel Akademik İsimler,flavor,"tat duyusu, tat, lezzet",isim,B1,,What flavor do you want?,Ne çeşit istiyorsun?
B1 Temel Akademik İsimler,flow,"akmak, debi, akım",isim,B1,,We have a cash flow problem.,Nakit akışı sorunumuz var.
B2 İleri Akademik İsimler,flowers,çiçekler,isim,B2,,Did you get my flowers?,Çiçeklerimi aldın mı?
B1 Temel Akademik İsimler,flu,"grip, enflüanza, influenza",isim,B1,,He's got the flu.,O grip oldu.
B1 Temel Akademik İsimler,focus,"odaklanmak, odaklamak, odak noktası",isim,B1,,I need you to focus.,Odaklanmanı istiyorum.
B1 Temel Akademik İsimler,force,"zorlamak, baskı yapmak, mecbur etmek",isim,B1,,I'm in the air force.,Hava kuvvetlerindeyim.
B1 Temel Akademik İsimler,forces,"el ele vermek, kuvvetini toplamak, güç birliği yapmak",isim,B1,,Our forces occupied the city.,Birliklerimiz şehri ele geçirdi.
B2 İleri Akademik İsimler,forecast,"tahmin etmek, tahmin, forecast - forecast",isim,B2,,The weather forecast was right.,Hava durumu tahmini doğruydu.
B1 Temel Akademik İsimler,forel,rf -sismik siddet skalası,isim,B1,,The investigation highlighted the critical role of forel.,Soruşturma rf -sismik siddet skalası kavramının kritik rolünü vurguladı.
"Alan Odaklı İsimler (Sağlık, Fen & Sosyal)",forest,"orman, ağaçlandırmak, ormanlaştırmak",isim,B1,,We're in the forest.,Biz ormandayız.
"Alan Odaklı İsimler (Sağlık, Fen & Sosyal)",forestation,"ağaçlandırma, ormancılık",isim,C1,,The investigation highlighted the critical role of forestation.,Soruşturma ağaçlandırma kavramının kritik rolünü vurguladı.
"Alan Odaklı İsimler (Sağlık, Fen & Sosyal)",form,"biçimlendirmek, şekillendirmek, oluşturmak",isim,B1,,Heat is a form of energy.,Isı bir enerji şeklidir.
B2 İleri Akademik İsimler,formation,"oluşum, biçimlendirme, yapım",isim,B2,,The investigation highlighted the critical role of formation.,Soruşturma oluşum kavramının kritik rolünü vurguladı.
B1 Temel Akademik İsimler,former,"önceki, evvelki, biçimlendirici",isim,B1,retired,She was a former first lady.,"O, eski bir başkan karısıydı."
B1 Temel Akademik İsimler,forms,formlar,isim,B1,,Please fill out these forms.,Lütfen bu formları doldurun.
"Alan Odaklı İsimler (Sağlık, Fen & Sosyal)",fossil,"taşlaşmak, köhneleşmek, fosilleşmek",isim,B1,,He is a living fossil!,O yaşayan bir fosil!
B1 Temel Akademik İsimler,foster,"teşvik etmek, geliştirmek, büyütmek",isim,B1,"stimulate, encourage, promote, nurture",This song was written by Foster.,Bu şarkı Foster tarafından yazıldı.
B2 İleri Akademik İsimler,fostering,"besleme, gelişmesine yardım etme, teşvik etme",isim,B2,,The investigation highlighted the critical role of fostering.,Soruşturma besleme kavramının kritik rolünü vurguladı.
C1 Üst Düzey Akademik İsimler,foundation,"dayanak, vakıf, kuruluş",isim,C1,,The rumor was without foundation.,Söylenti temelsizdi.
B2 İleri Akademik İsimler,founding,"kuruluş, döküm, kurucu",isim,B2,,The investigation highlighted the critical role of founding.,Soruşturma kuruluş kavramının kritik rolünü vurguladı.
B2 İleri Akademik İsimler,freezing,"donma, dondurma, çok soğuk",isim,B2,,It's freezing in here.,Burada hava çok soğuk.
B1 Temel Akademik İsimler,front,"yönelmek, ön, cephe",isim,B1,,I sat in the front.,Ben önde oturdum.
B1 Temel Akademik İsimler,fruits,"meyveler, ürünler",isim,B1,,Fruits have seeds in them.,Meyvelerin içinde tohumları vardır.
C1 Üst Düzey Akademik İsimler,frustration,"hüsran, eziklik, hayal inkisarı",isim,C1,,I understand Tom's frustration.,Tom'un hayal kırıklığını anlıyorum.
B2 İleri Akademik İsimler,function,"işlev, fonksiyon, fonksiyonunu yerine getirmek",isim,B2,,We can't function like this.,Böyle görev yapamayız.
B2 İleri Akademik İsimler,functions,"fonksiyonlar, işlevler, fonksyionlar",isim,B2,,"When we are asleep, bodily functions slow down and body temperature falls.",Uyuduğumuzda vücut fonksiyonları yavaşlar ve vücut sıcaklığı düşer.
"Alan Odaklı İsimler (Sağlık, Fen & Sosyal)",fund,"kaynak, sermaye, fon",isim,B1,,He's good at fund raising.,"O, fon sağlamada iyidir."
B1 Temel Akademik İsimler,fur,"kürk, kürk ile süslemek, kürk ile kaplamak",isim,B1,,Fur coats are on sale.,Kürk mantolar satışa sunulmuştur.
B1 Temel Akademik İsimler,future,"istikbal, gelecek, gelecek zaman",isim,B1,,I'm from the future.,Ben gelecekten geliyorum.
B2 İleri Akademik İsimler,galaxies,gökadalar,isim,B2,,There are many galaxies in the universe.,Evrende bir sürü galaksi vardır.
B1 Temel Akademik İsimler,galaxy,"galaksi, gökada, yıldızlar geçidi",isim,B1,,I wonder how many planets in our galaxy have life.,Galaksimizdeki kaç gezegende yaşam olduğunu merak ediyorum.
B2 İleri Akademik İsimler,gallery,"galeri, kemeraltı, lağım",isim,B2,,May I visit an art gallery?,Ben bir sanat galerisini ziyaret edebilir miyim?
B1 Temel Akademik İsimler,games,"spor, oyunlar",isim,B1,,I'm good at games.,Ben oyunlarda iyiyim.
B2 İleri Akademik İsimler,gardeners,bahçıvanlar,isim,B2,,Several gardeners look after the azaleas in the park.,Bazı bahçıvanlar parkta açelyalara bakarlar.
B2 İleri Akademik İsimler,gardens,bahçeler,isim,B2,,My father gardens on Sundays.,Babam Pazar günleri bahçe işleri yapar.
B1 Temel Akademik İsimler,gas,"benzin, gaz, övünmek",isim,B1,,I'm out of gas.,Benzinim bitti.
B2 İleri Akademik İsimler,gasoline,"benzin, gazolin, yakıt",isim,B2,,Gasoline is used for fuel.,Benzin yakıt için kullanılır.
B1 Temel Akademik İsimler,gate,"kapı, geçit, vana",isim,B1,,That's the main gate.,"O, ana kapıdır."
B1 Temel Akademik İsimler,gather,"toplanmak, devşirmek, bir araya getirmek",isim,B1,,We gather here once a week.,Haftada bir kez burada toplanırız.
B2 İleri Akademik İsimler,gathering,"toplanma, meclis, büzgü",isim,B2,,A crowd was gathering around him.,Onun etrafında bir kalabalık toplanıyordu.
B1 Temel Akademik İsimler,gen,"bilgi vermek, bilgi, tam bilgi",isim,B1,,Genes consist of a specific sequence of DNA.,Genler DNA'nın belirli bir sıralanmasından oluşur.
B2 İleri Akademik İsimler,genesis,"doğuş, oluş, başlangıç",isim,B2,,The investigation highlighted the critical role of genesis.,Soruşturma doğuş kavramının kritik rolünü vurguladı.
B1 Temel Akademik İsimler,genius,"dahi, koruyucu melek, öke",isim,B1,,I'm not a genius.,Ben deha değilim.
B1 Temel Akademik İsimler,genre,"tür, üslup, çeşit",isim,B1,,The investigation highlighted the critical role of genre.,Soruşturma tür kavramının kritik rolünü vurguladı.
B2 İleri Akademik İsimler,getting,"temin, edinme",isim,B2,,I'm getting a cat.,Bir kedi alıyorum.
B1 Temel Akademik İsimler,giving,"verme, bağışlama, hibe",isim,B1,,I'm not giving up.,Ben vazgeçmiyorum.
B2 İleri Akademik İsimler,glassies,bardakları ve kül tablalarını temizleyen kiş,isim,B2,,The investigation highlighted the critical role of glassies.,Soruşturma bardakları ve kül tablalarını temizleyen kiş kavramının kritik rolünü vurguladı.
B1 Temel Akademik İsimler,globe,"küre, küre biçimine getirmek, yeryuvarlağı",isim,B1,,She has traveled all over the globe.,"O, dünyanın her yerinde seyahat etti."
B1 Temel Akademik İsimler,goal,"gaye, erek, gol",isim,B1,,That isn't our goal.,Bizim amacımız o değil.
B1 Temel Akademik İsimler,goat,"teke, keçi, pis",isim,B1,,I want to be a goat.,Ben bir oğlak olmak istiyorum.
B1 Temel Akademik İsimler,going,"gidiş, ayrılış, tempo",isim,B1,,I'm going to go.,Gideceğim.
B1 Temel Akademik İsimler,gold,"altın, servet, altın para",isim,B1,,Here's a gold coin.,İşte altın bir sikke.
B2 İleri Akademik İsimler,goodness,"iyilik, ihsan, bir şeyin yararlı olan kısmı",isim,B2,,Thank goodness that's over.,Tanrıya şükür bitti.
B1 Temel Akademik İsimler,goods,"mal, yük, ayniyat",isim,B1,,The goods arrive by sea.,Mallar deniz yoluyla gelir.
"Alan Odaklı İsimler (Sağlık, Fen & Sosyal)",government,"hükümet, devlet yönetimi, siyasal bilgiler",isim,C1,,I'm a government worker.,Ben bir devlet işçisiyim.
"Alan Odaklı İsimler (Sağlık, Fen & Sosyal)",governments,"hükümetlerin meşruluğu, adlarına bu sözleşmenin imzalandığı hükümetler bundan sonra ""katılımcı devletler"" olarak anılacaktır, devletin kolu uzundur",isim,C1,,They were members of the local governments.,Onlar yerel yönetimin üyeleriydi.
"Alan Odaklı İsimler (Sağlık, Fen & Sosyal)",governor,"vali, banka müdürü, amir",isim,B2,,Will you run for governor?,Valilik için yarışacak mısın?
B1 Temel Akademik İsimler,grade,"puanlamak, sınıf, rütbe",isim,B1,,I got a bad grade.,Kötü bir not aldım.
B2 İleri Akademik İsimler,gravity,"yer çekimi, ciddilik, ağırbaşlılık",isim,B2,,Gravity stresses the human body.,Yerçekimi insan vücuduna baskı yapıyor.
B2 İleri Akademik İsimler,greater,"daha büyük, büyük",isim,B2,,Nothing would give me greater pleasure.,Hiçbir şey bana daha büyük bir zevk vermezdi.
C1 Üst Düzey Akademik İsimler,greenhouse,"sera, kış bahçesi, camekan",isim,C1,,I grow orchids in my greenhouse.,Seramda orkide yetiştiririm.
B1 Temel Akademik İsimler,ground,"yer, zemin, toprak",isim,B1,,I sat on the ground.,Yere oturdum.
B1 Temel Akademik İsimler,group,"grup, gruplandırmak, toplanmak",isim,B1,,It's Tom's group.,"O, Tom'un grubu."
B1 Temel Akademik İsimler,growth,"büyüme, nema, geliştirme",isim,B1,,High taxes stifle economic growth.,Yüksek vergiler ekonomik büyümeyi engelliyor.
B1 Temel Akademik İsimler,guard,"korumak, nöbetçi, muhafız",isim,B1,,I'm on guard here.,Burada nöbet tutuyorum.
B1 Temel Akademik İsimler,guest,"davetli, konuk, misafir",isim,B1,,I'm Tom's guest.,Ben Tom'un misafiriyim.
B1 Temel Akademik İsimler,guests,"konuklar, misafirler, davetliler",isim,B1,,You'll be my guests.,Benim misafirlerim olacaksınız.
C1 Üst Düzey Akademik İsimler,guidelines,"öneriler, ana esaslar, yönlendirici ilkeler",isim,C1,,I'm following the guidelines.,Ben yönergeleri izliyorum.
B1 Temel Akademik İsimler,habit,"alışkanlık, huy, yaradılış",isim,B1,,It's a bad habit.,Kötü bir alışkanlık.
B1 Temel Akademik İsimler,habits,"adetler, alışkanlıklar",isim,B1,,Man is a slave to habits.,"İnsan, alışkanlıklarının kölesidir."
B1 Temel Akademik İsimler,handle,"idare etmek, işlemek, ele almak",isim,B1,,I can't handle it.,Ben bunun üstesinden gelemem.
B1 Temel Akademik İsimler,harbor,"barındırmak, liman, beslemek",isim,B1,,The island has a fine harbor.,Adanın güzel bir limanı var.
B2 İleri Akademik İsimler,hardship,"zorluk, güçlük, yokluk",isim,B2,,He had to go through a lot of hardships.,Bir sürü zorluklardan geçmesi gerekiyordu.
B2 İleri Akademik İsimler,hardships,"hayatın zorlukları, şehir hayatının zorlukları, karşılaşılan zorluk",isim,B2,,He had to go through a lot of hardships.,Bir sürü zorluklardan geçmesi gerekiyordu.
B1 Temel Akademik İsimler,harms,"sigara içmenin zararları, sigaranın zararları, sigara sağlığa zararlıdır",isim,B1,,Carbon dioxide sometimes harms people.,Karbon dioksit bazen insanlara zarar verir.
B2 İleri Akademik İsimler,harvest,"hasat, hasat zamanı, biçmek",isim,B2,,The rains ruined the harvest.,Yağmurlar ürünü harap etti.
B1 Temel Akademik İsimler,hazard,"risk, tehlike, tehlikeye atmak",isim,B1,,That's a safety hazard.,Bu bir güvenlik tehlikesi.
B2 İleri Akademik İsimler,headlamp,"far, ön far, pupa feneri",isim,B2,,The investigation highlighted the critical role of headlamp.,Soruşturma far kavramının kritik rolünü vurguladı.
B2 İleri Akademik İsimler,headlight,"far, sonuçlanmak, pupa feneri",isim,B2,,The headlight doesn't work.,Far çalışmıyor.
C1 Üst Düzey Akademik İsimler,headlights,farlar,isim,C1,,The headlights don't work.,Farlar çalışmıyor.
"Alan Odaklı İsimler (Sağlık, Fen & Sosyal)",healing,"şifa, şifalı, sağlığına kavuşma",isim,B2,,Tom's leg is healing.,Tom'un bacağı iyileşiyor.
"Alan Odaklı İsimler (Sağlık, Fen & Sosyal)",health,"sıhhat, sağlık, afiyet",isim,B1,,How's Tom's health?,Tom'un sağlığı nasıl?
"Alan Odaklı İsimler (Sağlık, Fen & Sosyal)",healthcare,sağlık hizmeti,isim,C1,,Some healthcare workers spend more time doing paperwork than taking care of patients.,Bazı sağlık çalışanları hastalara bakmak yerine evrak işleri yaparak daha çok zaman geçirmektedirler.
B1 Temel Akademik İsimler,heat,"ısıtmak, sıcaklık, hararet",isim,B1,,I turned on the heat.,Isıyı açtım.
B2 İleri Akademik İsimler,heating,"ısınma, ısıtma, kızdırma",isim,B2,,I'm heating the room.,Odayı ısıtıyorum.
B1 Temel Akademik İsimler,heel,"topuk, topuk pası vermek, topuğunu yere vurarak dansetmek",isim,B1,,She's wearing high heels.,O yüksek topuklu giyiyor.
B1 Temel Akademik İsimler,height,"yükseklik, boy, yükselti",isim,B1,,"Line up by height, please.",Boy sırasına geçin lütfen.
B2 İleri Akademik İsimler,heritage,"miras, kalıtım, tereke",isim,B2,,You always tell me I should be proud of my heritage.,Bana her zaman mirasımla gurur duymam gerektiğini söylüyorsun.
B1 Temel Akademik İsimler,hiding,"dayak, saklama, sopa",isim,B1,,I'm hiding from Tom.,Tom'dan saklanıyorum.
B1 Temel Akademik İsimler,higher,"ileri, daha yüksek, daha yukarı",isim,B1,,I wish I had a higher salary.,Keşke daha yüksek bir maaşım olsaydı.
B1 Temel Akademik İsimler,hiking,"doğa yürüyüşü, günübirlik doğa yürüyüşü, fiyatları yükseltme",isim,B1,,I don't like hiking.,Yürüyüş sevmiyorum.
"Alan Odaklı İsimler (Sağlık, Fen & Sosyal)",hill,"tepe, toprak yığmak, tepelemek",isim,B1,,I ran up the hill.,Tepeye koştum.
B1 Temel Akademik İsimler,hinder,"engellemek, engel olmak, aksatmak",isim,B1,,He hindered me in my work.,"O, işimde beni engelledi."
B1 Temel Akademik İsimler,hint,"çıtlatmak, ima etmek, ima",isim,B1,,He gave me a hint.,O bana bir ipucu verdi.
B1 Temel Akademik İsimler,his,"eril onunki, onun, onunki",isim,B1,,He's on his way.,O yolda.
"Alan Odaklı İsimler (Sağlık, Fen & Sosyal)",history,"geçmiş, tarih, kayıtlar",isim,B2,,I am good at history.,Ben tarihte iyiyim.
B1 Temel Akademik İsimler,hit,"çarpmak, vurmak, isabet etmek",isim,B1,,I won't hit you.,Sana vurmayacağım.
B1 Temel Akademik İsimler,hole,"çukur, delik, kapanmak",isim,B1,,I fell into a hole.,Bir çukura düştüm.
B1 Temel Akademik İsimler,homes,"moruk, ahbap, evler",isim,B1,,People are losing their homes.,İnsanlar evlerini kaybediyor.
B1 Temel Akademik İsimler,hope,"ummak, umut etmek, ümit etmek",isim,B1,,I hope it's OK.,Umarım tamamdır.
B1 Temel Akademik İsimler,horror,"korku, istikrah, yılgı",isim,B1,,Do you like horror movies?,Korku filmlerini sever misin?
B1 Temel Akademik İsimler,host,"ağırlamak, ev sahibi, sunuculuk yapmak",isim,B1,,Who will host the party?,Partiye kim ev sahipliği yapacak?
B1 Temel Akademik İsimler,hour,"saat, vakit, zaman",isim,B1,,I'm an hour late.,Bir saat geciktim.
B1 Temel Akademik İsimler,hours,"saatler, saat, saatte bir doğrula",isim,B1,,Give me a few hours.,Bana birkaç saat ver.
B1 Temel Akademik İsimler,human,"insan, insani, insanlık",isim,B1,,I'm a human being.,Ben bir insanım.
B1 Temel Akademik İsimler,humor,"mizah, ayak uydurmak, suyuna gitmek",isim,B1,,We'd better humor Tom.,Tom'u neşelendirsek iyi olur.
B2 İleri Akademik İsimler,hydration,"hidratlama, hidrasyon, hidratasyon",isim,B2,,The investigation highlighted the critical role of hydration.,Soruşturma hidratlama kavramının kritik rolünü vurguladı.
C1 Üst Düzey Akademik İsimler,hypothesis,"hipotez, varsayım, kaziye",isim,C1,,It was only a hypothesis.,O sadece bir hipotezdi.
"Alan Odaklı İsimler (Sağlık, Fen & Sosyal)",identification,"kimlik saptama, aynileştirme, özdeşleştirme",isim,C1,,Can I see some identification?,Bir kimliğinizi görebilir miyim?
"Alan Odaklı İsimler (Sağlık, Fen & Sosyal)",illness,"hastalık, maraz, illet",isim,B2,,It's a serious illness.,Bu ciddi bir hastalık.
"Alan Odaklı İsimler (Sağlık, Fen & Sosyal)",immunity,"bağışıklık, ayrıcalık, masuniyet",isim,B2,,The investigation highlighted the critical role of immunity.,Soruşturma bağışıklık kavramının kritik rolünü vurguladı.
B1 Temel Akademik İsimler,imp,"bir kuşun uçuş gücünü artırmak için kanat veya kuyruğuna tüy eklemek, kuvvetlendirmek, parça takarak bir tüyü onarmak",isim,B1,,The investigation highlighted the critical role of imp.,Soruşturma bir kuşun uçuş gücünü artırmak için kanat veya kuyruğuna tüy eklemek kavramının kritik rolünü vurguladı.
B1 Temel Akademik İsimler,impact,"darbe, etki, çarpma",isim,B1,,The storm had a bad impact on the crops.,Fırtınanın ürünlerin üzerinde kötü bir etkisi vardı.
B2 İleri Akademik İsimler,impacts,"olumsuz etkiler, havacılığın çevresel etkileri, mali olmayan nicel etkiler",isim,B2,,The investigation highlighted the critical role of impacts.,Soruşturma olumsuz etkiler kavramının kritik rolünü vurguladı.
B2 İleri Akademik İsimler,implement,"uygulamak, hayata geçirmek, yürütmek",isim,B2,"apply, conduct, execute, carry out",These implements are in common use.,Bu araçlar ortak kullanımdadır.
C1 Üst Düzey Akademik İsimler,implementation,"uygulama, yürürlüğe koyma, uyarlama",isim,C1,,The investigation highlighted the critical role of implementation.,Soruşturma uygulama kavramının kritik rolünü vurguladı.
"Alan Odaklı İsimler (Sağlık, Fen & Sosyal)",importance,"önem, saygınlık, etki",isim,C1,,It's of no importance.,Bu önemli değil.
C1 Üst Düzey Akademik İsimler,impression,"izlenim, etki, baskı",isim,C1,,He makes a bad impression.,Kötü bir izlenim bırakıyor.
B2 İleri Akademik İsimler,improper,"uygun olmayan, yersiz, çirkin",isim,B2,,The investigation highlighted the critical role of improper.,Soruşturma uygun olmayan kavramının kritik rolünü vurguladı.
C1 Üst Düzey Akademik İsimler,improvement,"gelişim, ilerleme, iyileşme",isim,C1,,That would be an improvement.,Bu bir gelişme olur.
B2 İleri Akademik İsimler,improving,"düzeltme, iyileştirme, geliştirme",isim,B2,,He is improving in health.,"O, sağlıkta gelişmektedir."
"Alan Odaklı İsimler (Sağlık, Fen & Sosyal)",incident,"hadise, olay, yük",isim,B2,,It was a small incident.,O küçük bir kazaydı.
B2 İleri Akademik İsimler,inclusion,"derç, içine alma, katılma",isim,B2,,The investigation highlighted the critical role of inclusion.,Soruşturma derç kavramının kritik rolünü vurguladı.
C1 Üst Düzey Akademik İsimler,independence,"özgürlük, bağımsızlık, serbestlik",isim,C1,,The nation recently declared its independence.,Ulus son zamanlarda bağımsızlığını ilan etti.
C1 Üst Düzey Akademik İsimler,indication,"belirti, anlatma, ölçüm",isim,C1,,I see no indication of that ever happening.,Onun olup bittiğine dair bir işaret görmüyorum.
"Alan Odaklı İsimler (Sağlık, Fen & Sosyal)",inequality,"eşitsizlik, sapma, değişebilirlik",isim,C1,,No inequality should be allowed to exist between men and women.,Kadınlar ve erkekler arasında hiçbir eşitsizliğin var olmasına izin verilmemesi gerekir.
B1 Temel Akademik İsimler,infant,"bebek, çocuk, küçük çocuk",isim,B1,,The young woman was carrying an infant in her arms.,Genç kadın kollarında bir bebek taşıyordu.
B2 İleri Akademik İsimler,infants,"sübyan mektebi, sıbyan mektebi, çocuk kıyafeti",isim,B2,,We need more medical care for infants.,Bizim bebekler için daha fazla tıbbi bakıma ihtiyacımız var.
"Alan Odaklı İsimler (Sağlık, Fen & Sosyal)",infection,"enfeksiyon, bulaşma, iltihap",isim,B2,,I have an ear infection.,Bir kulak enfeksiyonum var.
B2 İleri Akademik İsimler,influence,"tesir etmek, etkilemek, etki altına almak",isim,B2,,He's a bad influence.,Onun kötü bir etkisi var.
C1 Üst Düzey Akademik İsimler,information,"bilgi, ilmi vukuf, iddia",isim,C1,"knowledge, data, intel",I'd like some information.,Biraz bilgi istiyorum.
C1 Üst Düzey Akademik İsimler,ingredient,"cüz, bir şeyin terkibine giren madde, bileşim maddesi",isim,C1,,What's the secret ingredient?,Gizli madde nedir?
C1 Üst Düzey Akademik İsimler,inheritance,"veraset, miras, kalıt",isim,C1,,I've already spent my inheritance.,Mirasımı çoktan harcadım.
B2 İleri Akademik İsimler,injection,"püskürtme, enjekte, zerk",isim,B2,,The court condemned the man to death by lethal injection.,Mahkeme adamı öldürücü iğneyle ölüme mahkûm etti.
"Alan Odaklı İsimler (Sağlık, Fen & Sosyal)",injury,"zarar, halel, incinme",isim,B1,,Tom's injury isn't serious.,Tom'un sakatlığı ciddi değil.
B2 İleri Akademik İsimler,innocence,"masumluk, masum olma, günahsızlık",isim,B2,,She insisted on her innocence.,"O, masumiyeti konusunda ısrar etti."
B2 İleri Akademik İsimler,innovator,"yenilikçi, yenilik yapan kimse, mucit",isim,B2,,The investigation highlighted the critical role of innovator.,Soruşturma yenilikçi kavramının kritik rolünü vurguladı.
C1 Üst Düzey Akademik İsimler,innovators,yenilikçiler,isim,C1,,The investigation highlighted the critical role of innovators.,Soruşturma yenilikçiler kavramının kritik rolünü vurguladı.
C1 Üst Düzey Akademik İsimler,inoculation,"aşılama, aşı, aşılanma",isim,C1,,The investigation highlighted the critical role of inoculation.,Soruşturma aşılama kavramının kritik rolünü vurguladı.
B2 İleri Akademik İsimler,insider,"içeriden biri, içerideki, iç yüzünü bilen kimse",isim,B2,,The investigation highlighted the critical role of insider.,Soruşturma içeriden biri kavramının kritik rolünü vurguladı.
B2 İleri Akademik İsimler,insight,"içyüzünü anlama, anlayış, içgörü",isim,B2,knowledge,Thank you for your insight.,Anlayışınız için teşekkürler.
B2 İleri Akademik İsimler,instinct,"içgüdü, iç güdü, yetenek",isim,B2,,She's acting on instinct.,"O, içgüdüyle hareket ediyor."
C1 Üst Düzey Akademik İsimler,instructor,"eğitmen, eğitici, asistan",isim,C1,,Is your brother a ski instructor?,Erkek kardeşin kayak eğitmeni mi?
C1 Üst Düzey Akademik İsimler,instrument,"enstrüman, alet, belgit",isim,C1,,Do you play an instrument?,Bir enstrüman çalıyor musun?
C1 Üst Düzey Akademik İsimler,instruments,"edevat, araç gereç, araçlar",isim,C1,,Do you play any instruments?,Herhangi bir müzik aleti çalıyor musun?
C1 Üst Düzey Akademik İsimler,intelligence,"istihbarat, zeka, akıl",isim,C1,,Don't insult my intelligence.,Benim zekama hakaret etmeyin.
B2 İleri Akademik İsimler,intensity,"yoğunluk, koyuluk, gerilim",isim,B2,,He was overwhelmed by the intensity of her love.,"O, onun sevgisinin yoğunluğuyla bunalmıştı."
C1 Üst Düzey Akademik İsimler,interactions,"ayrık etkileşimler, elektron-fonon etkileşimleri, geçişim etkileşimleri",isim,C1,,The investigation highlighted the critical role of interactions.,Soruşturma ayrık etkileşimler kavramının kritik rolünü vurguladı.
B2 İleri Akademik İsimler,interest,"ilgilendirmek, çıkar, faiz",isim,B2,,They don't interest me.,Onlar beni ilgilendirmiyor.
C1 Üst Düzey Akademik İsimler,interference,"karışma, müdahale, girişim",isim,C1,,The investigation highlighted the critical role of interference.,Soruşturma karışma kavramının kritik rolünü vurguladı.
B2 İleri Akademik İsimler,internet,"internet, ağlararası ağ, edalyan",isim,B2,,How do I access the Internet?,İnternete nasıl erişirim?
C1 Üst Düzey Akademik İsimler,interruption,"sekte, kesinti, kesilme",isim,C1,,We're sorry for the interruption.,Böldüğümüz için üzgünüz.
C1 Üst Düzey Akademik İsimler,interruptions,"kısa kesintiler ve gerilim değişmeleri ile ilgili bağışıklık deneyleri, kısa kesintiler, makine denetim kesilmeleri",isim,C1,,He doesn't allow interruptions.,"O, kesintilere izin vermez."
C1 Üst Düzey Akademik İsimler,intervention,"araya girme, müdahale, aracılık",isim,C1,,The investigation highlighted the critical role of intervention.,Soruşturma araya girme kavramının kritik rolünü vurguladı.
C1 Üst Düzey Akademik İsimler,introduction,"giriş, tanıtım, tavsiye mektubu",isim,C1,,Thank you for the introduction.,Tanıtım için teşekkür ederim.
B2 İleri Akademik İsimler,invention,"buluş, icat, düzen",isim,B2,,Paper is a Chinese invention.,Kağıt bir Çin icadıdır.
"Alan Odaklı İsimler (Sağlık, Fen & Sosyal)",investigation,"soruşturma, araştırma, teftiş",isim,C1,,Am I under investigation now?,Şimdi soruşturma altında mıyım?
"Alan Odaklı İsimler (Sağlık, Fen & Sosyal)",investigations,"soruşturmalar, tahkikat, taharriyat",isim,C1,,The investigation highlighted the critical role of investigations.,Soruşturma soruşturmalar kavramının kritik rolünü vurguladı.
"Alan Odaklı İsimler (Sağlık, Fen & Sosyal)",investigator,"müfettiş, dedektif, araştırmacı",isim,C1,researcher,I'm a private investigator.,Ben özel bir müfettişim.
B1 Temel Akademik İsimler,iq,"zeka düzeyi, zeka katsayısı, ıq",isim,B1,,I don't know my IQ.,Ben zeka düzeyimi bilmiyorum.
B1 Temel Akademik İsimler,iron,"ütülemek, demir, ütü",isim,B1,,Is it made of iron?,Bu demirden mi yapıldı?
B2 İleri Akademik İsimler,isolation,"izolasyon, tecrit, soyutlanma",isim,B2,,We shouldn't confuse solitude with isolation. They are two separate things.,Yalnızlık ile izole edilmeyi birbirine karıştırmamak gerek. Bunlar iki farklı şey.
B1 Temel Akademik İsimler,issue,"mesele, sorun, yayınlamak",isim,B1,,It's not an issue.,Sorun değil.
B1 Temel Akademik İsimler,issues,sorunlar,isim,B1,,I had issues I had to deal with.,Uğraşmam gereken sorunlarım vardı.
B1 Temel Akademik İsimler,item,"kalem, madde, adet",isim,B1,,What is this item called?,Bu maddeye ne denir?
B1 Temel Akademik İsimler,its,"onun, -in",isim,B1,,It's on its way.,Yolda.
B1 Temel Akademik İsimler,jail,"hapishane, hapis, cezaevi",isim,B1,,I'm now in jail.,Şimdi hapisteyim.
B1 Temel Akademik İsimler,jailer,"gardiyan, zindancı",isim,B1,,The investigation highlighted the critical role of jailer.,Soruşturma gardiyan kavramının kritik rolünü vurguladı.
B2 İleri Akademik İsimler,jogging,"hafif koşu, jogging, koşu",isim,B2,,I don't like jogging.,Koşudan hoşlanmıyorum.
B1 Temel Akademik İsimler,joke,"komiklik, şaka, espri yapmak",isim,B1,,It's not a joke.,O bir şaka değil.
B2 İleri Akademik İsimler,journey,"yolculuk, seyahat, yolculuk etmek",isim,B2,,It's a long journey.,Bu uzun bir yolculuk.
B2 İleri Akademik İsimler,jumping,"atlama, sıçrama, sıçrayış",isim,B2,,Stop jumping on the bed.,Yatakta zıplamayı kes.
B1 Temel Akademik İsimler,jungle,"orman, karışıklık, cangıl",isim,B1,,We're not in the jungle.,Biz cangılda değiliz.
B2 İleri Akademik İsimler,keeping,"geçindirme, bakım, koruma",isim,B2,,I'm keeping a secret.,Sır tutuyorum.
B1 Temel Akademik İsimler,keys,"anahtarlar, ana resimler",isim,B1,,I'll get my keys.,Anahtarlarımı alacağım.
B1 Temel Akademik İsimler,kid,"velet, çocuk, küçük çocuk",isim,B1,,I'm a big kid.,Ben büyük bir çocuğum.
B1 Temel Akademik İsimler,kidney,"böbrek, huy, tip",isim,B1,,I need a new kidney.,Yeni bir böbreğe ihtiyacım var.
B1 Temel Akademik İsimler,kids,çocuklar,isim,B1,,I don't have kids.,Çocuklarım yok.
"Alan Odaklı İsimler (Sağlık, Fen & Sosyal)",killer,"öldürücü, katil, öldürücü darbe",isim,B1,,I'm not a killer.,Ben bir katil değilim.
B1 Temel Akademik İsimler,km,"kilometre, km",isim,B1,,"They fly about 35,000 km in eight months.","Onlar sekiz ayda yaklaşık 35,000 km uçarlar."
B1 Temel Akademik İsimler,knives,bıçaklar,isim,B1,,They're armed with knives.,Onlar bıçaklarla silahlanmıştı.
B2 İleri Akademik İsimler,knowledge,"bilgi, ilim, bili",isim,B2,"information, wisdom, insight, awareness",I had no such knowledge.,Benim böyle bir bilgim yoktu.
B1 Temel Akademik İsimler,lamb,"kuzu, kuzulamak, kuzu gibi masum ve zayıf kimse",isim,B1,,The wolf killed the lamb.,"Kurt, kuzuyu öldürdü."
B2 İleri Akademik İsimler,laughter,"kahkaha, kahkahalar, hande",isim,B2,,We'll miss your laughter.,Biz kahkahanı özleyeceğiz.
"Alan Odaklı İsimler (Sağlık, Fen & Sosyal)",law,"yasa, hukuk, kanun",isim,B1,,I'm a law student.,Hukuk öğrencisiyim.
"Alan Odaklı İsimler (Sağlık, Fen & Sosyal)",lawyer,"avukat, hukukçu, dava vekili",isim,B1,,I'm Tom's lawyer.,Tom'un avukatıyım.
"Alan Odaklı İsimler (Sağlık, Fen & Sosyal)",lawyers,hukukçular,isim,B2,,Tom's parents were lawyers.,Tom'un anne-babası avukattı.
B1 Temel Akademik İsimler,ldl,"düşük dansiteli lipoprotein, düşük dansiteli okside lipoprotein, düşük dansiteli lipoprotein kolesterol",isim,B1,,The investigation highlighted the critical role of ldl.,Soruşturma düşük dansiteli lipoprotein kavramının kritik rolünü vurguladı.
B1 Temel Akademik İsimler,lea,"otlak, mera, çayır",isim,B1,,We've got a lead.,Bizim bir kurşunumuz var.
B1 Temel Akademik İsimler,lead,"yol göstermek, rehberlik etmek, sürmek",isim,B1,,We've got a lead.,Bizim bir kurşunumuz var.
B2 İleri Akademik İsimler,leaders,liderler,isim,B2,,Germany's leaders were losing hope.,Almanya liderleri umudunu kaybediyordu.
B1 Temel Akademik İsimler,leads,"yol açar, sabreden derviş muradına ermiş, aksilikler/sorunlar hep üst üste gelir",isim,B1,,He leads a hectic life.,O telaşlı bir hayat sürüyor.
B1 Temel Akademik İsimler,leaf,"yaprak vermek, yaprak, yapraklanmak",isim,B1,,What's on the leaf?,Yaprağın üzerindeki nedir?
B2 İleri Akademik İsimler,learner,"acemi, öğrenici, öğrenci",isim,B2,,I'm a fast learner.,Ben hızlı bir öğreniciyim.
B2 İleri Akademik İsimler,learning,"öğrenme, öğrenim, ilim",isim,B2,,I'm learning a lot.,Çok şey öğreniyorum.
B2 İleri Akademik İsimler,leather,"deri, kayışla dövmek, deri ile donatmak",isim,B2,,It's made of leather.,O deriden yapılmış.
B1 Temel Akademik İsimler,leaves,"kitap yaprağı, yapraklar",isim,B1,,The train leaves at six.,Tren altıda ayrılır.
B2 İleri Akademik İsimler,leaving,"ayrılma, terketme, terk",isim,B2,,I'll be leaving now.,Şimdi gitmek üzereyim.
B2 İleri Akademik İsimler,lecture,"ders anlatmak, konferans vermek, uzun öğüt",isim,B2,,I don't need a lecture.,Bir derse ihtiyacım yok.
B1 Temel Akademik İsimler,led,"neden olmuş, çok küçük ampul, ışık yayan diyot",isim,B1,,He led a sober life.,"O, gösterişsiz bir hayat sürdü."
B1 Temel Akademik İsimler,legacy,"miras, kalıt, vasiyetname ile bırakılan mal veya varlık",isim,B1,,The investigation highlighted the critical role of legacy.,Soruşturma miras kavramının kritik rolünü vurguladı.
B2 İleri Akademik İsimler,leisure,"boş vakit, işsizlik, dinlence",isim,B2,,You can do it at your leisure.,Onu boş zamanınızda yapabilirsiniz.
B1 Temel Akademik İsimler,lesson,"ders, azar, hisse",isim,B1,,Is it the last lesson?,Bu son ders mi?
B1 Temel Akademik İsimler,level,"seviye, düzey, kademe",isim,B1,,The river level is high.,Nehir seviyesi yüksektir.
B1 Temel Akademik İsimler,levels,"sel sınıflama derecesi, çehrenin, yüzün üç basamağı",isim,B1,,My cholesterol levels are high.,Benim kolesterol seviyelerim yüksektir.
B1 Temel Akademik İsimler,life,"yaşam, hayat, can",isim,B1,,I owe him my life.,Ona hayatımı borçluyum.
B2 İleri Akademik İsimler,lifestyle,"yaşam tarzı, yaşam stili, yaşam biçimi",isim,B2,,Do you live a healthy lifestyle?,Sağlıklı bir yaşam tarzı yaşıyor musunuz?
B1 Temel Akademik İsimler,limit,"sınırlandırmak, kısıtlamak, sınırlamak",isim,B1,,I'm over my limit.,Ben sınırımı aştım.
C1 Üst Düzey Akademik İsimler,limitation,"kısıtlama, sınırlama, limit",isim,C1,,It is important to know your own limitations.,Kendi sınırlarını bilmen önemlidir.
C1 Üst Düzey Akademik İsimler,limitations,"kısıtlamalar, kısıtlar, sınırlar",isim,C1,,It is important to know your own limitations.,Kendi sınırlarını bilmen önemlidir.
B1 Temel Akademik İsimler,limits,"çerçeve, hudut hatları, sınırlar",isim,B1,,This area's off limits.,Bu alan yasak bölge.
B1 Temel Akademik İsimler,line,"astarlamak, satır, hat",isim,B1,,I'm next in line.,Ben sırada bir sonrakiyim.
B2 İleri Akademik İsimler,listener,"dinleyici, dinleyen",isim,B2,,I'm a good listener.,Ben iyi bir dinleyiciyim.
B2 İleri Akademik İsimler,listening,"dinleme, dinleyiş, dinleyen",isim,B2,,I'm listening to you.,Seni dinliyorum.
C1 Üst Düzey Akademik İsimler,literature,"literatür, edebiyat, kaynak",isim,C1,,Do you like French literature?,Fransız edebiyatını beğenir misin?
B1 Temel Akademik İsimler,liver,"karaciğer, ciğer, emaye dalgası",isim,B1,,I need a liver transplant.,Karaciğer nakline ihtiyacım var.
B2 İleri Akademik İsimler,location,"yer, konum, iskan",isim,B2,,This is an amazing location.,Bu inanılmaz bir yer.
B1 Temel Akademik İsimler,longer,"can atan kimse, özlemiş kimse, daha uzun",isim,B1,,I no longer need it.,Artık buna ihtiyacım yok.
B2 İleri Akademik İsimler,looking,"bakış, görünme, bakma",isim,B2,,He's looking at me.,O bana bakıyor.
B1 Temel Akademik İsimler,looks,görünüş,isim,B1,,It looks OK to me.,Bu bana iyi görünüyor.
B1 Temel Akademik İsimler,lorry,"kamyon, alçak, açık",isim,B1,,The investigation highlighted the critical role of lorry.,Soruşturma kamyon kavramının kritik rolünü vurguladı.
B1 Temel Akademik İsimler,loss,"zarar, kayıp, hasar",isim,B1,,It's a huge loss.,Bu büyük bir kayıp.
B1 Temel Akademik İsimler,lot,"pay, bölüştürmek, taksim etmek",isim,B1,,I do talk a lot.,Ben çok konuşurum.
B1 Temel Akademik İsimler,lower,"düşürmek, alçaltmak, indirmek",isim,B1,,Can you lower the price?,Fiyatı düşürebilir misiniz?
B2 İleri Akademik İsimler,lowering,"tezellül, alçaltma, indirme",isim,B2,,Are you taking a cholesterol-lowering medication?,Kolestrol düşürücü bir ilaç alıyor musun?
B1 Temel Akademik İsimler,luck,"şans, talih, akyazı",isim,B1,,I'll try my luck.,Ben şansımı deneyeceğim.
B2 İleri Akademik İsimler,lullabies,ninni,isim,B2,,The investigation highlighted the critical role of lullabies.,Soruşturma ninni kavramının kritik rolünü vurguladı.
B1 Temel Akademik İsimler,lumber,"kereste, ormanda ağaç kesmek, ağaç kesmek",isim,B1,,We need lumber to build a barn.,Ahır inşa etmek için keresteye ihtiyacımız var.
"Alan Odaklı İsimler (Sağlık, Fen & Sosyal)",lung,"akciğer, ciğer",isim,B1,,He's got lung cancer.,Onun akciğer kanseri var.
"Alan Odaklı İsimler (Sağlık, Fen & Sosyal)",lungs,"akciğer, ciğer, akciğerler",isim,B1,,Smoking does damage your lungs.,Sigara içmek akciğerlerinize zarar verir.
B2 İleri Akademik İsimler,magician,"sihirbaz, büyücü, gözbağcı",isim,B2,,I'm not a magician.,Ben sihirbaz değilim.
C1 Üst Düzey Akademik İsimler,magician's,"sihirbaz, büyücü, gözbağcı",isim,C1,,The investigation highlighted the critical role of magician's.,Soruşturma sihirbaz kavramının kritik rolünü vurguladı.
C1 Üst Düzey Akademik İsimler,maintaining,"koruma, kollama",isim,C1,,Maintaining that tie is important.,O kravata bakım yapmak önemlidir.
C1 Üst Düzey Akademik İsimler,maintenance,"bakım, muhafaza, idame",isim,C1,,The website was down for maintenance.,Web sitesi bakım için devre dışıydı.
B1 Temel Akademik İsimler,major,"asıl, büyük, başlıca",isim,B1,,This is a major issue.,Bu büyük bir sorun.
B1 Temel Akademik İsimler,makes,"bahaneci, beni öldürmeyen şey beni güçlendirir, başarı aptal insanları bilge gibi gösterir",isim,B1,,It makes me feel old.,Bu beni yaşlı hissettiriyor.
B1 Temel Akademik İsimler,making,"yapma, etme, yapım",isim,B1,,I'm making a list.,Ben bir liste yapıyorum.
B1 Temel Akademik İsimler,male,"erkek, bay, erkek fiş",isim,B1,,Is that dog male or female?,O köpek erkek mi yoksa dişi mi?
C1 Üst Düzey Akademik İsimler,management,"işletme, idare, yönetim",isim,C1,,We're under new management.,Yeni yönetim altındayız.
B2 İleri Akademik İsimler,manager,"menajer, idareci, yönetici",isim,B2,,I'm not the manager.,Ben yönetici değilim.
B2 İleri Akademik İsimler,mankind,"insanlık, erkekler, insan soyu",isim,B2,,I fear for the future of mankind.,Ben insanlığın geleceği için korkuyorum.
B1 Temel Akademik İsimler,mantle,"harmaniye, lamba gömleği, örten şey",isim,B1,,The investigation highlighted the critical role of mantle.,Soruşturma harmaniye kavramının kritik rolünü vurguladı.
C1 Üst Düzey Akademik İsimler,manufacture,"imal etmek, üretim, uydurmak",isim,C1,,Robots are used to manufacture cars.,Robotlar araba üretmek içindir.
C1 Üst Düzey Akademik İsimler,manufacturer,"imalatçı, yapımcı, üreticisi",isim,C1,,The manufacturer guaranteed the new machine for 5 years.,Üretici yeni makineye 5 yıl garanti verdi.
B1 Temel Akademik İsimler,mark,"işaretlemek, iz, işaret",isim,B1,,I want to leave a mark.,Bir iz bırakmak istiyorum.
"Alan Odaklı İsimler (Sağlık, Fen & Sosyal)",marketing,"pazarlama, alışveriş, alışveriş yapma",isim,B2,,He is the head of marketing.,O pazarlama müdürüdür.
B1 Temel Akademik İsimler,mate,"mat, ahbap, eş olmak",isim,B1,,Where is the mate to this sock?,Bu çorabın eşi nerede?
B2 İleri Akademik İsimler,materials,"malzemeler, materyaller, bez",isim,B2,,We got all the materials together.,Bütün malzemeleri toparladık.
B1 Temel Akademik İsimler,matrix,"kalıp, rahim, matris",isim,B1,,The investigation highlighted the critical role of matrix.,Soruşturma kalıp kavramının kritik rolünü vurguladı.
B1 Temel Akademik İsimler,matter,"mesele, konu, önem taşımak",isim,B1,,Does it matter to you?,Senin için önemli mi?
B2 İleri Akademik İsimler,matters,umur,isim,B2,,That's all that matters.,İşte bütün mesele budur.
B1 Temel Akademik İsimler,may,"mayıs ayı, mayıs, mümkün olmak",isim,B1,,I may do it yet.,Onu henüz yapabilirim.
B1 Temel Akademik İsimler,mayor,"belediye başkanı, belediye reisi",isim,B1,,Aren't you the mayor?,Belediye başkanı sen değil misin?
B1 Temel Akademik İsimler,means,"araç, vasıta, vesile",isim,B1,,Do it by all means.,Her ne şekilde olursa olsun onu yap.
B2 İleri Akademik İsimler,measure,"ölçmek, önlem, ölçü",isim,B2,,I didn't measure it.,Onu ölçmedim.
C1 Üst Düzey Akademik İsimler,measurement,"ölçüm, ölçü, mesaha",isim,C1,,That's an exact measurement.,O bir tam ölçüm.
C1 Üst Düzey Akademik İsimler,measurements,"ölçüler, ölçü birimi",isim,C1,,The measurements must be precise.,Ölçümler hassas olmalı.
B2 İleri Akademik İsimler,measures,"had, miktar, önlem",isim,B2,,Such measures were not necessary.,Böylesine önlemler gerekli değildi.
B2 İleri Akademik İsimler,measuring,"değer biçme, ölçüm, ölçü",isim,B2,,The carpenter is measuring the floor.,Marangoz döşemeyi ölçüyor.
B1 Temel Akademik İsimler,media,"medya, basın, radyo",isim,B1,,Don't believe the media.,Medyaya inanma.
"Alan Odaklı İsimler (Sağlık, Fen & Sosyal)",medication,"ilaç, ilaç tedavisi, iyileştirme",isim,C1,"treatment, medicine, drug, cure",I don't need medication.,Benim ilaca ihtiyacım yok.
"Alan Odaklı İsimler (Sağlık, Fen & Sosyal)",medicine,"tıp, ilaç, katlanmak",isim,B2,medication,I have to take medicine.,İlaç almak zorundayım.
"Alan Odaklı İsimler (Sağlık, Fen & Sosyal)",medics,"kabayonca, doktor, korunga",isim,B1,,The investigation highlighted the critical role of medics.,Soruşturma kabayonca kavramının kritik rolünü vurguladı.
B1 Temel Akademik İsimler,medium,"orta, çevre, çare",isim,B1,,I like my steak medium.,Bifteğimi orta büyüklükte severim.
B2 İleri Akademik İsimler,melodies,"melodi, terane, nağme",isim,B2,,The investigation highlighted the critical role of melodies.,Soruşturma melodi kavramının kritik rolünü vurguladı.
B1 Temel Akademik İsimler,melody,"melodi, terane, nağme",isim,B1,,That's an eerie melody.,Bu ürkütücü bir melodi.
B2 İleri Akademik İsimler,melting,"ergime, eritme, eri",isim,B2,,The ice cream is melting.,Dondurma eriyor.
"Alan Odaklı İsimler (Sağlık, Fen & Sosyal)",member,"üye, organ, mensup",isim,B1,,I'm not a member.,Ben üye değilim.
B2 İleri Akademik İsimler,members,üyeler,isim,B2,,Who are the voting members?,Oy veren üyeler kimler?
B1 Temel Akademik İsimler,men,"erkekler, işçiler, adamlar",isim,B1,,You and I are men.,Sen ve ben erkeğiz.
B1 Temel Akademik İsimler,meter,"sayaç, metre, saat ile ölçmek",isim,B1,,We ran a hundred-meter dash.,Biz yüz metre koştuk.
B1 Temel Akademik İsimler,method,"metot, usul, yöntem",isim,B1,,That method didn't work.,O yöntem işe yaramadı.
B2 İleri Akademik İsimler,methods,yöntemler,isim,B2,,Tom's methods were unorthodox.,Tom'un yöntemleri alışılmışın dışındaydı.
B1 Temel Akademik İsimler,mice,fareler,isim,B1,,I'm afraid of mice.,Farelerden korkarım.
"Alan Odaklı İsimler (Sağlık, Fen & Sosyal)",million,milyon,isim,B2,,I know a million jokes.,Bir milyon fıkra biliyorum.
B1 Temel Akademik İsimler,mind,"önemsemek, aldırmak, akıl",isim,B1,,I don't mind it.,Ben onu umursamıyorum.
B1 Temel Akademik İsimler,minor,"rüştünü ispat etmemiş kimse, reşit olmayan kimse, ergin olmayan kimse",isim,B1,,I'm still a minor.,Ben hala küçüğüm.
B2 İleri Akademik İsimler,mission,"vazife, misyon, görev",isim,B2,,We're on a mission.,Biz bir görevdeyiz.
B1 Temel Akademik İsimler,model,"model, manken, modellik etmek",isim,B1,,It's an older model.,Bu daha eski bir model.
B2 İleri Akademik İsimler,modernist,"yenilikçi, modernist",isim,B2,,The investigation highlighted the critical role of modernist.,Soruşturma yenilikçi kavramının kritik rolünü vurguladı.
B1 Temel Akademik İsimler,moist,"rutubetli, nemli, ıslak",isim,B1,,It's moist and warm.,Nemli ve sıcak.
B1 Temel Akademik İsimler,moment,"an, önem, cevher",isim,B1,,Can I have a moment?,Bir dakika alabilir miyim?
B2 İleri Akademik İsimler,monitor,"izlemek, gözlemek, monitör",isim,B2,,Parents should monitor their children's activities.,"Anne babalar, çocuklarının etkinliklerini izlemelidirler."
B1 Temel Akademik İsimler,months,aylar,isim,B1,,See you in three months.,Üç ay içinde görüşürüz.
B2 İleri Akademik İsimler,morning,"sabah, sabah vakti, başlama",isim,B2,,I had a busy morning.,Yoğun bir sabah geçirdim.
B2 İleri Akademik İsimler,mortality,"ölümlülük, fanilik, ölüm oranı",isim,B2,,The mortality rate has fallen.,Ölüm oranı düştü.
B1 Temel Akademik İsimler,mosque,"mescit, cami",isim,B1,,I have to go to the mosque.,Camiye gitmek zorundayım.
B2 İleri Akademik İsimler,mosquito,"sivrisinek, moskuito",isim,B2,,A mosquito just bit me.,Bir sivrisinek az önce beni ısırdı.
B2 İleri Akademik İsimler,movement,"hareket, gidiş, saatin parçaları",isim,B2,,He was the leader of the movement.,"O, hareketin lideriydi."
B1 Temel Akademik İsimler,movie,"film, sinema, sinema filmi",isim,B1,,I'm a movie buff.,Ben bir filmkoliğim.
B1 Temel Akademik İsimler,murder,"cinayet işlemek, öldürmek, öldürme",isim,B1,,He is guilty of murder.,O cinayetten suçludur.
B2 İleri Akademik İsimler,murderer,"katil, kıyacı, cani",isim,B2,,I'm not a murderer.,Ben bir katil değilim.
B2 İleri Akademik İsimler,musicians,"çalgıcılar, müzisyenler",isim,B2,,Aren't you two musicians?,Siz ikiniz müzisyen değil misiniz?
B1 Temel Akademik İsimler,must,"gerekmek, -malı, -meli",isim,B1,,I must do it now.,Onu şimdi yapmalıyım.
B2 İleri Akademik İsimler,mutation,"mutasyon, dönüşme, değişim",isim,B2,,The investigation highlighted the critical role of mutation.,Soruşturma mutasyon kavramının kritik rolünü vurguladı.
B1 Temel Akademik İsimler,my,"benim, bana ait",isim,B1,,I'm in my car.,Arabamın içindeyim.
B2 İleri Akademik İsimler,mystery,"sır, esrar, gizem",isim,B2,,It's still a mystery.,Hâlâ gizemini koruyor.
"Alan Odaklı İsimler (Sağlık, Fen & Sosyal)",nature,"mahiyet, doğa, tabiat",isim,B1,,He has a mild nature.,Onun ılımlı bir doğası var.
B1 Temel Akademik İsimler,need,"ihtiyaç duymak, gerek, gereksinim",isim,B1,,Do I need a tie?,Bir kravata ihtiyacım var mı?
C1 Üst Düzey Akademik İsimler,neighborhood,"mahalle, muhit, komşular",isim,C1,,It's a bad neighborhood.,Bu kötü bir mahalle.
B2 İleri Akademik İsimler,neither,"hiçbir, ikisinden hiçbiri, ne bu ne öteki",isim,B2,,He knows neither of us.,"O, hiçbirimizi tanımaz."
B2 İleri Akademik İsimler,networks,"kütüphane bilgi ağları, veri depolama ağı, bilgi ağları",isim,B2,,People talk a lot about social networks these days.,İnsanlar bu günlerde sosyal ağlar hakkında çok şey konuşuyorlar.
B1 Temel Akademik İsimler,nights,"geceler, geceleri",isim,B1,,We stayed for three nights.,Biz üç gece boyunca kaldık.
B1 Temel Akademik İsimler,nile,nil nehri,isim,B1,,How long is the Nile River?,Nil Nehrinin uzunluğu ne kadar?
B1 Temel Akademik İsimler,no,"hayır, aleyhte oy, red",isim,B1,,I can't say no.,Ben hayır diyemem.
B1 Temel Akademik İsimler,norm,"kaide, standart, düstur",isim,B1,,The investigation highlighted the critical role of norm.,Soruşturma kaide kavramının kritik rolünü vurguladı.
B1 Temel Akademik İsimler,norms,"normlar, sosyal grup için ortak olan davranış veya fikir standartları",isim,B1,,The investigation highlighted the critical role of norms.,Soruşturma normlar kavramının kritik rolünü vurguladı.
B1 Temel Akademik İsimler,number,"numaralamak, saymak, sayı",isim,B1,,Here's Tom's number.,İşte Tom'un numarası.
B2 İleri Akademik İsimler,numbers,"şiir, çokluk, sayılar",isim,B2,,Are you good with numbers?,Sayılarla aran iyi mi?
B2 İleri Akademik İsimler,nursing,"bakma, doğum, emzirme",isim,B2,,"Your mother is in a nursing home, isn't she?","Annen bir huzur evinde, değil mi?"
B2 İleri Akademik İsimler,nurturing,"besleme, büyütme, anaç",isim,B2,,The investigation highlighted the critical role of nurturing.,Soruşturma besleme kavramının kritik rolünü vurguladı.
B2 İleri Akademik İsimler,nutrient,"besin maddesi, gıda, besleyici madde",isim,B2,,Fresh vegetables contain many nutrients.,Taze sebzeler birçok besin içerir.
C1 Üst Düzey Akademik İsimler,nutritionist,"diyetisyen, beslenme uzmanı, nütritiyonist",isim,C1,,The investigation highlighted the critical role of nutritionist.,Soruşturma diyetisyen kavramının kritik rolünü vurguladı.
B1 Temel Akademik İsimler,ob,"obi nehri, ob, doğum ve gebelik bilimi",isim,B1,,The investigation highlighted the critical role of ob.,Soruşturma obi nehri kavramının kritik rolünü vurguladı.
B1 Temel Akademik İsimler,object,"itiraz etmek, razı olmamak, karşı çıkmak",isim,B1,,That wasn't my object.,Benim amacım o değildi.
B2 İleri Akademik İsimler,objection,"mahzur, karşı gelme, itiraz",isim,B2,,Do you have any objection?,Herhangi bir itirazınız var mı?
C1 Üst Düzey Akademik İsimler,observation,"gözetleme, gözlem, rasat",isim,C1,,Can I make one observation?,Ben bir gözlem yapabilir miyim?
B2 İleri Akademik İsimler,obstacle,"mani, engel, tebelleş",isim,B2,,Bad weather is no obstacle.,Kötü hava engel değildir.
B2 İleri Akademik İsimler,obtaining,"edinme, temin",isim,B2,,The investigation highlighted the critical role of obtaining.,Soruşturma edinme kavramının kritik rolünü vurguladı.
"Alan Odaklı İsimler (Sağlık, Fen & Sosyal)",ocean,"okyanus, umman, derya",isim,B1,,I can smell the ocean.,Okyanusun kokusunu alabiliyorum.
B2 İleri Akademik İsimler,offenses,"siyasal suçlar ve suçlular, çevreye karşı suçlar, mala karşı suçlar",isim,B2,,The investigation highlighted the critical role of offenses.,Soruşturma siyasal suçlar ve suçlular kavramının kritik rolünü vurguladı.
B1 Temel Akademik İsimler,offer,"teklif vermek, önermek, teklif etmek",isim,B1,,I got a job offer.,Bir iş teklifi aldım.
B1 Temel Akademik İsimler,oil,"yağ, yağ çekmek, yağcılık yapmak",isim,B1,,Give me the olive oil.,Bana zeytinyağı ver.
B1 Temel Akademik İsimler,oils,yağlar,isim,B1,,The investigation highlighted the critical role of oils.,Soruşturma yağlar kavramının kritik rolünü vurguladı.
B1 Temel Akademik İsimler,one,"bir, tek, biri",isim,B1,,I'm one of you.,Ben sizden biriyim.
B2 İleri Akademik İsimler,operating,"çalıştırma, işletme, ameliyat",isim,B2,,Carry her to the operating room.,Onu ameliyathaneye taşı.
B2 İleri Akademik İsimler,operation,"operasyon, işletme, harekat",isim,B2,,Do I need an operation?,Ameliyat olmam gerekiyor mu?
B2 İleri Akademik İsimler,opinion,"kanaat, kanı, düşünce",isim,B2,,What's Tom's opinion?,Tom'un fikri nedir?
C1 Üst Düzey Akademik İsimler,opportunities,"fırsatlar, imkanlar",isim,C1,,Don't let opportunities pass by.,Fırsatların geçip gitmesine izin vermeyin.
C1 Üst Düzey Akademik İsimler,opportunity,"olanak, imkan, fırsat",isim,C1,,It's a huge opportunity.,O büyük bir fırsat.
B1 Temel Akademik İsimler,option,"seçenek, oy, şık",isim,B1,,It's our only option.,Tek seçeneğimiz.
B2 İleri Akademik İsimler,options,"opsiyonlar, satın alma veya satma hakkı, seçenekler",isim,B2,,I'm out of options.,Benim seçeneklerim yok.
B1 Temel Akademik İsimler,order,"sipariş vermek, emretmek, buyurmak",isim,B1,,I didn't order it.,Onu sipariş etmedim.
"Alan Odaklı İsimler (Sağlık, Fen & Sosyal)",organs,aza,isim,B1,,No vital organs were damaged.,Hiçbir hayati organ hasar görmedi.
B1 Temel Akademik İsimler,our,bizim,isim,B1,,We're on our own.,Kendi başımızayız.
B2 İleri Akademik İsimler,outcome,"netice, sonuç, sonuç ürün",isim,B2,,What'll the outcome be?,Sonuç ne olacak?
B2 İleri Akademik İsimler,outcomes,sonuçlar,isim,B2,,The investigation highlighted the critical role of outcomes.,Soruşturma sonuçlar kavramının kritik rolünü vurguladı.
B2 İleri Akademik İsimler,outlook,"görünüm, bakış açısı, olasılık",isim,B2,,The outlook for our business isn't good.,İşimizin geleceği iyi değil.
B1 Temel Akademik İsimler,output,"output/outputted - output/outputted, faaliyet, ürün",isim,B1,,The output at this factory has increased by 20%.,Bu fabrikada üretim %20 oranında arttı.
B2 İleri Akademik İsimler,oversight,"gözetim, nezaret, hata",isim,B2,,That is a serious oversight.,O ciddi bir ihmaldir.
B2 İleri Akademik İsimler,overtime,"fazla mesai için ödenen ücret, fazla mesai, mesai",isim,B2,,Do you often work overtime?,Sık sık mesai yapıyor musunuz?
"Alan Odaklı İsimler (Sağlık, Fen & Sosyal)",painting,"tablo, resim, ressamlık",isim,B2,,It's only a painting.,Bu sadece bir tablo.
"Alan Odaklı İsimler (Sağlık, Fen & Sosyal)",paintings,"tablo, resim, ressamlık",isim,B2,,Did you see the paintings?,Tabloları gördünüz mü?
B1 Temel Akademik İsimler,palm,"palmiye, avuç içi, avuç",isim,B1,,Let me see your palm.,Avucunu görmeme izin ver.
B1 Temel Akademik İsimler,panel,"pano, panellerle süslemek, lambri ile kaplamak",isim,B1,,A panel of experts discussed the plan.,Uzmanlardan oluşan bir kurul planı tartıştı.
B1 Temel Akademik İsimler,panels,"çelik levhalara uygulanan emaye kaplamalar, cam paneller, damı katlanabilen vagon",isim,B1,,Do you use solar panels?,Güneş panelleri kullanıyor musunuz?
B1 Temel Akademik İsimler,path,"yol, pist, çığır",isim,B1,,I'll take this path.,Ben bu yoldan gideceğim.
"Alan Odaklı İsimler (Sağlık, Fen & Sosyal)",patients,"hastalar, hasta ve yaralılar",isim,B2,,I have a lot of patients.,Benim bir sürü hatam var.
B2 İleri Akademik İsimler,pattern,"modele göre yapmak, model, desen",isim,B2,,I can see a pattern.,Ben bir desen görebiliyorum.
B2 İleri Akademik İsimler,patterns,modeller,isim,B2,,Humans and cats have very different sleeping patterns.,İnsanlar ve kediler çok farklı uyku düzenlerine sahiptir.
B1 Temel Akademik İsimler,paul,idaho eyaletinde şehir,isim,B1,,One of Jesus' disciples was named Paul.,İsa'nın havarilerinden birinin adı Paulus'tu.
B1 Temel Akademik İsimler,paving,"yol yüzeyi, taş döşeme, yol döşeme",isim,B1,,The investigation highlighted the critical role of paving.,Soruşturma yol yüzeyi kavramının kritik rolünü vurguladı.
B1 Temel Akademik İsimler,pear,"armut, çong, kamboçya ve tayland’da yaşayan etnik bir grup",isim,B1,,I'm eating a pear.,Bir armut yiyorum.
B1 Temel Akademik İsimler,people,"insanlar, ulus, halk",isim,B1,,How do people do it?,İnsanlar bunu nasıl yapar?
B2 İleri Akademik İsimler,peppers,biber,isim,B2,,I don't like green peppers.,Yeşil biberden hoşlanmam.
C1 Üst Düzey Akademik İsimler,perception,"algı, algılanma, feraset",isim,C1,,Maybe it's a question of perception.,Belki bu bir algılama sorunudur.
C1 Üst Düzey Akademik İsimler,performance,"performans, oynanma, gösteri",isim,C1,,I loved Tom's performance.,Tom'un performansını sevdim.
B1 Temel Akademik İsimler,period,"devir, dönem, çağ",isim,B1,,We have French third period.,3. dönemde Fransızca dersimiz var.
B1 Temel Akademik İsimler,permit,"izin vermek, ruhsat, izin",isim,B1,,I won't permit it.,Ona izin vermeyeceğim.
C1 Üst Düzey Akademik İsimler,personality,"kişilik, şahsiyet, önemli kişi",isim,C1,,I like Tom's personality.,Tom'un kişiliğini seviyorum.
C1 Üst Düzey Akademik İsimler,persuasion,"ikna etme, inandırma, ikna",isim,C1,,The investigation highlighted the critical role of persuasion.,Soruşturma ikna etme kavramının kritik rolünü vurguladı.
B1 Temel Akademik İsimler,pet,"evde beslenen hayvan, ev hayvanı, evcil hayvan",isim,B1,,Do you have a pet?,Bir evcil hayvanın var mı?
B1 Temel Akademik İsimler,petrol,"petrol, benzin",isim,B1,,The investigation highlighted the critical role of petrol.,Soruşturma petrol kavramının kritik rolünü vurguladı.
C1 Üst Düzey Akademik İsimler,pharmacist,eczacı,isim,C1,,You should be a pharmacist.,Sen bir eczacı olmalısın.
C1 Üst Düzey Akademik İsimler,phenomenon,"algılanabilen şey, olağanüstülük, olgu",isim,C1,,It's a normal phenomenon.,Bu normal bir olgudur.
B1 Temel Akademik İsimler,photo,"foto, fotoğraflamak, resim vermek",isim,B1,,I sent you a photo.,Sana bir fotoğraf gönderdim.
C1 Üst Düzey Akademik İsimler,photosynthesis,"fotosentez, ışılbireşim, ışık yardımı ile besin biriktirme süreçi",isim,C1,,The investigation highlighted the critical role of photosynthesis.,Soruşturma fotosentez kavramının kritik rolünü vurguladı.
"Alan Odaklı İsimler (Sağlık, Fen & Sosyal)",physician,"tıp adamı, hekim, tabip",isim,B2,,He is not a physician.,O bir doktor değil.
"Alan Odaklı İsimler (Sağlık, Fen & Sosyal)",physics,fizik,isim,B2,,I got a B in physics.,Fizikten B aldım.
B1 Temel Akademik İsimler,piano,"piyano çalgı, piyano, hafif",isim,B1,,It's an old piano.,O eski bir piyano.
B1 Temel Akademik İsimler,pile,"yığın, istif etmek, tepeleme doldurmak",isim,B1,,There's a big pile of mail on your desk.,Masanızda büyük bir yığın posta var.
B1 Temel Akademik İsimler,pilots,"türk jet pilotları, hava yolu nakil pilot lisansı, ticari pilot lisansı",isim,B1,,I know lots of pilots.,Bir sürü pilot tanıyorum.
B1 Temel Akademik İsimler,pizza,pizza,isim,B1,,I don't like pizza.,Pizza sevmiyorum.
B2 İleri Akademik İsimler,placing,"tahsisli satış, yerleştirme, yerine koyma",isim,B2,,I'm placing you under arrest.,Seni tutukluyorum.
B1 Temel Akademik İsimler,plan,"planlamak, tasarlamak, plan",isim,B1,,I've got a plan.,Bir planım var.
"Alan Odaklı İsimler (Sağlık, Fen & Sosyal)",plant,"bitki, tesis, fabrika",isim,B1,,Did you plant this tree?,Bu ağacı sen mi diktin?
B1 Temel Akademik İsimler,plays,oyunlar,isim,B1,,He plays chess very well.,Çok iyi satranç oynar.
B1 Temel Akademik İsimler,point,"nokta, puan, uç",isim,B1,,He's got a point.,O haklı.
B1 Temel Akademik İsimler,poison,"zehirlemek, zehir, otalamak",isim,B1,,I didn't poison Tom.,Tom'u zehirlemedim.
C1 Üst Düzey Akademik İsimler,population,"nüfus, ahali, sekene",isim,C1,,What's Boston's population?,Boston'un nüfusu nedir?
B1 Temel Akademik İsimler,porch,"portik, sundurma veranda, giriş",isim,B1,,I'm on the porch.,Sundurmadayım.
B2 İleri Akademik İsimler,position,"mevki, pozisyon, konum",isim,B2,,He's out of position.,O yerinde değil.
B1 Temel Akademik İsimler,power,"yetki, güç, kuvvet",isim,B1,,I have no will power.,Benim irade gücüm yok.
C1 Üst Düzey Akademik İsimler,practicality,"kullanışlılık, uygulanabilirlik, pratiklik",isim,C1,,He is inclined to look at everything from the standpoint of its practicality and is neither stingy nor extravagant.,O her şeye pratikliği bakımından bakma eğilimindedir ve ne pinti ne de savurgandır.
B2 İleri Akademik İsimler,practice,"uygulamak, alıştırma yapmak, yapmak",isim,B2,apply,I'm out of practice.,Ben hamlamışım.
C1 Üst Düzey Akademik İsimler,precaution,"önlem, tedbir, ihtiyat",isim,C1,,It's just a precaution.,Bu sadece bir önlem.
C1 Üst Düzey Akademik İsimler,precautions,önlemler,isim,C1,,Didn't you take precautions?,Önlemler almadın mı?
C1 Üst Düzey Akademik İsimler,predictions,"tahminler, kehanetler",isim,C1,,I'm making no predictions.,Tahmin yapmıyorum.
C1 Üst Düzey Akademik İsimler,prejudgment,"önyargı, yargılamadan verilen hüküm, peşin hüküm",isim,C1,,The investigation highlighted the critical role of prejudgment.,Soruşturma önyargı kavramının kritik rolünü vurguladı.
B2 İleri Akademik İsimler,prejudice,"önyargı, zayıflatmak, haksız hüküm verdirmek",isim,B2,,Prejudice will continue to exist.,Önyargı var olmaya devam edecektir.
B2 İleri Akademik İsimler,presence,"mevcudiyet, buradalık, oluş",isim,B2,,I can feel Tom's presence.,Tom'un mevcudiyetini hissedebiliyorum.
C1 Üst Düzey Akademik İsimler,presentation,"sunum, sahneleme, arz",isim,C1,,How did the presentation go?,Sunum nasıl gitti?
C1 Üst Düzey Akademik İsimler,presentations,sunular,isim,C1,,The investigation highlighted the critical role of presentations.,Soruşturma sunular kavramının kritik rolünü vurguladı.
B1 Temel Akademik İsimler,press,"basmak, bastırmak, baskı yapmak",isim,B1,,Don't press your luck.,Şansını zorlama.
B2 İleri Akademik İsimler,pressure,"basınç, baskı, zorlamak",isim,B2,,My blood pressure is low.,Kan basıncım düşük.
C1 Üst Düzey Akademik İsimler,prevention,"menetme, önlem, engelleme",isim,C1,,Prevention is the best medicine.,Korunmak en iyi ilaçtır.
"Alan Odaklı İsimler (Sağlık, Fen & Sosyal)",price,"bedel, fiyat, ücret",isim,B1,,I'll pay any price.,Ben herhangi bir fiyatı öderim.
B1 Temel Akademik İsimler,prior,"önceden, daha önce olan, daha erken olan",isim,B1,,I have a prior engagement.,Bir randevum var.
B1 Temel Akademik İsimler,prison,"hapishane, cezaevi, hapis",isim,B1,,I'm at the prison.,Hapishanedeyim.
B2 İleri Akademik İsimler,prisoner,"esir, tutuklu, tutsak",isim,B2,,I was once a prisoner.,Ben bir zamanlar bir mahkumdum.
B2 İleri Akademik İsimler,prisoners,mahkumlar,isim,B2,,Don't take any prisoners.,Hiçbir mahkûmu götürmeyin.
B2 İleri Akademik İsimler,problem,"problem, mesele, sorun",isim,B2,,I've got a problem.,Bir sorunum var.
B2 İleri Akademik İsimler,procedure,"prosedür, yöntem, ameliye",isim,B2,,It's a routine procedure.,Bu rutin bir işlemdir.
B2 İleri Akademik İsimler,process,"işlemek, işlem, süreç",isim,B2,,It's a long process.,Bu uzun bir süreçtir.
C1 Üst Düzey Akademik İsimler,production,"üretme, yapım, imal",isim,C1,,Production of rice has decreased.,Pirinç üretimi azaldı.
C1 Üst Düzey Akademik İsimler,professionals,profesyonel,isim,C1,,Leave it to the professionals.,Bunu profesyonellere bırak.
B2 İleri Akademik İsimler,programs,programlar,isim,B2,,I like news programs on TV.,Televizyonda haber programlarını severim.
B2 İleri Akademik İsimler,progress,"gelişmek, gelişim göstermek, ilerlemek",isim,B2,,I've made some progress.,Biraz ilerleme kaydettim.
C1 Üst Düzey Akademik İsimler,progression,"ilerleme, devamlılık, sıra",isim,C1,,What's the chord progression?,Akort ilerlemesi nedir?
B2 İleri Akademik İsimler,promoting,"yükseltme, terfi ettirme",isim,B2,,The company is promoting a new car on TV.,Şirket televizyonda yeni bir araba tanıtımı yapıyor.
B1 Temel Akademik İsimler,proof,"kanıt, ispat, dayanıklı hale getirmek",isim,B1,,Don't you want proof?,Kanıt istemiyor musun?
B1 Temel Akademik İsimler,proper,"uygun, münasip, rabıtalı",isim,B1,,I'll go get the proper forms.,Uygun formları almaya gideceğim.
C1 Üst Düzey Akademik İsimler,proportion,"orantı, oran, ayarlamak",isim,C1,,Each man's pay was in proportion to his work.,Her birinin ödemesi onun eseri ile orantılıydı.
B2 İleri Akademik İsimler,prospect,"olasılık, maden aramak, altın aramak",isim,B2,,It's a depressing prospect.,Çok iç karartıcı bir ihtimal.
C1 Üst Düzey Akademik İsimler,protection,"himaye, koruma, korunma",isim,C1,,I don't need protection.,Korumaya ihtiyacım yok.
B2 İleri Akademik İsimler,proteins,proteinler,isim,B2,,The investigation highlighted the critical role of proteins.,Soruşturma proteinler kavramının kritik rolünü vurguladı.
B2 İleri Akademik İsimler,protests,protestolar,isim,B2,,The protests have died down.,Protestolar bitti.
C1 Üst Düzey Akademik İsimler,psychology,"ruh bilimi, psikoloji, tinbilim",isim,C1,,I have a degree in psychology.,Psikoloji diplomam var.
B2 İleri Akademik İsimler,publicity,"tanıtım, ilan, propaganda",isim,B2,,It was a publicity stunt.,O bir tanıtım dublörlüğüydü.
B1 Temel Akademik İsimler,pull,"çekmek, kalkmak, hareket etmek",isim,B1,,Don't pull my leg!,Benimle dalga geçme!
B1 Temel Akademik İsimler,pupil,"öğrenci, öğrenci öğretmen, stajyer",isim,B1,,Tom's pupils are dilated.,Tom'un göz bebekleri büyümüş.
B2 İleri Akademik İsimler,purchase,"satın almak, satın alma, alım",isim,B2,,Thank you for your purchase.,Satın almanız için teşekkür ederim.
B2 İleri Akademik İsimler,putting,"yerleştirme, koyma",isim,B2,,He's putting on airs.,O fiyaka yapıyor.
B1 Temel Akademik İsimler,puzzle,"bulmaca, bilmece, şaşırmak",isim,B1,,I'm solving a puzzle.,Bir bulmaca çözüyorum.
B2 İleri Akademik İsimler,quality,"kalite, nitelik, kaliteli",isim,B2,,I prefer quality to quantity.,Kaliteyi miktara tercih ederim.
B2 İleri Akademik İsimler,quantity,"nicelik, miktar, azlık çokluk",isim,B2,,I prefer quality to quantity.,Kaliteyi miktara tercih ederim.
B2 İleri Akademik İsimler,quantum,"pay, hisse, kuantum",isim,B2,,The investigation highlighted the critical role of quantum.,Soruşturma pay kavramının kritik rolünü vurguladı.
B2 İleri Akademik İsimler,quarter,"çeyrek, yerleştirmek, dörde bölmek",isim,B2,,It's a quarter to two.,İkiye çeyrek var.
B2 İleri Akademik İsimler,question,"soru, sorular sormak, sorgulamak",isim,B2,,I've got a question.,Benim bir sorum var.
B2 İleri Akademik İsimler,quicker,"hızlı, daha hızlı, daha çabuk",isim,B2,,You're quicker than me.,Benden daha hızlısın.
B1 Temel Akademik İsimler,quiz,"sınav yapmak, çok soru sormak, sorgulamak",isim,B1,,We had a quiz today.,Biz bugün bir sınav olduk.
B1 Temel Akademik İsimler,range,"silsile, sıra, çeşitlilik",isim,B1,,It's hard to tell at this range.,Bu mesafeden söylemek zor.
B2 İleri Akademik İsimler,ranging,"değişme, serbestçe dolaşan, dolaşıp duran",isim,B2,,Many boys and girls ranging from 12 to 18 entered the contest.,12 ila 18 arasında değişiklik gösteren birçok erkek ve kız yarışmaya katıldı.
B1 Temel Akademik İsimler,rate,"kur, oran, addetmek",isim,B1,,That's the going rate.,"O, gidiş oranıdır."
B1 Temel Akademik İsimler,rates,"bedeller, fiyat listesi, yerel yönetim tarafından toplanan vergi/vergiler",isim,B1,,Interest rates are going up.,Faiz oranları artıyor.
B1 Temel Akademik İsimler,ratio,"oran, orantı, nispet",isim,B1,,The investigation highlighted the critical role of ratio.,Soruşturma oran kavramının kritik rolünü vurguladı.
B1 Temel Akademik İsimler,ray,"ışın, ışın tedavisi yapmak, ışımak",isim,B1,,Let's take an X-ray just in case.,Her ihtimale karşı bir film çekelim.
C1 Üst Düzey Akademik İsimler,reachability,"ulaşılabilirlik, erişilebilirlik",isim,C1,,The investigation highlighted the critical role of reachability.,Soruşturma ulaşılabilirlik kavramının kritik rolünü vurguladı.
B2 İleri Akademik İsimler,reaction,"tepkime, reaksiyon, tepki",isim,B2,,What was Tom's reaction?,Tom'un tepkisi neydi?
B2 İleri Akademik İsimler,reading,"okuma, mana, yorum",isim,B2,,I'm reading a book.,Bir kitap okuyorum.
B1 Temel Akademik İsimler,realm,"krallık, alem, memleket",isim,B1,,The investigation highlighted the critical role of realm.,Soruşturma krallık kavramının kritik rolünü vurguladı.
B1 Temel Akademik İsimler,reason,"sebep, akıl, gerekçe",isim,B1,,Do I need a reason?,Bir nedene ihtiyacım var mı?
B2 İleri Akademik İsimler,receiving,"alış, karşılama, alma",isim,B2,,I keep receiving unwanted emails.,İstemediğim e-postaları almaya devam ediyorum.
C1 Üst Düzey Akademik İsimler,recommendation,"tavsiye, tavsiyename, iş başarı belgesi",isim,C1,,Do you have a recommendation?,Bir tavsiyen var mı?
B2 İleri Akademik İsimler,recover,"kurtarmak, iyileşmek, sağalmak",isim,B2,heal,I'm sure you'll recover.,Eminim iyileşeceksin.
C1 Üst Düzey Akademik İsimler,recovering,"ihya, geri alma, kendine gelme",isim,C1,,He has no chance of recovering.,Onun iyileşme şansı yok.
B2 İleri Akademik İsimler,recovery,"kurtulma, atlatma, toparlanma",isim,B2,,He made a speedy recovery.,O hızlı bir iyileşme yaptı.
B2 İleri Akademik İsimler,reducing,"eksiltme, kısma, zayıflama",isim,B2,,Karaoke is good for reducing stress.,Karaoke stresi azaltmak için iyidir.
B2 İleri Akademik İsimler,reformer,"reformcu, yenilikçi, düzelten kimse",isim,B2,,The investigation highlighted the critical role of reformer.,Soruşturma reformcu kavramının kritik rolünü vurguladı.
B2 İleri Akademik İsimler,reformist,"reformcu, ıslahatçı, yenilikçi",isim,B2,,The investigation highlighted the critical role of reformist.,Soruşturma reformcu kavramının kritik rolünü vurguladı.
B1 Temel Akademik İsimler,region,"bölge, yöre, ülke",isim,B1,,We found gold in that region.,Bu bölgede altın bulduk.
"Alan Odaklı İsimler (Sağlık, Fen & Sosyal)",regulation,"düzenleme, nizam, regülasyon",isim,C1,,"The regulation was abolished, but then it was reenacted.",Düzenleme kaldırıldı ama sonra yeniden yürürlüğe kondu.
C1 Üst Düzey Akademik İsimler,rehabilitation,"rehabilitasyon, ıslah, haklarını geri verme",isim,C1,,Making amends is the first step toward rehabilitation.,Telafi etmek rehabilitasyona doğru ilk adımdır.
C1 Üst Düzey Akademik İsimler,relativity,"izafiyet, bağıntıcılık, mensubiyet",isim,C1,,Few scientists understand the theory of relativity.,Görecelik teorisini az sayıda bilimci anlıyor.
C1 Üst Düzey Akademik İsimler,relaxation,"dinlenme, relaksasyon, istirahat",isim,C1,,What do you do for relaxation?,Rahatlamak için ne yapıyorsun?
B2 İleri Akademik İsimler,release,"piyasaya sunmak, piyasaya sürmek, satışa çıkarmak",isim,B2,,Don't release that dog.,O köpeği serbest bırakmayın.
B2 İleri Akademik İsimler,releasing,"salma, serbest bırakma, serbest bırakan",isim,B2,,I'm releasing the prisoners.,Tutukluları serbest bırakıyorum.
B2 İleri Akademik İsimler,relevance,"ilgi, alaka, bağıntılılık",isim,B2,,I don't see the relevance.,Ben alakayı görmüyorum.
B2 İleri Akademik İsimler,reliance,"güven, güvenç, güvenme",isim,B2,,The investigation highlighted the critical role of reliance.,Soruşturma güven kavramının kritik rolünü vurguladı.
B2 İleri Akademik İsimler,remains,"kalıntılar, artıklar, ceset",isim,B2,,He remains sick in bed.,"O, hastalıktan yatağa düştü."
B1 Temel Akademik İsimler,remedy,"deva, çare, çare bulmak",isim,B1,"cure, treatment",I have a remedy for that.,Bunun için bir çarem var.
C1 Üst Düzey Akademik İsimler,represents,"aşağıdaki tutarlardan daha yüksek olanını aşan, her nokta, ilgili boyut",isim,C1,,A talent agency represents actors.,Bir yetenek ajansı aktörleri temsil eder.
B2 İleri Akademik İsimler,request,"rica etmek, talep etmek, istem",isim,B2,,It wasn't a request.,O bir rica değildi.
"Alan Odaklı İsimler (Sağlık, Fen & Sosyal)",research,"incelemek, araştırmak, araştırma yapmak",isim,B2,,I did a little research.,Birazcık araştırma yaptım.
"Alan Odaklı İsimler (Sağlık, Fen & Sosyal)",researcher,"araştırmacı, araştırıcı, araştırma görevlisi",isim,C1,"scientist, analyst, investigator","He said, ""I plan to become a researcher.""","O, ""bir araştırmacı olmayı planlıyorum"" dedi."
"Alan Odaklı İsimler (Sağlık, Fen & Sosyal)",researchers,araştırmacılar,isim,C1,,Researchers say that it's easier to lose weight if you eat three square meals a day.,Araştırmacılar günde üç doyurucu yemek yersen kilo vermenin daha kolay olduğunu söylüyor.
C1 Üst Düzey Akademik İsimler,resilience,"elastikiyet, geri tepme, çabuk iyileşme gücü",isim,C1,,The investigation highlighted the critical role of resilience.,Soruşturma elastikiyet kavramının kritik rolünü vurguladı.
B2 İleri Akademik İsimler,resource,"kaynak, kaynak sağlamak, beceriklilik",isim,B2,,Water is a precious resource.,Su çok kıymetli bir kaynaktır.
B2 İleri Akademik İsimler,response,"cevap, karşılık, yanıt",isim,B2,,That's a good response.,O iyi bir yanıt.
B1 Temel Akademik İsimler,rest,"dinlendirmek, dinlenmek, dinlenme",isim,B1,,Can I rest a bit?,Biraz dinlenebilir miyim?
C1 Üst Düzey Akademik İsimler,restlessness,"yerinde duramama, huzursuzluk, uykusuzluk",isim,C1,,His restlessness gave her a hint that something was wrong.,Onun huzursuzluğu ona bir şeylerin yanlış olduğuna dair bir ipucu verdi.
C1 Üst Düzey Akademik İsimler,restoration,"restore etme, restorasyon, restorasyon dönemi",isim,C1,,The investigation highlighted the critical role of restoration.,Soruşturma restore etme kavramının kritik rolünü vurguladı.
C1 Üst Düzey Akademik İsimler,restriction,"sınırlama, kısıtlama, tahdit",isim,C1,,They decided to abolish the old restriction.,Eski kısıtlamayı kaldırmaya karar verdiler.
B1 Temel Akademik İsimler,result,"netice, sonuç, sonucu olmak",isim,B1,,This is a good result.,Bu iyi bir sonuç.
B2 İleri Akademik İsimler,results,"sonuçlar, bulgular",isim,B2,,I want to see results.,Sonuçları görmek istiyorum.
C1 Üst Düzey Akademik İsimler,revolution,"ihtilal, devrim, inkılap",isim,C1,,The French Revolution began in 1789.,Fransız Devrimi 1789 yılında başladı.
B1 Temel Akademik İsimler,ring,"çalmak, yüzük, halka",isim,B1,,We sat in a ring.,Biz daire şeklinde oturduk.
B1 Temel Akademik İsimler,risk,"risk, göze almak, riske etmek",isim,B1,,I can't risk it.,Onu riske edemem.
B1 Temel Akademik İsimler,risks,riskler,isim,B1,,Aren't there any risks?,Herhangi bir risk yok mu?
"Alan Odaklı İsimler (Sağlık, Fen & Sosyal)",rivers,"her yol roma'ya çıkar, su akar yolunu bulur, tilkinin dönüp dolaşıp geleceği yer yine kürkçü dükkanıdır",isim,B1,,There are many rivers in India.,Hindistan'da birçok nehir var.
B1 Temel Akademik İsimler,robber,"soyguncu, hırsız, haydut",isim,B1,,The robber bashed her head in.,Soyguncu onun kafasına vurdu.
B2 İleri Akademik İsimler,robbery,"hırsızlık, soygun, karmanyola",isim,B2,,We're planning a robbery.,Bir soygun planlıyoruz.
B1 Temel Akademik İsimler,role,"rol, rol yapmak, sıfat",isim,B1,,What's Tom's role?,Tom'un rolü nedir?
B1 Temel Akademik İsimler,roller,"silindir, büyük dalga, bobin",isim,B1,,Do you like roller coasters?,Lunapark hızlı trenini sever misin?
B1 Temel Akademik İsimler,root,"köken, kök, deşmek",isim,B1,,Do you like root beer?,Alkolsüz bira sever misin?
B1 Temel Akademik İsimler,rope,"halat, ip, kementle yakalamak",isim,B1,,I need a long rope.,Bana uzun bir ip gerek.
B1 Temel Akademik İsimler,route,"güzergah, rota, sevk etmek",isim,B1,,Can I change the route?,Rotayı değiştirebilir miyim?
B2 İleri Akademik İsimler,routine,"rutin, adet, hergünkü işler",isim,B2,,It's a routine procedure.,Bu rutin bir işlemdir.
B1 Temel Akademik İsimler,row,"sıra, dizi, gürültülü bir şekilde kavga etmek",isim,B1,,I'm on death row.,Ben ölüm hücresindeyim.
"Alan Odaklı İsimler (Sağlık, Fen & Sosyal)",rule,"hüküm sürmek, hükmetmek, kural",isim,B1,,It's a good rule.,Bu iyi bir kural.
B1 Temel Akademik İsimler,sample,"örnek, numune, denemek",isim,B1,,This is a free sample.,Bu ücretsiz bir örnektir.
B2 İleri Akademik İsimler,satellite,"uydu, uşak, peyk",isim,B2,,The satellite is now in orbit.,Uydu şimdi yörüngededir.
B2 İleri Akademik İsimler,scanning,"tarama, gözden geçirme, görüntüleme",isim,B2,,The investigation highlighted the critical role of scanning.,Soruşturma tarama kavramının kritik rolünü vurguladı.
B2 İleri Akademik İsimler,scaring,"korkutma, ürkütme, ürkütücü",isim,B2,,You're scaring the kids.,Çocukları korkutuyorsun.
B1 Temel Akademik İsimler,scene,"sahne, manzara, olay yeri",isim,B1,,Don't make a scene.,Olay çıkartmayın.
B2 İleri Akademik İsimler,schooling,"terbiye, tedrisat, eğitme",isim,B2,,The investigation highlighted the critical role of schooling.,Soruşturma terbiye kavramının kritik rolünü vurguladı.
"Alan Odaklı İsimler (Sağlık, Fen & Sosyal)",science,"ilim, bilim, beceri",isim,B2,,I'm good at science.,Ben bilimde iyiyim.
B2 İleri Akademik İsimler,scientist,"bilgin, bilim insanı, fenci",isim,B2,"researcher, analyst, scholar",I'm not a scientist.,Ben bir bilim adamı değilim.
C1 Üst Düzey Akademik İsimler,scientists,"bilim adamları, bilim insanları",isim,C1,,The scientists analyzed the data.,Bilim adamları veriyi analiz ettiler.
B1 Temel Akademik İsimler,scores,"çok sayı, çok sayıda, skorlar",isim,B1,,Scores of people visited Japan.,Çok sayıda insan Japonyayı ziyaret etti.
B1 Temel Akademik İsimler,seam,"dikiş, dikiş yeri, ters ilmikle örmek",isim,B1,,The investigation highlighted the critical role of seam.,Soruşturma dikiş kavramının kritik rolünü vurguladı.
B2 İleri Akademik İsimler,searcher,"araştırmacı, arayan, arama yapan kimse",isim,B2,,The investigation highlighted the critical role of searcher.,Soruşturma araştırmacı kavramının kritik rolünü vurguladı.
B1 Temel Akademik İsimler,seas,gözlem anında rüzgar etkisiyle oluşan dalgalar,isim,B1,,The investigation highlighted the critical role of seas.,Soruşturma gözlem anında rüzgar etkisiyle oluşan dalgalar kavramının kritik rolünü vurguladı.
B2 İleri Akademik İsimler,seashore,"deniz kıyısı, kıyı, lebiderya",isim,B2,,They made for the seashore.,Onlar sahile doğru gitti.
B2 İleri Akademik İsimler,seaside,"sahil, deniz kıyısı, deniz kenarı",isim,B2,,It's a nice seaside town.,Bu güzel bir sahil kasabası.
B1 Temel Akademik İsimler,second,"saniye, ikinci, destek vermek",isim,B1,,Can I have a second?,Bir saniyenizi alabilir miyim?
B2 İleri Akademik İsimler,security,"güvenlik, emniyet, güvence",isim,B2,,I'm in charge of security.,Güvenlikten sorumluyum.
B2 İleri Akademik İsimler,sedation,"yatıştırma, sakinlik, sedasyon",isim,B2,,The investigation highlighted the critical role of sedation.,Soruşturma yatıştırma kavramının kritik rolünü vurguladı.
B1 Temel Akademik İsimler,seed,"tohum, çekirdeği çıkarmak, çekirdeğini çıkarmak",isim,B1,,When did you seed the lawn?,Çimi ne zaman tohumladın?
B1 Temel Akademik İsimler,seemed,göründü,isim,B1,,He seemed to be ill.,O hasta görünüyordu.
C1 Üst Düzey Akademik İsimler,segregation,"ırk ayrımı, ayrı depolama, ayrı tutma",isim,C1,,The investigation highlighted the critical role of segregation.,Soruşturma ırk ayrımı kavramının kritik rolünü vurguladı.
B2 İleri Akademik İsimler,selection,"seçme, ayırma, seçme şey",isim,B2,,I've made my selection.,Ben seçimimi yaptım.
B1 Temel Akademik İsimler,self,"öz, kendi, özellik",isim,B1,,He is a self-made man.,O kendi kendini yetiştirmiş bir adam.
B2 İleri Akademik İsimler,semester,"sömestr, dönem, sömestir",isim,B2,,I'm taking French this semester.,Bu dönem Fransızca alıyorum.
B2 İleri Akademik İsimler,sensation,"sansasyon, his, algılama",isim,B2,,It was an overnight sensation.,Bu bir gecelik heyecandı.
B1 Temel Akademik İsimler,sense,"algılamak, hissetmek, algı",isim,B1,,Can't you sense it?,Bunu hissedemiyor musun?
B2 İleri Akademik İsimler,session,"celse, oturum, seans",isim,B2,,The Diet is now in session.,Meclis şimdi oturumda.
B2 İleri Akademik İsimler,setback,"gerileme, aksama, yenilgi",isim,B2,,It's only a minor setback.,Bu sadece küçük bir başarısızlık.
B1 Temel Akademik İsimler,setup,"kurma, kurulum, vaziyet",isim,B1,,The investigation highlighted the critical role of setup.,Soruşturma kurma kavramının kritik rolünü vurguladı.
"Alan Odaklı İsimler (Sağlık, Fen & Sosyal)",shape,"şekillendirmek, biçim vermek, şekil vermek",isim,B1,,I'm in bad shape.,Ben kötü durumdayım.
B1 Temel Akademik İsimler,sheep,"koyun, koyun gibi tip, ezik kimse",isim,B1,,I have a lot of sheep.,Bir sürü koyunum var.
B2 İleri Akademik İsimler,shelter,"barınak, sığınak, sığınmak",isim,B2,,A shelter was set up.,Bir barınak kuruldu.
B1 Temel Akademik İsimler,shield,"zırh, siper, kalkan",isim,B1,,I tried to shield you from this.,Seni bundan korumaya çalıştım.
B1 Temel Akademik İsimler,shift,"değiştirmek, vardiya, kaçamak cevap vermek",isim,B1,,Tom's shift is over.,Tom'un vardiyası bitti.
B1 Temel Akademik İsimler,shore,"sahil, kıyı, payanda vurmak",isim,B1,,I swam toward the shore.,Ben kıyıya doğru yüzdüm.
B1 Temel Akademik İsimler,show,"göstermek, gösteri, showed - shown/showed",isim,B1,,I can't show you.,Sana gösteremem.
B2 İleri Akademik İsimler,sickness,"hastalık, dert, bulantı",isim,B2,,She is absent because of sickness.,"O, hastalıktan dolayı mevcut değil."
B1 Temel Akademik İsimler,sight,"görünüş, görme yeteneği, görme",isim,B1,,No one's in sight.,Hiç kimse görünürde değil.
B1 Temel Akademik İsimler,sign,"imzalamak, imza atmak, alamet",isim,B1,,How do I sign up?,Nasıl kaydolurum?
B1 Temel Akademik İsimler,silver,"gümüş, ağarmak, sırlamak",isim,B1,,He won a silver medal.,O gümüş bir madalya kazandı.
B1 Temel Akademik İsimler,sings,"dereyi görmeden paçaları sıvama, son kozu oynamadan her şey bitmiş sayılmaz, henüz her şey bitmedi",isim,B1,,She sings out of tune.,O uyumsuz şarkı söylüyor.
B1 Temel Akademik İsimler,site,"yerleştirmek, oturtmak, açmak",isim,B1,,We're updating the site.,Siteyi güncelliyoruz.
B2 İleri Akademik İsimler,sitting,"oturuş, oturum, oturma",isim,B2,,I'm not sitting here.,Burada oturmuyorum.
B2 İleri Akademik İsimler,situation,"hal, durum, ekmek kapısı",isim,B2,,We've got a situation.,Bir durumumuz var.
"Alan Odaklı İsimler (Sağlık, Fen & Sosyal)",skill,"maharet, beceri, hüner",isim,B1,,He showed a lot of skill.,O bir sürü yetenek gösterdi.
"Alan Odaklı İsimler (Sağlık, Fen & Sosyal)",skills,"vasıflar, beceriler",isim,B1,,Don't you have any skills?,Herhangi bir becerin yok mu?
B1 Temel Akademik İsimler,skin,"soymak, ten, deri",isim,B1,,Your skin is so soft.,Cildiniz çok yumuşak.
C1 Üst Düzey Akademik İsimler,skyscraper,gökdelen,isim,C1,,The skyscraper was built on a solid foundation.,Gökdelen sağlam bir temel üzerine inşa edildi.
C1 Üst Düzey Akademik İsimler,skyscrapers,gökdelenler,isim,C1,,The investigation highlighted the critical role of skyscrapers.,Soruşturma gökdelenler kavramının kritik rolünü vurguladı.
B1 Temel Akademik İsimler,slope,"meyil, bayır, eğim",isim,B1,,It's a slippery slope.,O kaygan bir eğim.
B1 Temel Akademik İsimler,smells,"biri ölmüş gibi kokuyor!, leş gibi kokuyor!, gerçekten çok kötü kokuyor!",isim,B1,,He smells like a goat.,"O, keçi gibi kokuyor."
B2 İleri Akademik İsimler,smoking,"sigara içme, sigara kullanımı, dumanlama",isim,B2,,I can't stop smoking.,Sigarayı bırakamam.
"Alan Odaklı İsimler (Sağlık, Fen & Sosyal)",society,"toplum, dernek, cemiyet",isim,B2,,He is a danger to society.,"O, toplum için bir tehlikedir."
B1 Temel Akademik İsimler,soil,"toprak, pisletmek, leke sürmek",isim,B1,,This is very good soil.,Bu çok iyi toprak.
B2 İleri Akademik İsimler,soldier,"asker, askerlik yapmak, işçi",isim,B2,,I'm a soldier now.,Ben şimdi bir askerim.
B2 İleri Akademik İsimler,soldiers,askerler,isim,B2,,A lot of soldiers died here.,Burada bir sürü asker öldü.
B2 İleri Akademik İsimler,solicitor,"avukat, acente, savcı",isim,B2,,The investigation highlighted the critical role of solicitor.,Soruşturma avukat kavramının kritik rolünü vurguladı.
B2 İleri Akademik İsimler,solution,"çözelti, çözüm, mahlul",isim,B2,,I may have a solution.,Bir çözümüm olabilir.
B2 İleri Akademik İsimler,solutions,"çözüm yolları, çözümler, solüsyonlar",isim,B2,,There are no easy solutions.,Kolay çözümler yoktur.
B2 İleri Akademik İsimler,solving,"çözme, çözüm, kulak tırmalayıcı",isim,B2,,I'm solving a puzzle.,Bir bulmaca çözüyorum.
B1 Temel Akademik İsimler,sort,"sıralamak, sınıflandırmak, cins",isim,B1,,I'm sort of busy.,Hayli meşgulüm.
B2 İleri Akademik İsimler,sorting,"sıralama, derecelenme, sınıflandırma",isim,B2,,We're still sorting it out.,Biz hâlâ onu çözümlüyoruz.
B1 Temel Akademik İsimler,soul,"ruh, kimse, kök",isim,B1,,Don't tell a soul.,Bunu kimseye söyleme.
B2 İleri Akademik İsimler,soundness,"sağlamlık, selamet, iyi durumda olma",isim,B2,,The investigation highlighted the critical role of soundness.,Soruşturma sağlamlık kavramının kritik rolünü vurguladı.
B1 Temel Akademik İsimler,sounds,"sesler, ses efekti",isim,B1,,I know how it sounds.,Kulağa nasıl geldiğini biliyorum.
B1 Temel Akademik İsimler,source,"kaynak, köken, edinmek",isim,B1,,I can't reveal my source.,Kaynağımı söyleyemem.
B2 İleri Akademik İsimler,sources,kaynaklar,isim,B2,,I can't reveal my sources.,Kaynaklarımı söyleyemem.
B1 Temel Akademik İsimler,space,"aralık, açıklık, mekan",isim,B1,,I need a little space.,Biraz yere ihtiyacım var.
B1 Temel Akademik İsimler,spe,özel-amaçlı şirket,isim,B1,,Can we speed it up?,Onu hızlandırabilir miyiz?
C1 Üst Düzey Akademik İsimler,specialist,"uzman, kompetan, uzman doktor",isim,C1,,I'm not a specialist.,Ben bir uzman değilim.
B2 İleri Akademik İsimler,specialty,"spesiyalite, özel anlaşma, ihtisas",isim,B2,,What's Tom's specialty?,Tom'un özel ürünü nedir?
"Alan Odaklı İsimler (Sağlık, Fen & Sosyal)",species,"tür, ortak özellikleri olan grup, hayal",isim,B2,,It is an endangered species.,Nesli tükenmekte olan bir türdür.
B2 İleri Akademik İsimler,spectator,"seyirci, izleyici, temâşâcı",isim,B2,,What's your favorite spectator sport?,Favori gösteri sporun nedir?
B1 Temel Akademik İsimler,speed,"sürat, hız, sped/speeded - sped/speeded",isim,B1,,Can we speed it up?,Onu hızlandırabilir miyiz?
B1 Temel Akademik İsimler,spider,"örümcek, istavroz dişlisi, ayaklı tava",isim,B1,,The spider spun a web.,Örümcek bir ağ ördü.
B1 Temel Akademik İsimler,spot,"leke, benek, nokta",isim,B1,,I am in a spot.,Başım dertte.
B1 Temel Akademik İsimler,spread,"yaymak, yayılmak, spread - spread",isim,B1,,I'll spread the word.,Haberi yayacağım.
B2 İleri Akademik İsimler,spreading,"yaylım, tevsi, yayma",isim,B2,,The rain kept the fire from spreading.,Yağmur yangının yayılmasını engelledi.
B2 İleri Akademik İsimler,stability,"kararlılık, durağanlık, sabitlik",isim,B2,,We're looking for stability.,İstikrar arıyoruz.
B1 Temel Akademik İsimler,staff,"kadro, personel, görevli olarak çalışmak",isim,B1,,I speak French to my staff.,Personelimle Fransızca konuşurum.
B1 Temel Akademik İsimler,stage,"sahneye koymak, sahnelemek, evre",isim,B1,,I fell off the stage.,Sahneden düştüm.
B2 İleri Akademik İsimler,standard,"standart, miyar, sembol",isim,B2,,There's a double standard.,Bir çifte standart var.
"Alan Odaklı İsimler (Sağlık, Fen & Sosyal)",statement,"ifade, söz, beyan",isim,B2,,I have a brief statement.,Benim kısa bir açıklamam var.
B1 Temel Akademik İsimler,status,"hal, statü, durum",isim,B1,,What's Tom's status?,Tom'un statüsü nedir?
B1 Temel Akademik İsimler,stay,"kalmak, kalma süresi, kalma",isim,B1,,I'd love to stay.,Kalmak istiyorum.
B1 Temel Akademik İsimler,steel,"çelik, sertleştirmek, çakmak",isim,B1,,He has a grip of steel.,"O, çelikten yapılmış bir bağaja sahiptir."
B1 Temel Akademik İsimler,step,"üvey, adım, basamak",isim,B1,,It's a big step.,Bu büyük bir adım.
B1 Temel Akademik İsimler,storm,"fırtına, bağırıp çağırmak, fırtına gibi esmek",isim,B1,,It's a monster storm.,Dev gibi bir fırtına.
C1 Üst Düzey Akademik İsimler,storytelling,"hikaye anlatıcılığı, hikaye anlatma sanatı, hikaye anlatma",isim,C1,,The investigation highlighted the critical role of storytelling.,Soruşturma hikaye anlatıcılığı kavramının kritik rolünü vurguladı.
B1 Temel Akademik İsimler,stream,"dere, akarsu, akıp gitmek",isim,B1,,He sat next to the stream.,"O, dereye yakın oturdu."
B2 İleri Akademik İsimler,streams,"oluk oluk, borulardaki gaz akışlarının hız ve debisinin ölçülmesi, borulardaki gaz akımları",isim,B2,,They had to build bridges over the many streams.,Birçok akarsu üzerinde köprü inşa etmek zorundaydılar.
B2 İleri Akademik İsimler,streets,sokaklar,isim,B2,,People took to the streets.,İnsanlar sokaklara döküldü.
B2 İleri Akademik İsimler,strength,"güç, kuvvet, sertlik",isim,B2,,I've lost my strength.,Gücümü kaybettim.
B1 Temel Akademik İsimler,stress,"stres, tonlamak, baskı yapmak",isim,B1,,I'm always under stress.,Her zaman stres altındayım.
B1 Temel Akademik İsimler,string,"sicim, dizi, strung - strung",isim,B1,,The string is very weak.,Halat çok zayıf.
B1 Temel Akademik İsimler,stud,"azgın erkek, damızlık at, iri başlı çivi",isim,B1,,The investigation highlighted the critical role of stud.,Soruşturma azgın erkek kavramının kritik rolünü vurguladı.
"Alan Odaklı İsimler (Sağlık, Fen & Sosyal)",students,öğrenciler,isim,B2,,I think they're students.,Sanırım onlar öğrenci.
B2 İleri Akademik İsimler,studies,"araştırmalar, dersler, çalışmalar",isim,B2,,He studies day and night.,"O, gece gündüz çalışır."
B1 Temel Akademik İsimler,stuff,"şey, tıkınmak, tıkmak",isim,B1,,I had stuff to do.,Yapacak şeylerim vardı.
B1 Temel Akademik İsimler,style,"biçim, tarz, biçem",isim,B1,,It's not my style.,O benim tarzım değil.
B2 İleri Akademik İsimler,subject,"konu, maruz bırakmak, özne",isim,B2,,Let's drop the subject.,Konuyu kapatalım.
B2 İleri Akademik İsimler,substance,"cisim, madde, önem",isim,B2,,Carbon monoxide is a poisonous substance formed by the incomplete combustion of carbon compounds.,Karbon monoksit karbon bileşiklerinin tam yanmamasından oluşan zehirli bir maddedir.
C1 Üst Düzey Akademik İsimler,substances,"tehlikeli atıklar, zehirli nesneler, tehlikeli maddeler",isim,C1,,Do you use any illegal substances?,Yasa dışı madde kullanıyor musunuz?
B2 İleri Akademik İsimler,success,"muvaffakiyet, başarı, başarılmış iş",isim,B2,,I am sure of success.,Ben başarıdan eminim.
B2 İleri Akademik İsimler,sufferer,"acı çeken kimse, hastası olan kimse, çeken kimse",isim,B2,,Relief has been sent to the flood sufferers.,Sellerden etkilenenlere yardım gönderildi.
C1 Üst Düzey Akademik İsimler,suggesting,"gösteren, farzedelim ki, öne süren",isim,C1,,I'm not suggesting that.,Onu önermiyorum.
C1 Üst Düzey Akademik İsimler,suggestion,"telkin, öneri, telkin etme",isim,C1,,I've got a suggestion.,Bir önerim var.
B2 İleri Akademik İsimler,suicide,"intihar, intihar eden kimse, kendini öldürme",isim,B2,,It was a suicide bombing.,O bir intihar bombasıydı.
C1 Üst Düzey Akademik İsimler,suitability,"uygunluk, uygun olma, liyakat",isim,C1,,The investigation highlighted the critical role of suitability.,Soruşturma uygunluk kavramının kritik rolünü vurguladı.
B1 Temel Akademik İsimler,sum,"toplam, tutar, toplamak",isim,B1,,Please sum up your idea.,Lütfen fikrini toparla.
B1 Temel Akademik İsimler,summer,"yaz, yazı geçirmek, hayatın baharı",isim,B1,,I had a bad summer.,Kötü bir yaz mevsimi geçirdim.
B2 İleri Akademik İsimler,sunflower,"ayçiçeği, gündöndü, günçiçeği",isim,B2,,He plants sunflowers in the spring.,"O, ilkbaharda ayçiçeği eker."
B2 İleri Akademik İsimler,superior,"amir, üst, üstün",isim,B2,,He is superior to her in math.,Matematikte ondan daha iyi.
C1 Üst Düzey Akademik İsimler,supervision,"teftiş, nezaret, denetim",isim,C1,,The children need adult supervision.,Çocukların yetişkin gözetimine ihtiyaçları vardır.
C1 Üst Düzey Akademik İsimler,supplement,"ek, tamamlamak, eklemek",isim,C1,,You had better supplement your diet with vitamins.,Diyetini vitaminlerle tamamlasan iyi olur.
C1 Üst Düzey Akademik İsimler,supplements,"ücret ve maaşlara ek ödemeler, yan ödemeler, beslenme ve diyet destekleri",isim,C1,,The investigation highlighted the critical role of supplements.,Soruşturma ücret ve maaşlara ek ödemeler kavramının kritik rolünü vurguladı.
B2 İleri Akademik İsimler,supplying,"donatım, tedarik, sağlama",isim,B2,,They were accused of supplying arms to terrorists.,Onlar teröristlere silah sağlamakla suçlandılar.
"Alan Odaklı İsimler (Sağlık, Fen & Sosyal)",surgery,"ameliyat, ameliyathane, cerrahlık",isim,B2,,It's not brain surgery.,"O, beyin ameliyatı değil."
B2 İleri Akademik İsimler,surrender,"vazgeçmek, teslim olmak, boyun eğmek",isim,B2,,We told them to surrender.,Onlara teslim olmalarını söyledik.
B2 İleri Akademik İsimler,survivor,"hayatta kalan, sağ kalan, sağ kalan kimse",isim,B2,,I'm not the only survivor.,Tek kurtulan ben değilim.
B2 İleri Akademik İsimler,suspense,"tereddüt, erteleme, kesilme",isim,B2,,Don't keep me in suspense.,Beni merakta bırakma.
B1 Temel Akademik İsimler,swap,"değiş tokuş, takas, değiş tokuş yapmak",isim,B1,,Do you want to swap jobs?,İşleri değiştirmek ister misiniz?
B2 İleri Akademik İsimler,swimming,"yüzme, yüzücülük, yüzme sporu",isim,B2,,I'm bad at swimming.,Yüzmede kötüyüm.
B1 Temel Akademik İsimler,switch,"değiştirmek, değişme, anahtar",isim,B1,,Let me fix the switch.,Anahtarı onarayım.
"Alan Odaklı İsimler (Sağlık, Fen & Sosyal)",symptom,"belirti, alamet, emare",isim,B2,,Do you have this symptom often?,Sık sık bu belirtilerin olur mu?
B1 Temel Akademik İsimler,system,"sistem, şebeke, kaide",isim,B1,,It's a good system.,Bu iyi bir sistem.
B1 Temel Akademik İsimler,tail,"kuyruk, kuyruk yapmak, peşine takılmak",isim,B1,,A cow has a long tail.,Bir ineğin uzun bir kuyruğu vardır.
B1 Temel Akademik İsimler,tain,"kalay yaldızı, staniyol, ayna sırı",isim,B1,,The investigation highlighted the critical role of tain.,Soruşturma kalay yaldızı kavramının kritik rolünü vurguladı.
B1 Temel Akademik İsimler,talent,"kabiliyet, hüner, yetenek",isim,B1,,I've got a lot of talent.,Birçok yeteneğim var.
B1 Temel Akademik İsimler,tank,"tank, depoya koymak, tank gibi  hareket etmek",isim,B1,,I have a fish tank.,Benim bir akvaryumum var.
B1 Temel Akademik İsimler,target,"hedef, amaç, gaye",isim,B1,,I can see the target.,Ben hedefi görebiliyorum.
B1 Temel Akademik İsimler,task,"görev, vazife, ödev",isim,B1,,It's a huge task.,Bu büyük bir görev.
B1 Temel Akademik İsimler,tasks,"görevler, ödev",isim,B1,,Leave the hard tasks to me.,Zor işleri bana bırak.
B1 Temel Akademik İsimler,taste,"tatmak, tat, lezzet",isim,B1,,Let me have a taste.,Denememe izin ver.
B1 Temel Akademik İsimler,tastes,"lezzetler, zevkler",isim,B1,,I think it tastes good.,Güzel tat verdiğini düşünüyorum.
B1 Temel Akademik İsimler,team,"takım, ekip, takım halinde yapmak",isim,B1,,He is on the team.,O takımdadır.
B2 İleri Akademik İsimler,technique,"teknik, uygulayım, fen",isim,B2,,It's all about technique.,Teknik meselesi.
C1 Üst Düzey Akademik İsimler,techniques,"taktikler, prosedürler, yöntemler",isim,C1,,I've learned a lot of techniques from Tom.,Tom'dan bir sürü teknik öğrendim.
"Alan Odaklı İsimler (Sağlık, Fen & Sosyal)",technologies,teknolojiler,isim,C1,,The investigation highlighted the critical role of technologies.,Soruşturma teknolojiler kavramının kritik rolünü vurguladı.
"Alan Odaklı İsimler (Sağlık, Fen & Sosyal)",technology,"teknoloji, uygulayımbilim, mühendislik bilgisi",isim,C1,,I am thankful for technology.,Ben teknoloji için minettarım.
B1 Temel Akademik İsimler,teen,"genç, incinme, delikanlı",isim,B1,,She got married in her teens.,"O, onlu yaşlarında evlendi."
B2 İleri Akademik İsimler,teenager,"on üç ile on dokuz yaşlar arasındaki kimse, delikanlı, yeniyetme",isim,B2,,I'm not a teenager.,Ben bir genç değilim.
B2 İleri Akademik İsimler,teenagers,ergenler,isim,B2,,Only teenagers can do that.,Onu yalnızca gençler yapabilir.
"Alan Odaklı İsimler (Sağlık, Fen & Sosyal)",teeth,"diş çıkarmak, dişler, en şiddetli noktası",isim,B1,,I have two bad teeth.,İki kötü dişim var.
C1 Üst Düzey Akademik İsimler,temperature,"sıcaklık, ısı derecesi, ısı",isim,C1,,I took Tom's temperature.,Tom'un ateşini ölçtüm.
C1 Üst Düzey Akademik İsimler,temperatures,"düşük sıcaklıklar, tüm dünyadaki en uç ortam sıcaklıkları, hafifçe yükselen sıcaklıklar",isim,C1,,Milder temperatures are expected next week.,Gelecek hafta daha hafif sıcaklıklar bekleniyor.
B2 İleri Akademik İsimler,tendency,"eğilim, meyletme, çalma",isim,B2,,You have a tendency to exaggerate.,Senin abartma eğilimin var.
B2 İleri Akademik İsimler,tension,"tansiyon, gerginlik, gerilim",isim,B2,,Can you feel the tension?,Gerilimi hissedebiliyor musun?
B2 İleri Akademik İsimler,tensions,gerginlikler,isim,B2,,"In 1959, Cold War tensions eased a little.","1959'da, Soğuk Savaş gerginliği biraz azaldı."
B1 Temel Akademik İsimler,term,"isimlendirmek, terim, dönem",isim,B1,,The term ends next week.,Sömestr gelecek hafta sona eriyor.
B1 Temel Akademik İsimler,terms,"ara, ücret, fiyat",isim,B1,,I agree to your terms.,Şartlarınızı kabul ediyorum.
B2 İleri Akademik İsimler,territory,"yöre, arazi, tarla",isim,B2,,The dog marked its territory.,Köpek bölgesini işaretledi.
B1 Temel Akademik İsimler,tests,sınav,isim,B1,,I just ran some tests.,Ben sadece bazı testler yaptım.
B1 Temel Akademik İsimler,the,"belirli durumlarda isimden önce kullanılır, belli bir objeyi/kişiyi/yeri nitelemek için kullanılır",isim,B1,,I'm at the gym.,Spor salonundayım.
B2 İleri Akademik İsimler,theater,"tiyatro, meydan, sinema salonu",isim,B2,,I was at the theater.,Ben tiyatrodaydım.
B1 Temel Akademik İsimler,theft,"hırsızlık, aşırma, arakçılık",isim,B1,,He is guilty of theft.,"O, hırsızlıktan suçludur."
B1 Temel Akademik İsimler,their,onların,isim,B1,,It wasn't their idea.,Bu onların fikri değildi.
B2 İleri Akademik İsimler,theories,"nazariyat, teoriler",isim,B2,,I have a few theories.,Benim birkaç teorim var.
B1 Temel Akademik İsimler,theory,"teori, kuram, nazariye",isim,B1,,I do have a theory.,Bir teorim var.
"Alan Odaklı İsimler (Sağlık, Fen & Sosyal)",therapies,"tedaviler, terapiler",isim,B2,,The investigation highlighted the critical role of therapies.,Soruşturma tedaviler kavramının kritik rolünü vurguladı.
"Alan Odaklı İsimler (Sağlık, Fen & Sosyal)",therapist,"terapist, sağaltımcı, doktor",isim,B2,,I'm seeing a therapist.,Bir terapistle görüşüyorum.
"Alan Odaklı İsimler (Sağlık, Fen & Sosyal)",therapy,"iyileştirme, tedavi, sağaltım",isim,B2,treatment,I think I need therapy.,Ben terapiye ihtiyacım olduğunu düşünüyorum.
B1 Temel Akademik İsimler,thief,"hırsız, çalınma, hırsızlık",isim,B1,,I'm not a thief.,Ben bir hırsız değilim.
B1 Temel Akademik İsimler,thing,"şey, nesne, olay",isim,B1,,I did a bad thing.,Kötü bir şey yaptım.
B1 Temel Akademik İsimler,things,"eşya, gidişat, giysiler",isim,B1,,I had things to do.,Yapacak işlerim vardı.
B2 İleri Akademik İsimler,thinking,"düşünme, düşünen, düşünüş",isim,B2,,I'm thinking of you.,Ben seni düşünüyorum.
B1 Temel Akademik İsimler,this,"bu, bir serinin veya çiftin genellikle ilk üyesi, yakın geçmişe/geleceğe ait",isim,B1,,I can't do this.,Bunu yapamam.
B1 Temel Akademik İsimler,those,"onlar, şunlar",isim,B1,,It's one of those.,Bu onlardan biri.
"Alan Odaklı İsimler (Sağlık, Fen & Sosyal)",thrill,"heyecan, heyecanlandırmak, etkilemek",isim,B1,,They do it just for the thrill of it.,Onlar onu sadece onun büyük heyecanı için yapıyor.
B1 Temel Akademik İsimler,thrust,"thrust - thrust, saldırmak, dayamak",isim,B1,,I thrust my hand into my pocket.,Elimi cebime soktum.
B2 İleri Akademik İsimler,thunder,"gök gürültüsü, gök gürlemesi, gümbürdemek",isim,B2,,I'm afraid of thunder.,Şimşekten korkuyorum.
B1 Temel Akademik İsimler,timber,"kalas, kereste, payanda vurmak",isim,B1,,The investigation highlighted the critical role of timber.,Soruşturma kalas kavramının kritik rolünü vurguladı.
B2 İleri Akademik İsimler,timbers,"uç kısımları geçme yapacak şekilde birleştirmek, kuş uçmaz kervan geçmez taşrada/kırsalda olan yer, geminin yan tarafındaki en yüksek kaburgalar",isim,B2,,The investigation highlighted the critical role of timbers.,Soruşturma uç kısımları geçme yapacak şekilde birleştirmek kavramının kritik rolünü vurguladı.
B1 Temel Akademik İsimler,tire,"yorulmak, yormak, tekerlek",isim,B1,"exhaust, fatigue, wear out",I got a flat tire.,Patlak bir lastiğim var.
B2 İleri Akademik İsimler,together,"birlikte, beraber, kuyruk",isim,B2,,We'll do it together.,Onu birlikte yapacağız.
B1 Temel Akademik İsimler,tomb,"mezar, türbe, gömmek",isim,B1,,I wonder who's buried in that tomb.,O mezarda kimin gömülü olduğunu merak ediyorum.
B1 Temel Akademik İsimler,tone,"ton, yumuşatmak, uyuşmak",isim,B1,,I don't like your tone.,Ben senin ses tonunu sevmiyorum.
B1 Temel Akademik İsimler,tool,"araç, alet, arabada gitmek",isim,B1,,This is the best tool to use.,Bu kullanmak için en iyi alet.
"Alan Odaklı İsimler (Sağlık, Fen & Sosyal)",tooth,"diş, dişle kaplamak, pütürlü yapmak",isim,B1,,I had a tooth pulled.,Ben bir diş çektirdim.
B1 Temel Akademik İsimler,top,"tepe, baş, üst",isim,B1,,He came out on top.,O zirveye yaklaştı.
B1 Temel Akademik İsimler,touch,"ellemek, dokunmak, değmek",isim,B1,,I'll be in touch.,Ben irtibat halinde olacağım.
B1 Temel Akademik İsimler,towns,"kasabalar, ilçeler",isim,B1,,"You hate small towns, right?","Küçük kasabalardan nefret ediyorsun, değil mi?"
B1 Temel Akademik İsimler,trace,"iz sürmek, izini sürmek, izlemek",isim,B1,,There was no trace of him.,Ondan hiçbir iz yoktu.
B1 Temel Akademik İsimler,track,"izlemek, iz, yol",isim,B1,,We're on track now.,Biz şimdi yoldayız.
B2 İleri Akademik İsimler,trainer,"eğitimci, eğitici, antrenör",isim,B2,,I'm a dog trainer.,Ben bir köpek eğitmeniyim.
B2 İleri Akademik İsimler,training,"eğitim, alıştırma, idman",isim,B2,,I'm still in training.,Hâlâ stajdayım.
B2 İleri Akademik İsimler,transfer,"nakletmek, aktarmak, devretmek",isim,B2,,Do I need to transfer?,Benim transfer etmem gerekiyor mu?
C1 Üst Düzey Akademik İsimler,transformation,"dönüşüm, dönüştürme, inkılap",isim,C1,,The investigation highlighted the critical role of transformation.,Soruşturma dönüşüm kavramının kritik rolünü vurguladı.
C1 Üst Düzey Akademik İsimler,transparency,"şeffaflık, saydamlık, diyapozitif",isim,C1,,Is transparency a bad thing?,Şeffaflık kötü bir şey mi?
B2 İleri Akademik İsimler,transport,"taşımak, nakletmek, nakil",isim,B2,,The box was crushed during transport and the contents flew out.,Taşıma sırasında kutu ezildi ve içindekiler dışarı uçtu.
C1 Üst Düzey Akademik İsimler,transportation,"taşıma, nakliye, ulaştırma",isim,C1,,We have no means of transportation.,Taşımacılık araçlarımız yok.
"Alan Odaklı İsimler (Sağlık, Fen & Sosyal)",treatment,"tedavi, sağlık bakımı, muamele",isim,B2,"medication, cure, therapy, remedy",I expect no special treatment.,Özel muamele görmeyi beklemiyorum.
"Alan Odaklı İsimler (Sağlık, Fen & Sosyal)",treatments,"yeni tedaviler, iklimsel özel vasıtalar ve tıbbi tedavi konularında karşılıklı yardıma dair avrupa sözleşmesi, alüminyum alaşımlarının anodik işlemleri",isim,C1,,How much will all the treatments cost?,Tüm tedaviler ne kadara mal olacak?
B2 İleri Akademik İsimler,trekking,"yolculuk etme, yürüyüş, doğa yürüyüşü",isim,B2,,The investigation highlighted the critical role of trekking.,Soruşturma yolculuk etme kavramının kritik rolünü vurguladı.
B1 Temel Akademik İsimler,trend,"eğilim göstermek, meyletmek, eğimli olmak",isim,B1,,This is a new trend.,Bu yeni bir moda.
B1 Temel Akademik İsimler,trends,"eğilimler, trendler",isim,B1,,I gave up keeping up with trends.,Tendlere yetişmekten vazgeçtim.
B1 Temel Akademik İsimler,trick,"oyuna getirmek, oyun etmek, kandırmak",isim,B1,,It's not a trick.,Bu bir hile değil.
B1 Temel Akademik İsimler,tricks,"çeşitli ufak tefek eşyalar, şahsi eşyalar, pılı pırtı",isim,B1,,Don't try any tricks.,Herhangi bir hile yapma.
B2 İleri Akademik İsimler,trigger,"tetiklemek, tetik, tetiği çekip ateşlemek",isim,B2,,Don't pull the trigger.,Tetiği çekme.
B2 İleri Akademik İsimler,trouble,"sorun, dert, zahmet",isim,B2,,I'm in bad trouble.,Başım kötü belada.
B2 İleri Akademik İsimler,troubles,"beliyyat, sorunlar",isim,B2,,That's what troubles me.,Beni rahatsız eden bu.
B1 Temel Akademik İsimler,truck,"kamyon, takas etmek, trampa etmek",isim,B1,,I'll get my truck.,Kamyonumu alacağım.
B1 Temel Akademik İsimler,trucks,"kamyonet, canavar kamyonlar, beton karıştırıcı",isim,B1,,A lot of people around here drive trucks.,Buralarda birçok insan kamyon sürer.
B1 Temel Akademik İsimler,trunk,"gövde, kutuya koymak, bagaja koymak",isim,B1,,Has my trunk come yet?,Bavulum geldi mi?
B1 Temel Akademik İsimler,trust,"güvenmek, güven, inancı olmak",isim,B1,,I can't trust Tom.,Tom'a güvenemem.
B1 Temel Akademik İsimler,tube,"tüp, boru, tüp içine koymak",isim,B1,,Please buy a tube of toothpaste.,Lütfen bir tüp diş macunu al.
B1 Temel Akademik İsimler,tumor,"ur, tümör, şiş",isim,B1,,I have a brain tumor.,Bir beyin tümörüm var.
B1 Temel Akademik İsimler,tumors,tümörler,isim,B1,,The investigation highlighted the critical role of tumors.,Soruşturma tümörler kavramının kritik rolünü vurguladı.
B1 Temel Akademik İsimler,tunnel,"tünel, tünel açmak, tünelden geçmek",isim,B1,,Don't go through this tunnel.,Bu tünelden gitme.
B1 Temel Akademik İsimler,turkey,"türkiye, hindi, işleri yüzüne gözüne bulaştıran kimse",isim,B1,,I eat a lot of turkey.,Çok hindi yerim.
B2 İleri Akademik İsimler,turning,"çevirme dili, köşe, dönüş yeri",isim,B2,,I'm not turning back.,Ben geri dönmüyorum.
B1 Temel Akademik İsimler,tutor,"özel öğretmen, ders vermek, özel ders vermek",isim,B1,,We hired a chemistry tutor for Tom.,Tom için özel kimya dersi tuttuk.
B1 Temel Akademik İsimler,type,"yazmak, tür, tip",isim,B1,,I'm not her type.,Onun tipi değilim.
C1 Üst Düzey Akademik İsimler,typewriter,"daktilo, yazı makinesi, daktilo makinesi",isim,C1,,May I use your typewriter?,Ben senin daktilonu kullanabilir miyim?
B1 Temel Akademik İsimler,un,un,isim,B1,,What does UN stand for?,BM ne anlama geliyor?
B2 İleri Akademik İsimler,uncover,"ortaya çıkarmak, örtüsünü kaldırmak, açmak",isim,B2,,I'm just trying to uncover the truth.,Ben sadece gerçeği ortaya çıkarmaya çalışıyorum.
C1 Üst Düzey Akademik İsimler,understanding,"kavrayış, anlama, anlayış",isim,C1,,I keep on not understanding.,Anlamamaya devam ediyorum.
B1 Temel Akademik İsimler,une,"doğru, kesir çizgisi, yanal doğru",isim,B1,,The investigation highlighted the critical role of une.,Soruşturma doğru kavramının kritik rolünü vurguladı.
C1 Üst Düzey Akademik İsimler,unevenness,"düzgünsüzlük, pürüz, yamukluk",isim,C1,,The investigation highlighted the critical role of unevenness.,Soruşturma düzgünsüzlük kavramının kritik rolünü vurguladı.
B1 Temel Akademik İsimler,unrest,"huzursuzluk, bozgun, kargaşa",isim,B1,,The unrest lasted three days.,Huzursuzluk üç gün sürdü.
B1 Temel Akademik İsimler,upper,"üst, yukarı, saya",isim,B1,,He belongs to the upper class.,"O, üst sınıfa aittir."
B1 Temel Akademik İsimler,ure,"üre, yaban öküzü",isim,B1,,The investigation highlighted the critical role of ure.,Soruşturma üre kavramının kritik rolünü vurguladı.
B1 Temel Akademik İsimler,use,"kullanmak, kullanım, kullanma",isim,B1,,I can't use it.,Onu kullanamam.
C1 Üst Düzey Akademik İsimler,usefulness,"fayda, hayır, faydalılık",isim,C1,,The investigation highlighted the critical role of usefulness.,Soruşturma fayda kavramının kritik rolünü vurguladı.
B1 Temel Akademik İsimler,users,"bir malı tüketenler veya onu ara malı olarak talep edenler, kullanıcılar, kişiler",isim,B1,,Refer to the Users' Guide if you have any problems.,Herhangi bir sorununuz varsa Kullanıcı Kılavuzu'na bakın.
B1 Temel Akademik İsimler,utter,"dile getirmek, basmak, buyurmak",isim,B1,,He was an utter stranger.,Tam bir yabancıydı.
B2 İleri Akademik İsimler,vacation,"tatil, tatil yapmak, izin",isim,B2,,I'm here on vacation.,Tatil için buradayım.
"Alan Odaklı İsimler (Sağlık, Fen & Sosyal)",vaccination,"aşılama, aşı yapma, aşı",isim,C1,,The vaccination left a funny little mark on my arm.,Aşı kolumda komik küçük bir iz bıraktı.
"Alan Odaklı İsimler (Sağlık, Fen & Sosyal)",vaccine,"aşı, aşı maddesi, aşıya ait",isim,B2,,Do you have the vaccine?,Aşınız var mı?
B1 Temel Akademik İsimler,value,"değer vermek, paha biçmek, değer biçmek",isim,B1,,Is that a fair value?,O adil bir değer mi?
B2 İleri Akademik İsimler,variables,değişkenler,isim,B2,,It depends upon several variables.,Birkaç değişkene bağlıdır.
B2 İleri Akademik İsimler,variation,"varyasyon, farklılık, fark",isim,B2,,The investigation highlighted the critical role of variation.,Soruşturma varyasyon kavramının kritik rolünü vurguladı.
B2 İleri Akademik İsimler,variety,"çeşitlilik, çeşit, sosis",isim,B2,,He grew a variety of crops.,Çeşitli ekinler yetiştirdi.
B2 İleri Akademik İsimler,vehicle,"araç, taşıt, vasıta",isim,B2,,Step away from the vehicle.,Araçtan uzaklaş.
B2 İleri Akademik İsimler,vehicles,"taşıt araçları, taşıtlar",isim,B2,,"Cars, buses, and trucks are all vehicles.","Arabalar, otobüsler, kamyonlar; hepsi birer araçtır."
B1 Temel Akademik İsimler,vein,"damar, damarlarla kaplamak, huy",isim,B1,,A dye was injected into a vein of the patient's arm.,Bir boya hastanın kol damarına enjekte edilebilir.
B2 İleri Akademik İsimler,venture,"girişim, tehlikeye atmak, riske atmak",isim,B2,,Spying on gangsters was a dangerous venture.,Gangasterlerle ilgili casusluk yapmak tehlikeli bir girişimdi.
B1 Temel Akademik İsimler,view,"incelemek, görüş, bakış",isim,B1,,Did you enjoy the view?,Manzara hoşuna gitti mi?
B1 Temel Akademik İsimler,viewer,"izleyici, seyirci, vizyonöz",isim,B1,,Television enlightens the viewers as well as entertains them.,Televizyon izleyicileri eğlendirmesinin yanı sıra onları aydınlatır.
B1 Temel Akademik İsimler,vision,"görme, hayal gibi görmek, görme kuvveti",isim,B1,,I just had a vision.,Sadece bir görüşüm vardı.
B2 İleri Akademik İsimler,visitor,"ziyaretçi, ziyarete giden kimse, zair",isim,B2,,We've got a visitor.,Bir konuğumuz var.
B1 Temel Akademik İsimler,voice,"ses, ses tellerini titreştirerek oluşturmak, dile getirmek",isim,B1,,It's Tom's voice.,"O, Tom'un sesi."
B2 İleri Akademik İsimler,waiting,"bekleyiş, bekleme, refakat",isim,B2,,I'm sick of waiting.,Beklemekten bıktım.
B2 İleri Akademik İsimler,walking,"yürüyüş, yürüme, yürüyen",isim,B2,,I don't mind walking.,Yürüyüşe itirazım yok.
B1 Temel Akademik İsimler,wander,"başıboş dolaşmak, dolaşmak, amaçsızca dolaşmak",isim,B1,,Don't wander too far.,Çok uzağa gitme.
"Alan Odaklı İsimler (Sağlık, Fen & Sosyal)",war,"harp, savaş, savaş halinde olmak",isim,B1,,He is a war orphan.,"O, bir savaş yetimidir?"
"Alan Odaklı İsimler (Sağlık, Fen & Sosyal)",warming,"dayak atma, ısınma, ısıtma",isim,B2,,I'm just warming up.,Daha yeni ısınıyorum.
"Alan Odaklı İsimler (Sağlık, Fen & Sosyal)",warmth,"sıcaklık, ısı, ateşlilik",isim,B1,,I remember the warmth of his arms.,Onun kollarının sıcaklığını hatırlıyorum.
"Alan Odaklı İsimler (Sağlık, Fen & Sosyal)",warrior,"savaşçı, cenkçi, silahşor",isim,B2,,The warrior is conscious of both his strength and his weakness.,Savaşçı hem gücünün hem de zayıflığının bilincindedir.
B2 İleri Akademik İsimler,washing,"yıkanma, yıkama, bulaşık yıkama",isim,B2,,He is washing a car.,O bir araba yıkıyor.
B1 Temel Akademik İsimler,way,"yol, taraf, tarz",isim,B1,,I'm on my way.,Ben yoldayım.
B1 Temel Akademik İsimler,ways,"yollar, kızak",isim,B1,,We have a ways to go.,Gidecek bir yolumuz var.
B1 Temel Akademik İsimler,wealth,"varlık, zenginlik, servet",isim,B1,,Health is better than wealth.,Sağlık servetten daha iyidir.
"Alan Odaklı İsimler (Sağlık, Fen & Sosyal)",weather,"hava, hava durumu, yalpalamak",isim,B2,,"Nice weather, isn't it?","Güzel hava, değil mi?"
B1 Temel Akademik İsimler,weaver,"dokumacı, dokuyucu, çulha",isim,B1,,The investigation highlighted the critical role of weaver.,Soruşturma dokumacı kavramının kritik rolünü vurguladı.
B2 İleri Akademik İsimler,weekend,"hafta sonu, hafta sonunu geçirmek, haftasonu",isim,B2,,I had a good weekend.,İyi bir hafta sonu geçirdim.
B1 Temel Akademik İsimler,weight,"ağırlık yapmak, sıklet, ağırlık",isim,B1,,I've put on weight.,Ben kilo aldım.
B2 İleri Akademik İsimler,welfare,"gönenç, refah, yardım",isim,B2,,I'll live on welfare.,Ben refah yaşayacağım.
B1 Temel Akademik İsimler,well,"kuyu, iyi, peki",isim,B1,,He's in the well.,O kuyudadır.
B2 İleri Akademik İsimler,wellbeing,"iyilik, saadet, sağlık",isim,B2,,The investigation highlighted the critical role of wellbeing.,Soruşturma iyilik kavramının kritik rolünü vurguladı.
B2 İleri Akademik İsimler,wellness,"zindelik, sağlık, sıhhat",isim,B2,,The investigation highlighted the critical role of wellness.,Soruşturma zindelik kavramının kritik rolünü vurguladı.
B1 Temel Akademik İsimler,what,"ne, neyi, hangi",isim,B1,,It's what I am.,Ben buyum.
B2 İleri Akademik İsimler,wherever,"nerede, nereye, her nerede",isim,B2,,I'll go wherever you go.,Gittiğin her yere gideceğim.
B1 Temel Akademik İsimler,whose,"isim olarak kullanılan yancümlenin başında bulunur, sıfat olarak kullanılan yancümlenin başında bulunur, kimin",isim,B1,,Whose turn is it now?,Şimdi kimin sırası?
"Alan Odaklı İsimler (Sağlık, Fen & Sosyal)",will,"vasiyet, irade, dilemek",isim,B1,,I will buy a car.,Bir araba alacağım.
B1 Temel Akademik İsimler,wire,"telle bağlamak, tel takmak, telle çevirmek",isim,B1,,It's a wire cage.,Bu bir kafes.
B1 Temel Akademik İsimler,wisdom,"akıl, bilgelik, hikmet",isim,B1,knowledge,He is a man of wisdom.,"O, bilge bir adam."
B2 İleri Akademik İsimler,witness,"şahit olmak, şahitlik etmek, tanık olmak",isim,B2,,We've got a witness.,Bir görgü tanığımız var.
B2 İleri Akademik İsimler,witnesses,"tanıklar, şahitler, görgü tanıkları",isim,B2,,There weren't any witnesses.,Herhangi bir tanık yoktu.
B1 Temel Akademik İsimler,wives,eşler,isim,B1,,I have three ex-wives.,Üç eski karım var.
B1 Temel Akademik İsimler,wood,"odun, tahta, ahşap",isim,B1,,I like to chop wood.,Tahta doğramayı severim.
B1 Temel Akademik İsimler,worker,"işçi, adam, amele",isim,B1,,I'm a hard worker.,Ben çok çalışkanım.
B2 İleri Akademik İsimler,workers,işçi sınıfı,isim,B2,,He hired some new workers.,O bazı yeni işçileri işe aldı.
B2 İleri Akademik İsimler,workplace,"işyeri, iş yeri, dükkan",isim,B2,,Always keep your workplace organized.,Her zaman iş yerinizi düzenli tutun.
B1 Temel Akademik İsimler,works,"yapıtlar, fabrika, tesis",isim,B1,,He works at a bank.,O bir bankada çalışıyor.
"Alan Odaklı İsimler (Sağlık, Fen & Sosyal)",workshop,"çalıştay, seminer, zanaatçıya ait atölye",isim,B2,,I am working at the workshop.,Ben atölyede çalışıyorum.
B1 Temel Akademik İsimler,worth,"değer, eder, çap",isim,B1,,It's worth a try.,Denemeye değer.
"Alan Odaklı İsimler (Sağlık, Fen & Sosyal)",wr,"kırmızı renkli, monoazo bir organik pigment",isim,B1,,I'd like to wring Tom's neck.,Tom'un boynunu sıkmak istiyorum.
B1 Temel Akademik İsimler,yard,"bahçe, avlu, açıklık",isim,B1,,We have a big yard.,Büyük bir bahçemiz var.
B1 Temel Akademik İsimler,yeah,"tamam, he, evet",isim,B1,,"Yeah. I think so, too.",Evet. Ben de öyle düşünüyorum.
B1 Temel Akademik İsimler,years,"yıllar, yıl",isim,B1,,Give it a few years.,Ona birkaç yıl ver.
B1 Temel Akademik İsimler,yes,"evet, olumlu cevap, olumlu oy",isim,B1,,I won't say yes.,Evet demeyeceğim.
B1 Temel Akademik İsimler,yogurt,yoğurt,isim,B1,,I'd like some yogurt.,Biraz yoğurt isterim.
B1 Temel Akademik İsimler,you're,"tehlikedesin, yaşlısın diye haklı olman gerekmiyor, umarım ne yaptığını biliyorsundur",isim,B1,,The investigation highlighted the critical role of you're.,Soruşturma tehlikedesin kavramının kritik rolünü vurguladı.
B1 Temel Akademik İsimler,your,"senin, sizin",isim,B1,,Am I in your way?,Ben senin yolunda mıyım?
B1 Temel Akademik İsimler,youth,"gençlik, genç, genç kişi",isim,B1,,I spent my youth there.,Gençliğimi orada geçirdim.
B1 Temel Akademik İsimler,zone,"kuşak, bölge, bir yerde ancak belirli bir faaliyete izin vermek",isim,B1,,It's like a war zone there.,Bu orada bir savaş bölgesi gibi.
