Ana Klasör,Alt Klasör,Kelime,Türkçe Anlamı,Tür,Seviye,Eş Anlamlılar,Örnek Cümle (İngilizce),Örnek Cümle (Türkçe)
Kütüphane: Akademik İsimler,B1 Temel Akademik İsimler,a,"belirli bir tür veya nitelikteki, en yüksek not, ingiliz alfabesinin birinci harfi",isim,B1,,I'm in a fix.,Zor durumdayım.
Kütüphane: Akademik Fiiller,B1 Temel Sınav Fiilleri,abate,"geçmek, yatıştırmak, indirmek",fiil,B1,,The storm didn't abate for several hours.,Fırtına birkaç saattir yavaşlamadı.
Kütüphane: Akademik İsimler,B2 İleri Akademik İsimler,ability,"hüner, kabiliyet, yetenek",isim,B2,,I really trust his ability.,Ben gerçekten onun yeteneğine güveniyorum.
Kütüphane: Sıfatlar & Zarflar,B1-B2 Sık Çıkan Akademik Sıfatlar,able,"hünerli, kadir, gücü yeten",sıfat,B1,,I'm able to run.,Koşabilirim.
Kütüphane: Bağlaçlar & Edatlar,Koşul ve Eklemeler,about,"hemen hemen, aşağı yukarı, yaklaşık",edat,B1,,He's about to go.,Gitmek üzere.
Kütüphane: Bağlaçlar & Edatlar,Koşul ve Eklemeler,above,"üzerine, yukarısında, yukarıda",edat,B1,,It's right above you.,O tam senin üzerinde.
Kütüphane: Sıfatlar & Zarflar,B1-B2 Sık Çıkan Akademik Sıfatlar,abrupt,"birdenbire oluveren, ani, sert",sıfat,B1,,Don't make abrupt moves.,Ani hareket yapmayın.
Kütüphane: Sıfatlar & Zarflar,B1-B2 Sık Çıkan Akademik Sıfatlar,absolute,"tam, mutlak, salt",sıfat,B2,,He's an absolute fool.,O katışıksız bir aptal.
Kütüphane: Akademik Fiiller,B2 İleri Akademik Fiiller,abstain,"imtina etmek, çekinmek, kaçınmak",fiil,B2,,Athletes usually abstain from smoking.,Atletler genellikle sigaradan kaçınırlar.
Kütüphane: Akademik İsimler,B1 Temel Akademik İsimler,abuse,"suistimal etmek, kötüye kullanmak, suistimal",isim,B1,,Child abuse is a crime.,Çocuk istismarı suçtur.
Kütüphane: Sıfatlar & Zarflar,B1-B2 Sık Çıkan Akademik Sıfatlar,academic,"akademik, üniversite öğretim görevlisi, öğretim görevlisi",sıfat,B2,,My interest in politics is strictly academic.,Siyasete ilgim tamamen akademik.
Kütüphane: Akademik Fiiller,B1 Temel Sınav Fiilleri,accept,"kabullenmek, kabul etmek, almak",fiil,B1,,I don't accept it.,Onu kabul etmiyorum.
Kütüphane: Akademik İsimler,B1 Temel Akademik İsimler,access,"erişim, erişme, giriş",isim,B1,,He had access to the papers.,Onun belgelere erişim hakkı vardı.
Kütüphane: Akademik İsimler,C1 Üst Düzey Akademik İsimler,accessibility,"ulaşılırlık, giriş imkanı, kolaylıkla görüşülebilir olma",isim,C1,,The investigation highlighted the critical role of accessibility.,Soruşturma ulaşılırlık kavramının kritik rolünü vurguladı.
Kütüphane: Sıfatlar & Zarflar,C1 İleri Niteleme Sıfatları,accessible,"ulaşılabilir, erişilebilir, kolaylıkla görüşülebilen",sıfat,C1,,The town is accessible by rail.,Şehre demir yolu ile erişilebilir.
Kütüphane: Akademik İsimler,C1 Üst Düzey Akademik İsimler,accommodation,"konaklama, kalacak yer, konfor",isim,C1,,We need accommodation for six.,Altı kişi için kalacak yere ihtiyacımız var.
Kütüphane: Sıfatlar & Zarflar,C1 İleri Niteleme Sıfatları,accomplished,"başarıyla sonlandırılmış, başarılmış, yetenekli",sıfat,C1,,We've accomplished a lot.,Çok şey başardık.
Kütüphane: Akademik İsimler,C1 Üst Düzey Akademik İsimler,accomplishment,"başarma, becerme, başarılan iş",isim,C1,,It's a great accomplishment.,Bu büyük bir başarı.
Kütüphane: Akademik İsimler,B2 İleri Akademik İsimler,according,"uyma, binaenaleyh, uyarak",isim,B2,,It all went according to plan.,Onun hepsi plana göre gitti.
Kütüphane: Akademik İsimler,B2 İleri Akademik İsimler,account,"hesap, açıklamasını yapmak, avlamak",isim,B2,,Put it on my account.,Bunu benim hesabıma yatır.
Kütüphane: Akademik Fiiller,B2 İleri Akademik Fiiller,accurate,"doğru, kesin, dakik",fiil,B2,,I hope this is accurate.,İnşallah bu doğrudur.
Kütüphane: Akademik Fiiller,B1 Temel Sınav Fiilleri,accuse,"suçlamak, itham etmek, suçlamada bulunmak",fiil,B1,,Don't accuse him of that.,Onu onunla suçlama.
Kütüphane: Sıfatlar & Zarflar,B1-B2 Sık Çıkan Akademik Sıfatlar,accused,"zanlı, sanık, suçlu",sıfat,B2,,He is accused of murder.,O cinayetle suçlanıyor.
Kütüphane: Akademik İsimler,C1 Üst Düzey Akademik İsimler,achievement,"başarı, eser, edinim",isim,C1,,It's a big achievement.,O büyük bir başarı.
Kütüphane: Akademik Fiiller,B2 İleri Akademik Fiiller,acquire,"elde etmek, edinmek, iktisap etmek",fiil,B2,,It's very difficult to acquire.,Kazanmak çok zordur.
Kütüphane: Bağlaçlar & Edatlar,Zaman ve Süreç Edatları,across,"karşıya, aşırı, karşı karşıya",edat,B1,,I cut across the park.,Parka kestirmeden gittim.
Kütüphane: Akademik İsimler,B1 Temel Akademik İsimler,act,"davranmak, hareket etmek, eylem",isim,B1,,It's all an act.,Hepsi numara.
Kütüphane: Akademik İsimler,B1 Temel Akademik İsimler,action,"çalışma, davranış, aksiyon",isim,B1,,It's time for action.,Eylem zamanı.
Kütüphane: Sıfatlar & Zarflar,Akademik Zarflar (-ly / Derece),actively,"bilfiil, aktif olarak, etkin bir şekilde",zarf,B2,,The empirical results of the study were remarkably actively.,Çalışmanın ampirik sonuçlarının son derece bilfiil olduğu görüldü.
Kütüphane: Akademik İsimler,B2 İleri Akademik İsimler,activists,"siyasal eylemciler, hayvan hakları savunucuları",isim,B2,,The activists deny the accusations.,Eylemciler suçlamaları reddediyor.
Kütüphane: Akademik İsimler,C1 Üst Düzey Akademik İsimler,activities,"icraat, aktiviteler, etkinlikler",isim,C1,,I'm fully aware of Tom's activities.,Tom'un faaliyetlerinin tamamen farkındayım.
Kütüphane: Akademik İsimler,B2 İleri Akademik İsimler,activity,"etkinlik, faaliyet, meşguliyet",isim,B2,,This is a fun activity.,"Bu, eğlenceli bir aktivite."
Kütüphane: Akademik Fiiller,B1 Temel Sınav Fiilleri,adapt,"adapte etmek, uyarlamak, uymak",fiil,B1,,You just have to adapt.,Sadece uyarlamak zorundasın.
Kütüphane: Sıfatlar & Zarflar,B1-B2 Sık Çıkan Akademik Sıfatlar,adaptable,"uyabilen, uyumlu, yeni koşullara uyarlanabilen",sıfat,B2,,The empirical results of the study were remarkably adaptable.,Çalışmanın ampirik sonuçlarının son derece uyabilen olduğu görüldü.
Kütüphane: Sıfatlar & Zarflar,B1-B2 Sık Çıkan Akademik Sıfatlar,adaptive,"uyarlanır, uyabilen, uyar",sıfat,B2,,The empirical results of the study were remarkably adaptive.,Çalışmanın ampirik sonuçlarının son derece uyarlanır olduğu görüldü.
Kütüphane: Akademik Fiiller,B1 Temel Sınav Fiilleri,add,"toplamak, eklemek, ilave etmek",fiil,B1,,Add it to my bill.,Hesabıma ekle.
Kütüphane: Sıfatlar & Zarflar,B1-B2 Sık Çıkan Akademik Sıfatlar,added,"munzam, katma, ekli",sıfat,B1,,He added to his savings.,"O, birikimlerini topladı."
Kütüphane: Akademik İsimler,B1 Temel Akademik İsimler,adding,"ekleme, cemi, izafe",isim,B1,,I'm adding the last touch.,Son rötuşları yapıyorum.
Kütüphane: Akademik İsimler,B2 İleri Akademik İsimler,addition,"ek, ilave, toplama",isim,B2,,Do you need anything in addition?,Buna ek olarak bir şeye ihtiyacın var mı?
Kütüphane: Sıfatlar & Zarflar,C1 İleri Niteleme Sıfatları,additional,"fazladan, ek, ilave",sıfat,C1,,There is an additional problem.,Ek bir sorun var.
Kütüphane: Akademik İsimler,C1 Üst Düzey Akademik İsimler,addressing,"retorik, sesleniş, hitabet",isim,C1,,He always talks as though he were addressing a public meeting.,O her zaman halka açık bir toplantıya sesleniyor gibi konuşur.
Kütüphane: Akademik Fiiller,B2 İleri Akademik Fiiller,adequate,"yeterli, kafi, elverişli",fiil,B2,,I don't consider that adequate.,Bunun yeterli olduğunu düşünmüyorum.
Kütüphane: Akademik Fiiller,B1 Temel Sınav Fiilleri,adjust,"ayarlamak, hizaya getirmek, uydurmak",fiil,B1,,We had to adjust everything.,Her şeyi ayarlamak zorunda kaldık.
Kütüphane: Sıfatlar & Zarflar,C1 İleri Niteleme Sıfatları,adjustable,"ayarlı, ayarlanır, ayarlanabilir",sıfat,C1,,The empirical results of the study were remarkably adjustable.,Çalışmanın ampirik sonuçlarının son derece ayarlı olduğu görüldü.
Kütüphane: Akademik İsimler,B1 Temel Akademik İsimler,admin,"yönetici, idare, yönetim",isim,B1,,The investigation highlighted the critical role of admin.,Soruşturma yönetici kavramının kritik rolünü vurguladı.
Kütüphane: Akademik İsimler,C1 Üst Düzey Akademik İsimler,administer,"yönetmek, idare etmek, tatbik etmek",isim,C1,,He administered his friend's affairs.,"O, arkadaşlarının işlerini idare etti."
Kütüphane: Akademik İsimler,"Alan Odaklı İsimler (Sağlık, Fen & Sosyal)",administration,"yönetim, idare, yerine getirme",isim,C1,,Give the administration a chance.,Yönetime bir şans ver.
Kütüphane: Akademik Fiiller,B1 Temel Sınav Fiilleri,admit,"itiraf etmek, kabul etmek, almak",fiil,B1,,I admit I do that.,Bunu yaptığımı kabul ediyorum.
Kütüphane: Sıfatlar & Zarflar,B1-B2 Sık Çıkan Akademik Sıfatlar,admitted,"kabul edilen, kabul edilmiş, herkesçe bilinen",sıfat,B2,,I admitted I did it.,Bunu yaptığımı itiraf ettim.
Kütüphane: Akademik İsimler,C1 Üst Düzey Akademik İsimler,adolescence,"ergenlik çağı, ergenlik, büyüme çağı",isim,C1,,The investigation highlighted the critical role of adolescence.,Soruşturma ergenlik çağı kavramının kritik rolünü vurguladı.
Kütüphane: Sıfatlar & Zarflar,C1 İleri Niteleme Sıfatları,adolescent,"ergen, gençlik, genç",sıfat,C1,,The audience were mostly adolescents.,Seyirciler genellikle gençti.
Kütüphane: Sıfatlar & Zarflar,B1-B2 Sık Çıkan Akademik Sıfatlar,adult,"yetişkin, er kişi, yetişkin kişi",sıfat,B1,,I'm an adult now.,Artık bir yetişkinim.
Kütüphane: Akademik İsimler,B2 İleri Akademik İsimler,adult's,"yetişkin, yetişkin gözetiminde bulunmak, yetişkin gözetiminde olmak",isim,B2,,The investigation highlighted the critical role of adult's.,Soruşturma yetişkin kavramının kritik rolünü vurguladı.
Kütüphane: Akademik İsimler,B2 İleri Akademik İsimler,adulthood,"erişkinlik dönemi, erginlik, yetişkinlik",isim,B2,,The investigation highlighted the critical role of adulthood.,Soruşturma erişkinlik dönemi kavramının kritik rolünü vurguladı.
Kütüphane: Akademik İsimler,B2 İleri Akademik İsimler,advance,"terfi ettirmek, avans vermek, geliştirmek",isim,B2,,We knew that in advance.,Biz önceden biliyorduk.
Kütüphane: Akademik İsimler,C1 Üst Düzey Akademik İsimler,advancement,"ilerleme, yükselme, gelişme",isim,C1,,Does this job offer opportunities for advancement?,"Bu iş, ilerleme için fırsatlar sunuyor mu?"
Kütüphane: Akademik İsimler,C1 Üst Düzey Akademik İsimler,advancements,teknolojik gelişmeler,isim,C1,,The investigation highlighted the critical role of advancements.,Soruşturma teknolojik gelişmeler kavramının kritik rolünü vurguladı.
Kütüphane: Akademik İsimler,B2 İleri Akademik İsimler,advances,"avanslar, arkadaşlık teklifleri, göze girmek için yapılan öneriler",isim,B2,,Recent advances in medicine are remarkable.,Tıptaki son gelişmeler dikkat çekiyor.
Kütüphane: Sıfatlar & Zarflar,B1-B2 Sık Çıkan Akademik Sıfatlar,adverse,"olumsuz, aksi, ters",sıfat,B2,,Is there any adverse reaction?,Herhangi bir olumsuz reaksiyon var mı?
Kütüphane: Akademik İsimler,B1 Temel Akademik İsimler,advice,"nasihat, tavsiye, öğüt",isim,B1,,I took Tom's advice.,Tom'un tavsiyesini aldım.
Kütüphane: Akademik Fiiller,B1 Temel Sınav Fiilleri,advise,"öğütlemek, öğüt vermek, nasihat etmek",fiil,B1,,I advise you to wait.,Beklemenizi tavsiye ederim.
Kütüphane: Akademik Fiiller,B2 İleri Akademik Fiiller,advocate,"avukat, desteklemek, müdafaa etmek",fiil,B2,,I'm playing the devil's advocate.,Ben şeytanın avukatını oynuyorum.
Kütüphane: Akademik Fiiller,B1 Temel Sınav Fiilleri,affect,"etkilemek, tesir etmek, gibi davranmak",fiil,B1,,That doesn't affect me.,Bu beni etkilemiyor.
Kütüphane: Sıfatlar & Zarflar,B1-B2 Sık Çıkan Akademik Sıfatlar,affluent,"ırmak ayağı, bir nehrin ayağı, gürül gürül akan",sıfat,B2,,The empirical results of the study were remarkably affluent.,Çalışmanın ampirik sonuçlarının son derece ırmak ayağı olduğu görüldü.
Kütüphane: Sıfatlar & Zarflar,C1 İleri Niteleme Sıfatları,affordable,"bütçeye uygun, ekonomik, düşük maliyetli",sıfat,C1,,We want to make it affordable.,Bunu satın alınabilir yapmak istiyoruz.
Kütüphane: Akademik İsimler,B1 Temel Akademik İsimler,africa,afrika,isim,B1,,He was born in Africa.,O Afrika'da doğdu.
Kütüphane: Bağlaçlar & Edatlar,Zaman ve Süreç Edatları,after,"sonra, öğleden sonra, sonra gelen",edat,B1,,He is after a job.,"O, iş arıyor."
Kütüphane: Bağlaçlar & Edatlar,Koşul ve Eklemeler,against,"aykırı, karşı, ters olarak",edat,B2,,I'm against the war.,Savaşa karşıyım.
Kütüphane: Akademik İsimler,B1 Temel Akademik İsimler,age,"yaş, çağ, devir",isim,B1,,He is just my age.,O tam benim yaşımda.
Kütüphane: Akademik İsimler,B1 Temel Akademik İsimler,ages,"uzun süre, uzun zaman, asırlar",isim,B1,,I did that ages ago.,Onu uzun süre önce yaptım.
Kütüphane: Akademik Fiiller,B1 Temel Sınav Fiilleri,ago,"evvel, önce, eskiden",fiil,B1,,It is too long ago.,Çok uzun zaman öncedir.
Kütüphane: Akademik Fiiller,B1 Temel Sınav Fiilleri,agree,"aynı fikirde olmak, anlaşmak, razı olmak",fiil,B1,,I'm glad we agree.,Anlaştığımıza memnun oldum.
Kütüphane: Akademik İsimler,B1 Temel Akademik İsimler,aid,"yardım etmek, yardım, yardımcı olmak",isim,B1,,She came to my aid.,Benim yardımıma geldi.
Kütüphane: Akademik İsimler,B1 Temel Akademik İsimler,aim,"amaçlamak, hedeflemek, nişan almak",isim,B1,,I aim to be a writer.,Ben bir yazar olmayı hedefliyorum.
Kütüphane: Akademik İsimler,B1 Temel Akademik İsimler,air,"havalandırmak, yayına girmek, hava",isim,B1,,We're on the air.,Canlı yayındayız.
Kütüphane: Akademik İsimler,B1 Temel Akademik İsimler,airbus,"uçak, kısa mesafelerde çok sayıda yolcu taşımak üzere tasarlanmış uçak, jet yolcu uçağı",isim,B1,,The investigation highlighted the critical role of airbus.,Soruşturma uçak kavramının kritik rolünü vurguladı.
Kütüphane: Akademik İsimler,B2 İleri Akademik İsimler,aircraft,"uçak, uçaklar, hava taşıtı",isim,B2,,One of the aircraft's engines cut out.,Uçağın motorlarından biri durdu.
Kütüphane: Sıfatlar & Zarflar,B1-B2 Sık Çıkan Akademik Sıfatlar,airless,"havasız, boğucu, sakin",sıfat,B2,,The empirical results of the study were remarkably airless.,Çalışmanın ampirik sonuçlarının son derece havasız olduğu görüldü.
Kütüphane: Akademik İsimler,B2 İleri Akademik İsimler,airline,"hava yolu, havayolu, düz hat",isim,B2,,Which airline do you work for?,Hangi hava yolu için çalışıyorsun?
Kütüphane: Akademik İsimler,B2 İleri Akademik İsimler,airplane,"uçak, tayyare, teyyare",isim,B2,,Can you fly an airplane?,Bir uçağı uçurabilir misin?
Kütüphane: Akademik İsimler,B2 İleri Akademik İsimler,airplanes,uçaklar,isim,B2,,Can you sleep on airplanes?,Uçaklarda uyuyabilir misin?
Kütüphane: Akademik İsimler,B2 İleri Akademik İsimler,airport,"havalimanı, havaalanı, hava limanı",isim,B2,,I'm at the airport.,Havaalanındayım.
Kütüphane: Akademik İsimler,B2 İleri Akademik İsimler,alcohol,"alkol, ispirto, içki",isim,B2,,I can't drink alcohol.,Alkol içemem.
Kütüphane: Sıfatlar & Zarflar,B1-B2 Sık Çıkan Akademik Sıfatlar,all,"tüm, bütün, hepsi",sıfat,B1,,I'm all for it.,Ben tamamen destekliyorum.
Kütüphane: Sıfatlar & Zarflar,B1-B2 Sık Çıkan Akademik Sıfatlar,allied,"bağlaşık, müttefik, birbirine bağlı",sıfat,B1,,Germany was once allied with Italy.,Almanya bir zamanlar İtalya ile müttefikti.
Kütüphane: Akademik Fiiller,B1 Temel Sınav Fiilleri,allow,"izin vermek, müsaade etmek, kabul etmek",fiil,B1,,I can't allow it.,Buna izin veremem.
Kütüphane: Sıfatlar & Zarflar,B1-B2 Sık Çıkan Akademik Sıfatlar,allowing,izin verilen,sıfat,B2,,I'm allowing you to go.,Gitmene izin veriyorum.
Kütüphane: Sıfatlar & Zarflar,B1-B2 Sık Çıkan Akademik Sıfatlar,alone,"yalnız, bir, kimsesiz",sıfat,B1,,I can't go alone.,Tek başıma gidemem.
Kütüphane: Bağlaçlar & Edatlar,Zaman ve Süreç Edatları,along,"boyunca, yanında, yanına",edat,B1,,I'll be along soon.,Yakında birlikte olacağız.
Kütüphane: Akademik Fiiller,B2 İleri Akademik Fiiller,alongside,"yanına, yanı sıra, yan yana",fiil,B2,,The two houses stand alongside of each other.,İki ev yan yana duruyor.
Kütüphane: Akademik Fiiller,B2 İleri Akademik Fiiller,already,"zaten, çoktan, halihazırda",fiil,B2,,I'm already on it.,Ben zaten onun üzerindeyim.
Kütüphane: Akademik Fiiller,B1 Temel Sınav Fiilleri,also,"ayrıca, yine, da",fiil,B1,,I also have a son.,Benim ayrıca bir oğlum var.
Kütüphane: Akademik İsimler,B1 Temel Akademik İsimler,alter,"değiştirmek, değişiklik yapmak, hadım etmek",isim,B1,,We must alter our plan.,Planımızı değiştirmeliyiz.
Kütüphane: Akademik İsimler,C1 Üst Düzey Akademik İsimler,alteration,"değişiklik, değişim, değiştirme",isim,C1,,The investigation highlighted the critical role of alteration.,Soruşturma değişiklik kavramının kritik rolünü vurguladı.
Kütüphane: Sıfatlar & Zarflar,C1 İleri Niteleme Sıfatları,alternative,"alternatif, çare, şık",sıfat,C1,,We've got no alternative.,Hiç alternatifimiz yok.
Kütüphane: Akademik İsimler,C1 Üst Düzey Akademik İsimler,alternatives,"çareler, seçenekler, seçilebilecek yollar",isim,C1,,Let's look at alternatives.,Alternatiflere bakalım.
Kütüphane: Bağlaçlar & Edatlar,Zıtlık ve Karşılaştırma,although,"her ne kadar, rağmen, gerçi",bağlaç,B2,,"Although it is snowing, I must go.",Kar yağmasına rağmen gitmek zorundayım.
Kütüphane: Akademik Fiiller,B1 Temel Sınav Fiilleri,am,"olmak, birleşmek, birleştirmek",fiil,B1,,I am who I am.,Ben neysem oyum.
Kütüphane: Akademik İsimler,B1 Temel Akademik İsimler,amb,"amb, büyükelçi, ambulans",isim,B1,,The investigation highlighted the critical role of amb.,Soruşturma amb kavramının kritik rolünü vurguladı.
Kütüphane: Akademik İsimler,B2 İleri Akademik İsimler,american,"amerikan, amerikalı, amerika",isim,B2,,He must be an American.,O bir Amerikalı olmalı.
Kütüphane: Bağlaçlar & Edatlar,Koşul ve Eklemeler,among,"arasına, arasında, içinde",edat,B1,,He is popular among us.,"O, aramızda popülerdir."
Kütüphane: Akademik İsimler,B1 Temel Akademik İsimler,amount,"miktar, tutar, meblağ",isim,B1,,It's a large amount.,O büyük bir miktar.
Kütüphane: Akademik Fiiller,B1 Temel Sınav Fiilleri,amuse,"eğlendirmek, oyalamak, güldürmek",fiil,B1,,That amuses me very much.,Bu beni çok eğlendiriyor.
Kütüphane: Sıfatlar & Zarflar,B1-B2 Sık Çıkan Akademik Sıfatlar,amused,"memnuniyet içinde, mutlu, eğlenen",sıfat,B1,,The joke amused the audience.,Espri seyirciyi eğlendirdi.
Kütüphane: Akademik İsimler,B2 İleri Akademik İsimler,amusement,"eğlendiren oyun veya uğraş, oyalanma, eğlenme",isim,B2,,Reading is his chief amusement.,Okumak onun baş eğlencesidir.
Kütüphane: Sıfatlar & Zarflar,B1-B2 Sık Çıkan Akademik Sıfatlar,amusing,"eğlenceli, zevkli, komik",sıfat,B2,,I found her very amusing.,Ben onu çok eğlenceli buldum.
Kütüphane: Akademik İsimler,"Alan Odaklı İsimler (Sağlık, Fen & Sosyal)",an,"bir, hollanda antilleri, anabatik rüzgar",isim,B1,,I'm an ex-con.,Ben eski bir mahkumum.
Kütüphane: Akademik İsimler,B2 İleri Akademik İsimler,analysis,"çözümleme, analiz, tahlil",isim,B2,,The analysis is very clear.,Analiz çok açık.
Kütüphane: Akademik İsimler,B2 İleri Akademik İsimler,analyst,"çözümlemeci, analist, araştırmacı",isim,B2,"researcher, scientist, examiner",You have an excellent analyst.,Mükemmel bir analistin var.
Kütüphane: Akademik Fiiller,B2 İleri Akademik Fiiller,analyze,"incelemek, çözümlemek, analiz etmek",fiil,B2,,Let's analyze the facts.,Gerçekleri analiz edelim.
Kütüphane: Sıfatlar & Zarflar,B1-B2 Sık Çıkan Akademik Sıfatlar,ancient,"antik, çok yaşlı kimse, uzun zaman önce yaşamış kimse",sıfat,B2,,This is an ancient law.,Bu eski bir yasadır.
Kütüphane: Bağlaçlar & Edatlar,Koşul ve Eklemeler,and,"ile, ve, ek şart",bağlaç,A1,,I'll go and see.,Gideceğim ve göreceğim.
Kütüphane: Sıfatlar & Zarflar,B1-B2 Sık Çıkan Akademik Sıfatlar,animal,"hayvan, yetenekli kimse, izbandut gibi adam",sıfat,B1,,I'm a party animal.,Ben parti hayvanıyım.
Kütüphane: Akademik İsimler,B2 İleri Akademik İsimler,anomalies,"anormallikler, aykırılıklar, kural dışı durumlar",isim,B2,,The investigation highlighted the critical role of anomalies.,Soruşturma anormallikler kavramının kritik rolünü vurguladı.
Kütüphane: Akademik İsimler,B1 Temel Akademik İsimler,answer,"yanıt vermek, cevaplamak, cevap vermek",isim,B1,,I can't answer that.,Ona cevap veremem.
Kütüphane: Akademik İsimler,C1 Üst Düzey Akademik İsimler,antibodies,antikorlar,isim,C1,,Antibodies fight off infections and viruses.,Antikorlar enfeksiyonları ve virüsleri defeder.
Kütüphane: Akademik Fiiller,C1 Üst Düzey Paragraf Fiilleri,anticipate,"beklemek, ummak, sezmek",fiil,C1,,I didn't anticipate this.,Bunu beklemiyordum.
Kütüphane: Akademik İsimler,B2 İleri Akademik İsimler,anxiety,"endişe, kaygı, tasa",isim,B2,,She could not cope with anxiety.,Anksiyete ile baş edemedi.
Kütüphane: Sıfatlar & Zarflar,B1-B2 Sık Çıkan Akademik Sıfatlar,anxious,"endişeli, kaygılı, huzursuz",sıfat,B2,,I'm a bit anxious.,Biraz endişeliyim.
Kütüphane: Sıfatlar & Zarflar,B1-B2 Sık Çıkan Akademik Sıfatlar,any,"her, hiçbir, herhangi",sıfat,B1,,I don't have any.,Bende hiç yok.
Kütüphane: Temel Kelimeler (A1-A2),Günlük İsimler ve Mekanlar,anybody,"kimse, hiç kimse, herhangi biri",zamir,B2,,I can't see anybody.,Ben kimseyi göremiyorum.
Kütüphane: Temel Kelimeler (A1-A2),Günlük İsimler ve Mekanlar,anyone,"hiç kimse, kimse, herhangi bir kimse",zamir,B1,,I can't see anyone.,Ben kimseyi göremiyorum.
Kütüphane: Akademik Fiiller,B1 Temel Sınav Fiilleri,apart,"ayrı, farklı özellikleri olan, ayrı bir yere",fiil,B1,,Let's take it apart.,Onu sökelim.
Kütüphane: Temel Kelimeler (A1-A2),Günlük İsimler ve Mekanlar,apartment,"daire, apartman katı, apartman dairesi",isim,A1,,I'm in my apartment.,Ben dairemdeyim.
Kütüphane: Sıfatlar & Zarflar,B1-B2 Sık Çıkan Akademik Sıfatlar,appalling,"müthiş, dehşete düşüren, korkunç",sıfat,B2,,I think that's appalling.,Onun korkunç olduğunu düşünüyorum.
Kütüphane: Sıfatlar & Zarflar,B1-B2 Sık Çıkan Akademik Sıfatlar,apparent,"aşikar, ortada, belirgin",sıfat,B2,,The apparent truth was really a lie.,Bariz gerçek gerçekten bir yalandı.
Kütüphane: Akademik Fiiller,B1 Temel Sınav Fiilleri,appear,"belli olmak, görünmek, belirmek",fiil,B1,,Do I appear that weak?,O kadar cılız görünüyor muyum?
Kütüphane: Akademik İsimler,C1 Üst Düzey Akademik İsimler,appearance,"dış görünüş, görünüm, görünüş",isim,C1,,Avoid the appearance of evil.,Şeytanın hilesinden sakının.
Kütüphane: Akademik Fiiller,B2 İleri Akademik Fiiller,appeared,göründü,fiil,B2,,He hasn't appeared yet.,"O, henüz ortaya çıkmadı."
Kütüphane: Akademik Fiiller,B2 İleri Akademik Fiiller,appears,"görüntüsü vermek, göründüğü gibi olmamak, görünen o ki",fiil,B2,,He often appears on TV.,"O, sık sık televizyonda görünür."
Kütüphane: Akademik İsimler,B2 İleri Akademik İsimler,appliance,"cihaz, gereç, aygıt",isim,B2,,It's an energy-efficient appliance.,Enerji verimi yüksek bir cihaz.
Kütüphane: Akademik İsimler,C1 Üst Düzey Akademik İsimler,application,"tatbik, uygulama, başvuru",isim,C1,,I lied on my job application.,İş başvurumda yalan söyledim.
Kütüphane: Akademik İsimler,C1 Üst Düzey Akademik İsimler,applications,uygulamalar,isim,C1,,Applications are due by Monday.,Başvurular için süre sonu pazartesi.
Kütüphane: Sıfatlar & Zarflar,Akademik Zarflar (-ly / Derece),apply,"uygulamak, yürürlüğe koymak, başvurmak",zarf,B1,"implement, conduct, practice, execute",May I apply for asylum?,Sığınma için başvurabilir miyim?
Kütüphane: Akademik İsimler,B2 İleri Akademik İsimler,applying,uygulanıyor,isim,B2,,I'm applying for a job.,Bir iş başvurusu yapıyorum.
Kütüphane: Akademik Fiiller,B2 İleri Akademik Fiiller,appraise,"değer biçmek, kıymet takdir etmek, fiyat saptamak",fiil,B2,,The research committee agreed to appraise the proposed methodology.,Araştırma komitesi önerilen metodolojiyi değer biçmek konusunda mutabık kaldı.
Kütüphane: Akademik İsimler,B2 İleri Akademik İsimler,approach,"yanaşmak, yaklaşmak, yaklaşım",isim,B2,,I like Tom's approach.,Tom'un yaklaşımını seviyorum.
Kütüphane: Akademik Fiiller,B2 İleri Akademik Fiiller,approve,"onaylamak, beğenmek, kabul etmek",fiil,B2,,I'm glad you approve.,Kabul ettiğine sevindim.
Kütüphane: Sıfatlar & Zarflar,Akademik Zarflar (-ly / Derece),approximately,"takriben, yaklaşık olarak, aşağı yukarı",zarf,C1,,We're approximately the same age.,Biz yaklaşık olarak aynı yaştayız.
Kütüphane: Akademik İsimler,B1 Temel Akademik İsimler,apps,"apps denetimi, istemci uygulamaları",isim,B1,,I have dozens of apps on my phone that I seldom use.,"Telefonumda, nadiren kullandığım düzinelerce uygulamam var."
Kütüphane: Akademik İsimler,B2 İleri Akademik İsimler,architect,"mimar, yapmak, planlamak",isim,B2,,I want to be an architect.,Ben mimar olmak istiyorum.
Kütüphane: Akademik İsimler,C1 Üst Düzey Akademik İsimler,architects,mimarlar,isim,C1,,The investigation highlighted the critical role of architects.,Soruşturma mimarlar kavramının kritik rolünü vurguladı.
Kütüphane: Akademik İsimler,B1 Temel Akademik İsimler,are,"ar, 100 metrekare'ye eşit alan ölçüsü birimi, yüz metrekare, ar",isim,B1,,Are you at Tom's?,Tom'larda mısın?
Kütüphane: Temel Kelimeler (A1-A2),Günlük İsimler ve Mekanlar,area,"alan, saha, bölge",isim,A1,,I was in the area.,Ben alandaydım.
Kütüphane: Akademik İsimler,B1 Temel Akademik İsimler,areas,"alanları doldurmak, koruma alanları, sağlık hizmetleri alanı",isim,B1,,Most people live in urban areas.,Çoğu kişi kentsel alanlarda yaşar.
Kütüphane: Akademik Fiiller,B1 Temel Sınav Fiilleri,argue,"tartışmak, çekişmek, göstergesi olmak",fiil,B1,,Don't argue with me.,Benimle tartışma.
Kütüphane: Akademik İsimler,B2 İleri Akademik İsimler,argument,"argüman, tartışma, sav",isim,B2,,It was a fair argument.,Adil bir argümandı.
Kütüphane: Akademik İsimler,B1 Temel Akademik İsimler,aries,"koç, koç burcu, balık ve boğa takımyıldızları arasında yer alan koç takımyıldızı",isim,B1,,The investigation highlighted the critical role of aries.,Soruşturma koç kavramının kritik rolünü vurguladı.
Kütüphane: Akademik Fiiller,B1 Temel Sınav Fiilleri,arise,"arose - arisen, kaynaklanmak, kalkmak",fiil,B1,,Fatal errors arise from carelessness.,Ölümcül hatalar dikkatsizlikten ortaya çıkar.
Kütüphane: Akademik İsimler,B1 Temel Akademik İsimler,arms,"koyun, kucak, silahlar",isim,B1,,Let go of my arms.,Kollarımı bırak.
Kütüphane: Bağlaçlar & Edatlar,Koşul ve Eklemeler,around,"sularında, çevrede, etrafında",edat,B1,,I move around a lot.,Ben çok gezinirim.
Kütüphane: Akademik Fiiller,B2 İleri Akademik Fiiller,arrange,"ayarlamak, düzenlemek, hazırlanmak",fiil,B2,,I'll arrange a meeting.,Bir görüşme ayarlarım.
Kütüphane: Sıfatlar & Zarflar,B1-B2 Sık Çıkan Akademik Sıfatlar,arrival,"varış, varma, geliş",sıfat,B2,,What's our arrival time?,Bizim varış saatimiz nedir?
Kütüphane: Sıfatlar & Zarflar,B1-B2 Sık Çıkan Akademik Sıfatlar,arrive,"varmak, ulaşmak, başarmak",sıfat,B1,,Will we arrive in time?,Zamanında varır mıyız?
Kütüphane: Temel Kelimeler (A1-A2),Günlük İsimler ve Mekanlar,art,"sanat, beceri, maharet",isim,A1,,I'm an art student.,Ben bir sanat öğrencisiyim.
Kütüphane: Akademik İsimler,B2 İleri Akademik İsimler,arteries,arterler,isim,B2,,"Fortunately, the shark bite didn't hit any major arteries.","Neyse ki, köpekbalığı ısırığı herhangi bir büyük artere isabet etmedi."
Kütüphane: Akademik İsimler,B1 Temel Akademik İsimler,artist,"artist, sanatkar, sanatçı",isim,B1,,He's a con artist.,O bir düzenbaz.
Kütüphane: Akademik İsimler,B2 İleri Akademik İsimler,artists,sanatçılar,isim,B2,,Many famous artists live in Boston.,Boston'da birçok ünlü sanatçı yaşıyor.
Kütüphane: Bağlaçlar & Edatlar,Sebep ve Sonuç,as,"olarak, gibi, dahi",bağlaç,B1,,Do as I tell you.,Sana söylediğim gibi yap.
Kütüphane: Akademik Fiiller,B1 Temel Sınav Fiilleri,ascend,"çıkmak, artmak, tahta çıkmak",fiil,B1,,The airplane ascended to four thousand feet.,Uçak dört bin feet irtifaya çıktı.
Kütüphane: Akademik İsimler,B1 Temel Akademik İsimler,aside,"bertaraf, ayrı, bir kenara",isim,B1,,Lay this aside for me.,Bunu benim için bir yana koy.
Kütüphane: Sıfatlar & Zarflar,B1-B2 Sık Çıkan Akademik Sıfatlar,asleep,"uyuyan, tembel, uyuşuk",sıfat,B1,,I'm not asleep yet.,Henüz uyumuyorum.
Kütüphane: Akademik İsimler,B1 Temel Akademik İsimler,aspect,"hal, taraf, yön",isim,B1,,I love every aspect of the game.,Oyunun her yönünü seviyorum.
Kütüphane: Akademik Fiiller,B2 İleri Akademik Fiiller,assemble,"toplaşmak, parçaları birleştirmek, birleşmek",fiil,B2,,This bookcase is easy to assemble.,Bu kitaplığın montajı kolaydır.
Kütüphane: Akademik Fiiller,B1 Temel Sınav Fiilleri,assess,"değer biçmek, hesaplamak, incelemek",fiil,B1,,We'll assess the situation.,Durumu değerlendireceğiz.
Kütüphane: Akademik İsimler,B2 İleri Akademik İsimler,assessing,"değerleme, değerlendirme",isim,B2,,We're now assessing the situation.,Biz şimdi durumu değerlendiriyoruz.
Kütüphane: Akademik İsimler,B1 Temel Akademik İsimler,assist,"yardım etmek, asistanlık yapmak, asiste etmek",isim,B1,,I'm here to assist you.,Size yardımcı olmak için buradayım.
Kütüphane: Akademik Fiiller,B2 İleri Akademik Fiiller,associate,"ilişkilendirmek, birleştirmek, iş arkadaşı",fiil,B2,,He was my business associate.,"O, benim iş ortağımdı."
Kütüphane: Akademik İsimler,C1 Üst Düzey Akademik İsimler,assortment,"karışım, ayırma, çeşitlilik",isim,C1,,The investigation highlighted the critical role of assortment.,Soruşturma karışım kavramının kritik rolünü vurguladı.
Kütüphane: Akademik İsimler,C1 Üst Düzey Akademik İsimler,astronomers,astronomlar,isim,C1,,Ancient astronomers noticed constellations and gave them names.,Eski astronomlar takımyıldızları fark ettiler ve onlara isimler verdiler.
Kütüphane: Akademik İsimler,"Alan Odaklı İsimler (Sağlık, Fen & Sosyal)",astrophysics,"gökfiziği, astrofizik, gök fiziği",isim,C1,,The investigation highlighted the critical role of astrophysics.,Soruşturma gökfiziği kavramının kritik rolünü vurguladı.
Kütüphane: Bağlaçlar & Edatlar,Koşul ve Eklemeler,at,"üzere, nezdinde, üzerinde",edat,A1,,I'm at Tom's.,Tom'lardayım.
Kütüphane: Akademik İsimler,B2 İleri Akademik İsimler,athletes,"atletler, sporcular",isim,B2,,Some athletes sweat more than others.,Bazı sporcular diğerlerinden daha fazla terler.
Kütüphane: Sıfatlar & Zarflar,B1-B2 Sık Çıkan Akademik Sıfatlar,ative,"-den, ilgili anlamı veren son ek, ilişkili anlamı veren son ek",sıfat,B1,,The empirical results of the study were remarkably ative.,Çalışmanın ampirik sonuçlarının son derece -den olduğu görüldü.
Kütüphane: Akademik İsimler,"Alan Odaklı İsimler (Sağlık, Fen & Sosyal)",atmosphere,"atmosfer, havayuvarı, gazyuvarı",isim,C1,,The moon has no atmosphere.,Ay'ın atmosferi yoktur.
Kütüphane: Akademik Fiiller,B1 Temel Sınav Fiilleri,attach,"yapıştırmak, bağlamak, iliştirmek",fiil,B1,,Attach labels to all the bags.,Bütün çantalara etiketleri takın.
Kütüphane: Akademik Fiiller,B2 İleri Akademik Fiiller,attempt,"teşebbüs etmek, girişimde bulunmak, kalkışmak",fiil,B2,,His attempt ended in failure.,Onun girişimi başarısızlıkla sonuçlandı.
Kütüphane: Akademik İsimler,C1 Üst Düzey Akademik İsimler,attempting,"girişimde bulunma, yeltenme, kalkışma",isim,C1,,I'm attempting to win here.,Burada kazanmaya çalışıyorum.
Kütüphane: Akademik İsimler,B2 İleri Akademik İsimler,attempts,"bir çok girişim, çok sayıda girişim, çevirme denemeleri",isim,B2,,All of our attempts failed.,Bütün girişimlerimiz başarısız oldu.
Kütüphane: Akademik İsimler,B2 İleri Akademik İsimler,attention,"özen, ilgilenme, ilgi",isim,B2,,I didn't pay attention.,Önemsemedim.
Kütüphane: Sıfatlar & Zarflar,Akademik Zarflar (-ly / Derece),attentively,"dikkatlice, dikkatle",zarf,C1,,Listen attentively to what I say.,Söylediğimi dikkatlice dinle.
Kütüphane: Akademik İsimler,B2 İleri Akademik İsimler,attitude,"tutum, tavır, duruş",isim,B2,,I like Tom's attitude.,Tom'un davranışını beğenirim.
Kütüphane: Akademik İsimler,B2 İleri Akademik İsimler,attitudes,"tutumlar, bir eşya, mal veya fikre karşı uzun süreli duygu, düşünce ve tepki",isim,B2,,Social attitudes oftentimes take generations to change.,Toplumsal tutumlar genellikle nesilleri değişime götürür.
Kütüphane: Akademik Fiiller,B2 İleri Akademik Fiiller,attract,"cezbetmek, celp etmek, çekmek",fiil,B2,,She likes to attract attention.,O dikkat çekmeyi sever.
Kütüphane: Sıfatlar & Zarflar,C1 İleri Niteleme Sıfatları,attractive,"cazibeli, cazip, çekici",sıfat,C1,,Do you find me attractive?,Beni çekici buluyor musun?
Kütüphane: Akademik İsimler,B2 İleri Akademik İsimler,audience,"izleyiciler veya dinleyiciler topluluğu, seyirci, izleyici",isim,B2,,I was in the audience.,Ben seyircinin içindeydim.
Kütüphane: Akademik İsimler,B2 İleri Akademik İsimler,audiences,seyirciler,isim,B2,,The investigation highlighted the critical role of audiences.,Soruşturma seyirciler kavramının kritik rolünü vurguladı.
Kütüphane: Akademik İsimler,"Alan Odaklı İsimler (Sağlık, Fen & Sosyal)",author,"yazar, yazmak, yazarı olmak",isim,B1,,I want to be an author.,Ben bir yazar olmak istiyorum.
Kütüphane: Akademik İsimler,"Alan Odaklı İsimler (Sağlık, Fen & Sosyal)",authorities,"yetkililer, makam ve merci, resmi merciler",isim,C1,,I'm going to report you to the authorities.,Seni yetkili makamlara ihbar edeceğim.
Kütüphane: Akademik İsimler,"Alan Odaklı İsimler (Sağlık, Fen & Sosyal)",authority,"yetki, otorite, bilirkişi",isim,B2,,I don't have the authority.,Benim yetkim yok.
Kütüphane: Akademik İsimler,"Alan Odaklı İsimler (Sağlık, Fen & Sosyal)",authors,yazarlar,isim,B2,,He is one of Spain's most famous authors.,"O, İspanya'nın en ünlü yazarlarından biridir."
Kütüphane: Akademik İsimler,C1 Üst Düzey Akademik İsimler,automobile,"otomobil, otomobilde seyahat etmek, araba",isim,C1,,An automobile ran over him.,Bir otomobil onu ezdi.
Kütüphane: Sıfatlar & Zarflar,B1-B2 Sık Çıkan Akademik Sıfatlar,available,"elde hazır bulunan, boş, mevcut",sıfat,B2,,A free demo is available.,Ücretsiz bir gösteri mevcuttur.
Kütüphane: Akademik İsimler,B2 İleri Akademik İsimler,average,"ortalama, ortalamasını bulmak, belirli bir miktar tüketmek",isim,B2,,I'm just an average guy.,Ben sadece sıradan bir erkeğim.
Kütüphane: Akademik Fiiller,B1 Temel Sınav Fiilleri,avoid,"önlemek, kaçınmak, sakınmak",fiil,B1,,You can't avoid it.,Bunu önleyemezsin.
Kütüphane: Akademik Fiiller,B2 İleri Akademik Fiiller,avoided,"kaçınılmak, karaya oturma tehlikesi nedeniyle kaçınılması gereken bölge",fiil,B2,,This can't be avoided.,Bu kaçınılamaz.
Kütüphane: Sıfatlar & Zarflar,B1-B2 Sık Çıkan Akademik Sıfatlar,aware,"haberdar, farkında, vakıf",sıfat,B1,,I'm aware of it.,Ben bunun farkındayım.
Kütüphane: Akademik İsimler,"Alan Odaklı İsimler (Sağlık, Fen & Sosyal)",awareness,"farkındalık, bilinçlenme, farkında olma",isim,B2,knowledge,Developing political awareness takes time.,Siyasi farkındalık edinmek zaman alır.
Kütüphane: Akademik Fiiller,B1 Temel Sınav Fiilleri,away,"uzak, uzağa, uzakta",fiil,B1,,I won't go away.,Uzaklara gitmeyeceğim.
Kütüphane: Sıfatlar & Zarflar,B1-B2 Sık Çıkan Akademik Sıfatlar,awful,"berbat, çok kötü, fena",sıfat,B1,,I know it's awful.,Korkunç olduğunu biliyorum.
Kütüphane: Akademik İsimler,B1 Temel Akademik İsimler,ax,"balta, kovmak, azaltmak",isim,B1,,He has an ax to grind.,Onun şikayeti var.
Kütüphane: Akademik İsimler,B1 Temel Akademik İsimler,axe,"balta, kısmak, azaltmak",isim,B1,,She always has some axe to grind.,Onun her zaman bir şikâyeti vardır.
Kütüphane: Temel Kelimeler (A1-A2),Günlük İsimler ve Mekanlar,baby,"yavru, bebek, şımartmak",isim,A1,,I'm not a baby.,Ben bir bebek değilim.
Kütüphane: Akademik Fiiller,B1 Temel Sınav Fiilleri,back,"art, arkalık, sırt",fiil,B1,,I can't go back.,Geri dönemem.
Kütüphane: Akademik İsimler,C1 Üst Düzey Akademik İsimler,background,"arka plan, fon, ardyöre",isim,C1,,I'll stay in the background.,Ben arka planda kalacağım.
Kütüphane: Akademik İsimler,C1 Üst Düzey Akademik İsimler,backgrounds,"şeffaf zemin, web arka planları",isim,C1,,I want to meet people from all types of backgrounds.,Her türlü kökenden insanlarla tanışmak istiyorum.
Kütüphane: Temel Kelimeler (A1-A2),Günlük Eylemler ve Sıfatlar,bad,"kötü, fena, bozuk",sıfat,A1,,He is a bad boy.,O kötü bir çocuk.
Kütüphane: Akademik İsimler,B2 İleri Akademik İsimler,balance,"dengede tutmak, dengelemek, bakiye",isim,B2,,I almost lost my balance.,Neredeyse dengemi kaybediyordum.
Kütüphane: Sıfatlar & Zarflar,B1-B2 Sık Çıkan Akademik Sıfatlar,balanced,"dengeli, dengelenmiş, muvazeneli",sıfat,B2,,The budget must be balanced.,Bütçe dengeli olmalıdır.
Kütüphane: Akademik İsimler,"Alan Odaklı İsimler (Sağlık, Fen & Sosyal)",banks,"bankalar, alabama eyaletinde şehir",isim,B1,,I don't trust banks.,Bankalara güvenmiyorum.
Kütüphane: Akademik İsimler,B2 İleri Akademik İsimler,barrage,"yoğun yaylım ateşi, yaylım ateşi, baraj",isim,B2,,The investigation highlighted the critical role of barrage.,Soruşturma yoğun yaylım ateşi kavramının kritik rolünü vurguladı.
Kütüphane: Akademik İsimler,B2 İleri Akademik İsimler,barrier,"set, bariyer, aperitif",isim,B2,,High tariffs have become a barrier to international trade.,Yüksek tarifeler uluslararası ticaret için bir engel haline gelmiştir.
Kütüphane: Akademik İsimler,B2 İleri Akademik İsimler,barriers,"engeller, radyasyon emen bariyerler",isim,B2,,We must work hard to break down social barriers.,Bizim sosyal engelleri yıkmak için çok çalışmamız gerekmektedir.
Kütüphane: Akademik İsimler,B1 Temel Akademik İsimler,barter,"takas, takas yapmak, değiş tokuş etmek",isim,B1,,The investigation highlighted the critical role of barter.,Soruşturma takas kavramının kritik rolünü vurguladı.
Kütüphane: Akademik İsimler,B1 Temel Akademik İsimler,base,"dayandırmak, üs, baz",isim,B1,,Our company's base is in Tokyo.,Şirketimizin merkezi Tokyo'dadır.
Kütüphane: Sıfatlar & Zarflar,B1-B2 Sık Çıkan Akademik Sıfatlar,based,"esaslı, yerleşik, temeli",sıfat,B1,,This is based on fact.,Bu gerçeğe dayalıdır.
Kütüphane: Akademik İsimler,B1 Temel Akademik İsimler,battle,"savaş, muharebe, dövüşmek",isim,B1,,We'll win the battle.,Biz savaşı kazanacağız.
Kütüphane: Akademik Fiiller,B1 Temel Sınav Fiilleri,be,"bulunmak, olmak, var olmak",fiil,B1,,Don't be a pig.,Bir aynasız olmayın.
Kütüphane: Temel Kelimeler (A1-A2),Günlük İsimler ve Mekanlar,beach,"sahil, kumsal, plaj",isim,A1,,I went to the beach.,Sahile gittim.
Kütüphane: Akademik Fiiller,B1 Temel Sınav Fiilleri,bear,"dayanmak, katlanmak, taşımak",fiil,B1,,I can't bear it.,Ben buna katlanamam.
Kütüphane: Akademik İsimler,B1 Temel Akademik İsimler,bears,"bu söylediğimi doğruluyor, tekrar söylemeye değer, tekrar söylemekte fayda var",isim,B1,,I am afraid of bears.,Ayılardan korkarım.
Kütüphane: Temel Kelimeler (A1-A2),Günlük Eylemler ve Sıfatlar,beautiful,"güzel, tatlı, ahım şahım",sıfat,A1,,It's a beautiful day.,Güzel bir gün.
Kütüphane: Akademik Fiiller,B1 Temel Sınav Fiilleri,became,"çok fazla büyümeden önlenmek, önünü almak/önlemek, ne oldu",fiil,B1,,I became Tom's friend.,Tom'un arkadaşı oldum.
Kütüphane: Bağlaçlar & Edatlar,Sebep ve Sonuç,because,"çünkü, -dığı için, zira",bağlaç,B2,,I came because of Tom.,Tom'dan dolayı geldim.
Kütüphane: Akademik Fiiller,B1 Temel Sınav Fiilleri,become,"haline gelmek, olmak, dönüşmek",fiil,B1,,What'll become of me?,Bana ne olacak?
Kütüphane: Akademik İsimler,B2 İleri Akademik İsimler,becomes,"boynuz kulağı geçer, ava giden avlanır, boynuz kulağı geçermiş",isim,B2,,It becomes a vicious circle.,Bir kısır döngü haline gelir.
Kütüphane: Temel Kelimeler (A1-A2),Günlük İsimler ve Mekanlar,bed,"yatak, gömmek, oturtmak",isim,A1,,I'm off to bed.,Yatmaya gidiyorum.
Kütüphane: Akademik Fiiller,B1 Temel Sınav Fiilleri,been,"yapılan zararı telafi etmek, yapmıştır, imzalamıştır",fiil,B1,,It's been a week.,Bir hafta oldu.
Kütüphane: Temel Kelimeler (A1-A2),Günlük İsimler ve Mekanlar,beer,"bira, arpasuyu, ingiltere'de yerleşim yeri",isim,A1,,I'd like a beer.,Bir bira istiyorum.
Kütüphane: Bağlaçlar & Edatlar,Zaman ve Süreç Edatları,before,"evvel, önce, daha önce",edat,B1,,He's done it before.,Onu daha önce yaptı.
Kütüphane: Akademik Fiiller,B1 Temel Sınav Fiilleri,began,"başlamadan bitmek, dünya kurulduğundan beri, taşlar yerine oturdu işte",fiil,B1,,He began a new life.,"O, yeni bir hayata başladı."
Kütüphane: Akademik Fiiller,B1 Temel Sınav Fiilleri,begin,"başlatmak, başlamak, began - begun",fiil,B1,,I'm about to begin.,Başlamak üzereyim.
Kütüphane: Temel Kelimeler (A1-A2),Günlük İsimler ve Mekanlar,beginning,"başlangıç, baş, ilk adım",isim,A1,,He's beginning to cry.,O ağlamaya başlıyor.
Kütüphane: Akademik İsimler,B2 İleri Akademik İsimler,behavior,"davranış, hareket tarzı, tutum",isim,B2,,Tom's behavior was bad.,Tom'un davranışı kötüydü.
Kütüphane: Sıfatlar & Zarflar,C1 İleri Niteleme Sıfatları,behavioral,"davranışla ilgili, davranış, davranışsal",sıfat,C1,,The empirical results of the study were remarkably behavioral.,Çalışmanın ampirik sonuçlarının son derece davranışla ilgili olduğu görüldü.
Kütüphane: Akademik İsimler,B2 İleri Akademik İsimler,behaviors,davranışlar,isim,B2,,The investigation highlighted the critical role of behaviors.,Soruşturma davranışlar kavramının kritik rolünü vurguladı.
Kütüphane: Bağlaçlar & Edatlar,Koşul ve Eklemeler,behind,"ardındaki, arkaya, geriye",edat,B1,,I hid behind a rock.,Bir kayanın arkasına saklandım.
Kütüphane: Akademik İsimler,B1 Temel Akademik İsimler,being,"yapı, vücut, tanrı",isim,B1,,I'm a human being.,Ben bir insanım.
Kütüphane: Akademik İsimler,B2 İleri Akademik İsimler,belonging,"eşya, aidiyet, ait olma",isim,B2,,He lost all his belongings.,"O, bütün eşyalarını kaybetti."
Kütüphane: Akademik İsimler,C1 Üst Düzey Akademik İsimler,belongings,"ayniyat, özel eşya, kişisel eşyalar",isim,C1,,He lost all his belongings.,"O, bütün eşyalarını kaybetti."
Kütüphane: Bağlaçlar & Edatlar,Koşul ve Eklemeler,below,"alttaki, aşağıdaki, altta",edat,B1,,My room is just below.,Odam tam aşağıda.
Kütüphane: Bağlaçlar & Edatlar,Koşul ve Eklemeler,beneath,"altında, aşağıda, aşağıdan",edat,B2,,The money was hidden beneath the floorboards.,Para döşeme tahtalarının altında gizlenmişti.
Kütüphane: Sıfatlar & Zarflar,C1 İleri Niteleme Sıfatları,beneficial,"yararlı, faydalı, kazançlı",sıfat,C1,,That would be very beneficial.,Bu çok yararlı olacaktı.
Kütüphane: Akademik İsimler,B2 İleri Akademik İsimler,benefit,"yararlanmak, menfaat, çıkar",isim,B2,,This is for your benefit.,Bu senin menfaatin için.
Kütüphane: Akademik İsimler,C1 Üst Düzey Akademik İsimler,benefiting,"asılanma, yararlanma",isim,C1,,The investigation highlighted the critical role of benefiting.,Soruşturma asılanma kavramının kritik rolünü vurguladı.
Kütüphane: Bağlaçlar & Edatlar,Koşul ve Eklemeler,beside,"yanında, üstelik, diğer taraftan",edat,B1,,Can I sit beside Tom?,Tom'un yanına oturabilir miyim?
Kütüphane: Bağlaçlar & Edatlar,Koşul ve Eklemeler,besides,"ayrıca, hem, üstelik",bağlaç,B2,,Ask someone else besides me.,Benden başka birine sorun.
Kütüphane: Sıfatlar & Zarflar,B1-B2 Sık Çıkan Akademik Sıfatlar,best,"en iyi, geçmek, baskın çıkmak",sıfat,B1,,I'll do my best.,Ben elimden gelenin en iyisini yapacağım.
Kütüphane: Akademik İsimler,B1 Temel Akademik İsimler,better,"daha iyi, iyileştirmek, ıslah etmek",isim,B1,,I'm a lot better.,Ben çok daha iyiyim.
Kütüphane: Bağlaçlar & Edatlar,Koşul ve Eklemeler,between,"arasında, arasına, ortada",edat,B2,,I was the go-between.,Ben arabulucuydum.
Kütüphane: Akademik Fiiller,B1 Temel Sınav Fiilleri,beware,"çekinmek, sakınmak, gözünü açmak",fiil,B1,,Beware of the double standards.,Çifte standartlara dikkat edin.
Kütüphane: Sıfatlar & Zarflar,C1 İleri Niteleme Sıfatları,bewildered,"şaşkın, afallamış, sersemlemiş",sıfat,C1,,The empirical results of the study were remarkably bewildered.,Çalışmanın ampirik sonuçlarının son derece şaşkın olduğu görüldü.
Kütüphane: Bağlaçlar & Edatlar,Zaman ve Süreç Edatları,beyond,"öte, ötede, ötesi",edat,B1,,It is beyond my power.,Bu benim gücümü aşar.
Kütüphane: Akademik İsimler,B1 Temel Akademik İsimler,bias,"önyargı, aklını çelmek, bir tarafa etki etmek",isim,B1,,Cut the cloth on the bias.,Kumaşı diyagonal kesin.
Kütüphane: Akademik Fiiller,B2 İleri Akademik Fiiller,bicycle,"bisiklet, bisiklet kullanarak gitmek, bisikletle gezmek",fiil,B2,,It's a new bicycle.,O yeni bir bisiklet.
Kütüphane: Akademik İsimler,B1 Temel Akademik İsimler,bigger,"daha büyük, büyük",isim,B1,,I need a bigger box.,Daha büyük bir kutuya ihtiyacım var.
Kütüphane: Akademik İsimler,B1 Temel Akademik İsimler,bike,"bisiklete binmek, bisiklet, bisiklet sürmek",isim,B1,,I was on a bike.,Bir bisikletteydim.
Kütüphane: Akademik İsimler,"Alan Odaklı İsimler (Sağlık, Fen & Sosyal)",billion,"milyar, bilyon",isim,B2,,A billion adults are illiterate.,Bir milyar yetişkin okuma yazma bilmemektedir.
Kütüphane: Akademik Fiiller,B1 Temel Sınav Fiilleri,bind,"ciltlemek, bağlamak, bound - bound",fiil,B1,,He knows how to bind books.,"O, kitapları nasıl ciltleyeceğini bilir."
Kütüphane: Sıfatlar & Zarflar,B1-B2 Sık Çıkan Akademik Sıfatlar,biologic,"biyoloji ile ilgili, biyolojik",sıfat,B2,,The empirical results of the study were remarkably biologic.,Çalışmanın ampirik sonuçlarının son derece biyoloji ile ilgili olduğu görüldü.
Kütüphane: Sıfatlar & Zarflar,C1 İleri Niteleme Sıfatları,biological,"yaşambilimsel, dirimbilimsel, biyolojik",sıfat,C1,,He's my biological father.,O benim biyolojik babam.
Kütüphane: Akademik İsimler,"Alan Odaklı İsimler (Sağlık, Fen & Sosyal)",biologists,"dirimbilimci, yaşambilimci, biyolog",isim,C1,,Biologists released some turtles into the sea.,Biyologlar bazı kaplumbağaları denize bıraktılar.
Kütüphane: Temel Kelimeler (A1-A2),Günlük İsimler ve Mekanlar,bird,"kuş, manita, kus",isim,A1,,It's just a bird.,O sadece bir kuş.
Kütüphane: Akademik Fiiller,B1 Temel Sınav Fiilleri,bite,"ısırmak, lokma, bit - bitten",fiil,B1,,I won't bite you.,Seni ısırmayacağım.
Kütüphane: Sıfatlar & Zarflar,B1-B2 Sık Çıkan Akademik Sıfatlar,biting,"ısırma, sokma, iğneli",sıfat,B1,,The dog is biting Tom.,Köpek Tom'u ısırıyor.
Kütüphane: Temel Kelimeler (A1-A2),Günlük Eylemler ve Sıfatlar,black,"siyahi, kara, siyah",sıfat,A1,,I have a black cat.,Siyah bir kedim var.
Kütüphane: Akademik İsimler,C1 Üst Düzey Akademik İsimler,blamelessness,"suçsuzluk, kusursuzluk, masumluk",isim,C1,,The investigation highlighted the critical role of blamelessness.,Soruşturma suçsuzluk kavramının kritik rolünü vurguladı.
Kütüphane: Akademik Fiiller,B1 Temel Sınav Fiilleri,bleed,"bled - bled, para sızdırmak, yolmak",fiil,B1,,He has a nose bleed.,Onun burnu kanıyor.
Kütüphane: Sıfatlar & Zarflar,B1-B2 Sık Çıkan Akademik Sıfatlar,blind,"kör, kör etmek, körletmek",sıfat,B1,,I didn't go blind.,Kör olmadım.
Kütüphane: Akademik İsimler,"Alan Odaklı İsimler (Sağlık, Fen & Sosyal)",blood,"kan, akrabalık, asalet",isim,B1,,I didn't donate blood.,Kan bağışında bulunmadım.
Kütüphane: Akademik Fiiller,B1 Temel Sınav Fiilleri,blow,"esmek, üflemek, darbe",fiil,B1,,That's a big blow.,Bu büyük bir darbe.
Kütüphane: Akademik İsimler,B1 Temel Akademik İsimler,boats,"köprüleri atmak, kayıklar ve kayıkçılık, bir ulusun refahı herkese yarar sağlar",isim,B1,,I don't care about boats.,Ben teknelerle ilgilenmiyorum.
Kütüphane: Temel Kelimeler (A1-A2),Günlük İsimler ve Mekanlar,body,"ceset, gövde, vücut",isim,A1,,He has a strong body.,O güçlü bir gövdeye sahip.
Kütüphane: Sıfatlar & Zarflar,B1-B2 Sık Çıkan Akademik Sıfatlar,boiling,"kaynama, haşlama, kaynatma",sıfat,B2,,It's boiling in here.,Burada hava çok bunaltıcı.
Kütüphane: Temel Kelimeler (A1-A2),Günlük İsimler ve Mekanlar,book,"ayırtmak, kitap, deftere işlemek",isim,A1,,I'd like a book.,Bir kitap istiyorum.
Kütüphane: Akademik İsimler,B1 Temel Akademik İsimler,books,"kitaplar, kayıtlar",isim,B1,,I don't read books.,Ben kitap okumuyorum.
Kütüphane: Akademik İsimler,B1 Temel Akademik İsimler,border,"hudut, kenarlık, kenar",isim,B1,,We live near the border.,Biz sınıra yakın yaşıyoruz.
Kütüphane: Akademik İsimler,B1 Temel Akademik İsimler,bore,"bunaltmak, delmek, sıkmak",isim,B1,,Don't be a bore.,Sıkma insanı.
Kütüphane: Sıfatlar & Zarflar,B1-B2 Sık Çıkan Akademik Sıfatlar,bored,"sıkılmış, delinmiş, bıkkın",sıfat,B1,,I'm bored right now.,Şu anda sıkıldım.
Kütüphane: Akademik İsimler,B1 Temel Akademik İsimler,boring,"bıktırıcı, bıktıran, sıkıcı",isim,B1,,It's kind of boring.,Bu biraz sıkıcı.
Kütüphane: Sıfatlar & Zarflar,B1-B2 Sık Çıkan Akademik Sıfatlar,botanical,"bitkibilimsel, bitkisel, botanik",sıfat,B2,,We found many strange plants in a botanical garden.,Biz bir botanik bahçesinde çok tuhaf bitkiler bulduk.
Kütüphane: Sıfatlar & Zarflar,B1-B2 Sık Çıkan Akademik Sıfatlar,both,"her ikisi de, her iki, her ikisi",sıfat,B1,,We can both do it.,İkimiz bunu yapabiliriz.
Kütüphane: Akademik İsimler,B1 Temel Akademik İsimler,bounce,"sektirmek, zıplamak, sekmek",isim,B1,,A rubber ball bounces because it is elastic.,Elastik olduğu için lastik bir top seker.
Kütüphane: Akademik İsimler,B2 İleri Akademik İsimler,boundary,"sınır, had, hudut",isim,B2,,There is a fence marking the boundary between our yard and the neighbor's.,Bizim ve komşunun avlusu arasındaki sınırı işaretlemek için bir çit vardır.
Kütüphane: Akademik İsimler,B1 Temel Akademik İsimler,bowl,"tas, çanak, kase",isim,B1,,I had a bowl of soup.,Bir kase çorba içtim.
Kütüphane: Akademik İsimler,"Alan Odaklı İsimler (Sağlık, Fen & Sosyal)",brain,"beyin, kafasına ağır bir darbe indirmek, kafa yarmak",isim,B1,,He has a good brain.,O akıllıdır.
Kütüphane: Akademik İsimler,B1 Temel Akademik İsimler,branch,"dallanmak, şube, dal",isim,B1,,I cut a branch from the tree.,Ben ağaçtan bir dal kestim.
Kütüphane: Akademik Fiiller,B1 Temel Sınav Fiilleri,break,"kopmak, kırmak, bozmak",fiil,B1,,I'm on my break.,Ben moladayım.
Kütüphane: Akademik İsimler,C1 Üst Düzey Akademik İsimler,breakthrough,"ilerleme, atılım, buluş",isim,C1,,This is a real breakthrough.,Bu gerçek bir atılım.
Kütüphane: Akademik İsimler,B1 Temel Akademik İsimler,breast,"meme, göğüs, göğüs germek",isim,B1,,Breast cancer is a disease.,Meme kanseri bir hastalıktır.
Kütüphane: Akademik İsimler,B1 Temel Akademik İsimler,bridge,"köprü, köprü kurmak, köprü yapmak",isim,B1,,How long is the bridge?,Köprü ne kadar uzunluktadır?
Kütüphane: Akademik İsimler,B2 İleri Akademik İsimler,bridges,köprüler,isim,B2,,I'm burning my bridges.,Köprüleri yakıyorum.
Kütüphane: Akademik Fiiller,B1 Temel Sınav Fiilleri,bring,"getirmek, brought - brought, neden olmak",fiil,B1,,I'll bring it back.,Onu geri getireceğim.
Kütüphane: Akademik İsimler,B2 İleri Akademik İsimler,bringing,"getirmek, getiri, getiren",isim,B2,,You're bringing me down.,Sen beni makamımdan indiriyorsun.
Kütüphane: Sıfatlar & Zarflar,B1-B2 Sık Çıkan Akademik Sıfatlar,british,"ingiliz, ingiliz halkı, ingilizler",sıfat,B2,,The British climbed the hill.,İngilizler tepeye tırmandı.
Kütüphane: Sıfatlar & Zarflar,B1-B2 Sık Çıkan Akademik Sıfatlar,broke,"parasız, züğürt, meteliksiz",sıfat,B1,,I broke Tom's nose.,Ben Tom'un burnunu kırdım.
Kütüphane: Akademik İsimler,B1 Temel Akademik İsimler,buddy,"ahbap, kanka, kafadar",isim,B1,,"I'll help you, buddy.","Sana yardım edeceğim, dostum."
Kütüphane: Akademik Fiiller,B1 Temel Sınav Fiilleri,build,"inşa etmek, built - built, yapı yapmak",fiil,B1,,Let's build a fire.,Ateş yakalım.
Kütüphane: Akademik İsimler,B2 İleri Akademik İsimler,building,"inşaat, bina, yapma",isim,B2,,The building's on fire.,Bina yanıyor.
Kütüphane: Akademik İsimler,B2 İleri Akademik İsimler,buildings,"site, inşaat, yapılar",isim,B2,,There are many tall buildings.,Birçok yüksek bina var.
Kütüphane: Temel Kelimeler (A1-A2),Günlük İsimler ve Mekanlar,bus,"otobüs, otobüsle taşımak, otobüsle gitmek",isim,A1,,I'll go by bus.,Otobüsle gideceğim.
Kütüphane: Akademik İsimler,C1 Üst Düzey Akademik İsimler,businesses,"aile işletmeleri, emlak işleri, işlerin çoğunun fiziksel temsilciler vasıtası ile fiziksel ürünler satarak gerçekleştirildiği eski ve geleneksel ticaret yöntemi",isim,C1,,"As businesses failed, workers lost their jobs.",İşler başarısız sonuçlanınca işçiler işlerini kaybettiler.
Kütüphane: Bağlaçlar & Edatlar,Zıtlık ve Karşılaştırma,but,"ancak, fakat, itiraz",bağlaç,B1,,He is but a child.,"O, ancak bir çocuk."
Kütüphane: Temel Kelimeler (A1-A2),Günlük Eylemler ve Sıfatlar,buy,"ısmarlamak, satın almak, almak",fiil,A1,,I don't buy it.,Buna inanmıyorum.
Kütüphane: Bağlaçlar & Edatlar,Koşul ve Eklemeler,by,"geçecek biçimde, yakın, evde",edat,A1,,I'll go by bus.,Otobüsle gideceğim.
Kütüphane: Akademik İsimler,B1 Temel Akademik İsimler,cabin,"kabin, tahdit etmek, küçük bir yere kapamak",isim,B1,,We rented a cabin by a lake.,Gölün yanında bir kabin kiraladık.
Kütüphane: Akademik İsimler,B1 Temel Akademik İsimler,cake,"kek, pasta, katılaşmak",isim,B1,,He made me a cake.,Bana bir kek yaptı
Kütüphane: Akademik İsimler,B1 Temel Akademik İsimler,cal,"kilokalori, kalsiyum hidroksit, cal",isim,B1,,The investigation highlighted the critical role of cal.,Soruşturma kilokalori kavramının kritik rolünü vurguladı.
Kütüphane: Sıfatlar & Zarflar,C1 İleri Niteleme Sıfatları,calibrated,"taksimatlı, ayarlanmış, ayarlı",sıfat,C1,,This instrument needs to be calibrated.,Bu alet ayarlanmalı.
Kütüphane: Sıfatlar & Zarflar,B1-B2 Sık Çıkan Akademik Sıfatlar,calm,"sakinleştirmek, sakinlik, soğukkanlı",sıfat,B1,,I have to stay calm.,Sakin kalmak zorundayım.
Kütüphane: Sıfatlar & Zarflar,B1-B2 Sık Çıkan Akademik Sıfatlar,calming,"yatıştırıcı, teskin, huzur veren",sıfat,B2,,The empirical results of the study were remarkably calming.,Çalışmanın ampirik sonuçlarının son derece yatıştırıcı olduğu görüldü.
Kütüphane: Akademik İsimler,B2 İleri Akademik İsimler,cameras,kameralar,isim,B2,,I have a lot of cameras.,Çok fazla kameram var.
Kütüphane: Akademik İsimler,B1 Temel Akademik İsimler,can,"olabilmek, kovmak, konservelemek",isim,B1,,I can't do it.,Onu yapamam.
Kütüphane: Akademik İsimler,"Alan Odaklı İsimler (Sağlık, Fen & Sosyal)",cancer,"kanser, yengeç burcu, kötü şey",isim,B1,,I don't have cancer.,Kanserim yok.
Kütüphane: Akademik İsimler,B1 Temel Akademik İsimler,cap,"başlık, kapak, kep",isim,B1,,I have lost my cap.,Benim kepimi kaybettim.
Kütüphane: Akademik İsimler,C1 Üst Düzey Akademik İsimler,capabilities,yetenekler,isim,C1,,The investigation highlighted the critical role of capabilities.,Soruşturma yetenekler kavramının kritik rolünü vurguladı.
Kütüphane: Akademik İsimler,C1 Üst Düzey Akademik İsimler,capability,"kabiliyet, iktidar, yararlılık",isim,C1,,The investigation highlighted the critical role of capability.,Soruşturma kabiliyet kavramının kritik rolünü vurguladı.
Kütüphane: Akademik İsimler,B2 İleri Akademik İsimler,capacity,"kapasite, iktidar, yeterlik",isim,B2,,The bus was filled to capacity.,Otobüs tam kapasite doluydu.
Kütüphane: Akademik İsimler,"Alan Odaklı İsimler (Sağlık, Fen & Sosyal)",capillaries,kılcal damarlar,isim,C1,,The investigation highlighted the critical role of capillaries.,Soruşturma kılcal damarlar kavramının kritik rolünü vurguladı.
Kütüphane: Akademik İsimler,"Alan Odaklı İsimler (Sağlık, Fen & Sosyal)",capillary,"ince boru, kılcal damar, kılla ilgili",isim,B2,,The investigation highlighted the critical role of capillary.,Soruşturma ince boru kavramının kritik rolünü vurguladı.
Kütüphane: Akademik Fiiller,B2 İleri Akademik Fiiller,captivate,"cezbetmek, çekmek, büyülemek",fiil,B2,,He knows how to captivate his audience.,Seyircisini nasıl çekeceğini bilir.
Kütüphane: Akademik Fiiller,B2 İleri Akademik Fiiller,capture,"esir almak, ele geçirmek, tutsak etmek",fiil,B2,,I let them capture me.,Beni yakalamalarına izin verdim.
Kütüphane: Sıfatlar & Zarflar,B1-B2 Sık Çıkan Akademik Sıfatlar,captured,"mazbut, yakalanmış, esir edilmiş",sıfat,B2,,I won't stay and be captured.,Kalmayacağım ve yakalanmayacağım.
Kütüphane: Temel Kelimeler (A1-A2),Günlük İsimler ve Mekanlar,car,"otomobil, araba, kabin",isim,A1,,I'm in my car.,Arabamın içindeyim.
Kütüphane: Akademik İsimler,B1 Temel Akademik İsimler,carbs,karbonhidrat,isim,B1,,The investigation highlighted the critical role of carbs.,Soruşturma karbonhidrat kavramının kritik rolünü vurguladı.
Kütüphane: Sıfatlar & Zarflar,C1 İleri Niteleme Sıfatları,cardiovascular,"kardiyovasküler, kalp ve damarlara ilişkin",sıfat,C1,,Kickboxing is great cardiovascular exercise.,Kick boks yapmak harika bir kardiyo egzersizidir.
Kütüphane: Akademik İsimler,B1 Temel Akademik İsimler,care,"önem vermek, aldırmak, umursamak",isim,B1,,Ask me if I care.,Çok da umurumda!
Kütüphane: Sıfatlar & Zarflar,Akademik Zarflar (-ly / Derece),carefully,"özenle, idareli biçimde, itinayla",zarf,B2,,Let's do this carefully.,Bunu özenle yapalım.
Kütüphane: Sıfatlar & Zarflar,B1-B2 Sık Çıkan Akademik Sıfatlar,carried,"taşınan, taşınmış, kabul edildi/edilmiştir!",sıfat,B2,,Don't get carried away.,Abartma.
Kütüphane: Akademik Fiiller,B1 Temel Sınav Fiilleri,carry,"taşımak, sürüklemek, elde etmek",fiil,B1,,I can't carry a tune.,Müzik yeteneğim yok.
Kütüphane: Akademik İsimler,B2 İleri Akademik İsimler,carrying,"taşıma, nakliye, taşımacılık",isim,B2,,I saw men carrying guns.,Silahlı adamlar gördüm.
Kütüphane: Akademik İsimler,B1 Temel Akademik İsimler,cars,arabalar,isim,B1,,I am fond of cars.,Ben arabaları çok severim.
Kütüphane: Akademik İsimler,B1 Temel Akademik İsimler,case,"dava, kasa, kılıf",isim,B1,,That isn't the case.,Olay bu değil.
Kütüphane: Akademik İsimler,B1 Temel Akademik İsimler,cases,"davalar, vakalar, vukuat",isim,B1,,What's in those cases?,Şu kutularda ne var?
Kütüphane: Temel Kelimeler (A1-A2),Günlük İsimler ve Mekanlar,cat,"kedi, istifra etmek, kusmak",isim,A1,,It's just a cat.,Bu sadece bir kedi.
Kütüphane: Akademik İsimler,B1 Temel Akademik İsimler,cat's,"kedi, tehlikeli işi üzerine almak, sırıtmak",isim,B1,,The investigation highlighted the critical role of cat's.,Soruşturma kedi kavramının kritik rolünü vurguladı.
Kütüphane: Akademik İsimler,B1 Temel Akademik İsimler,cause,"sebebiyet vermek, sebep olmak, yol açmak",isim,B1,,I don't cause trouble.,Ben soruna neden olmam.
Kütüphane: Sıfatlar & Zarflar,Akademik Zarflar (-ly / Derece),cautiously,"ihtiyatla, dikkatlice, temkinli bir şekilde",zarf,C1,,You have to move cautiously in this matter.,Bu konuda temkinli hareket etmek zorundayız.
Kütüphane: Akademik İsimler,B1 Temel Akademik İsimler,cavity,"çukur, delik, kavite",isim,B1,,I think I have a cavity.,Sanırım dişimde bir delik var.
Kütüphane: Sıfatlar & Zarflar,B1-B2 Sık Çıkan Akademik Sıfatlar,celestial,"gökyüzü ile ilgili, gök, göksel",sıfat,B2,,The empirical results of the study were remarkably celestial.,Çalışmanın ampirik sonuçlarının son derece gökyüzü ile ilgili olduğu görüldü.
Kütüphane: Sıfatlar & Zarflar,B1-B2 Sık Çıkan Akademik Sıfatlar,cellular,"hücresel, cep telefonu, gözeli",sıfat,B2,,The empirical results of the study were remarkably cellular.,Çalışmanın ampirik sonuçlarının son derece hücresel olduğu görüldü.
Kütüphane: Akademik İsimler,B1 Temel Akademik İsimler,center,"ortalamak, merkez, ortaya yerleştirmek",isim,B1,,He works in a call center.,O bir çağrı merkezinde çalışır.
Kütüphane: Akademik İsimler,B2 İleri Akademik İsimler,centuries,yüzyıllar,isim,B2,,This cathedral was built more than four centuries ago.,"Bu katedral, dört yüzyıldan fazla süre önce inşa edilmiş."
Kütüphane: Akademik İsimler,B2 İleri Akademik İsimler,century,"asır, yüzyıl, 100'ün üzerindeki skor/sayı/100'lük seri",isim,B2,,I'm over a half century old.,Yarım asrı geçtim.
Kütüphane: Sıfatlar & Zarflar,B1-B2 Sık Çıkan Akademik Sıfatlar,certain,"kesin, belirli, belli",sıfat,B2,inevitable,I can't be certain.,Emin olamıyorum.
Kütüphane: Akademik İsimler,B1 Temel Akademik İsimler,ch,"isviçre:ch, ch-4 yağ sınıfı, reform kilisesi",isim,B1,,The investigation highlighted the critical role of ch.,Soruşturma isviçre:ch kavramının kritik rolünü vurguladı.
Kütüphane: Akademik Fiiller,B2 İleri Akademik Fiiller,challenge,"düelloya davet etmek, karşı çıkmak, meydan okumak",fiil,B2,,It's a real challenge.,Bu gerçek bir meydan okuma.
Kütüphane: Akademik İsimler,C1 Üst Düzey Akademik İsimler,challenges,zorluklar,isim,C1,,We do have some challenges.,Bazı zorluklarımız var.
Kütüphane: Sıfatlar & Zarflar,C1 İleri Niteleme Sıfatları,challenging,"dürtücü, zorlu, meydan okuma",sıfat,C1,,Are you challenging my authority?,Benim otoriteme karşı mı çıkıyorsun?
Kütüphane: Akademik İsimler,B1 Temel Akademik İsimler,chance,"olanak, ihtimal, şans",isim,B1,,I'll take a chance.,Şansımı deneyeceğim.
Kütüphane: Akademik İsimler,B1 Temel Akademik İsimler,change,"değişmek, değiştirmek, değişiklik",isim,B1,,I'll try to change.,Ben değiştirmeye çalışacağım.
Kütüphane: Sıfatlar & Zarflar,B1-B2 Sık Çıkan Akademik Sıfatlar,changed,"değiştirilmiş, değişmiş, değişime uğramış",sıfat,B2,,I'm a changed man.,Ben değişmiş bir insanım.
Kütüphane: Akademik Fiiller,B1 Temel Sınav Fiilleri,char,"kömürleşmek, yakarak kömürleştirmek, karbonlaştırmak",fiil,B1,,The research committee agreed to char the proposed methodology.,Araştırma komitesi önerilen metodolojiyi kömürleşmek konusunda mutabık kaldı.
Kütüphane: Akademik İsimler,C1 Üst Düzey Akademik İsimler,characterization,"niteleme, nitelendirme, nitelendirilme",isim,C1,,The investigation highlighted the critical role of characterization.,Soruşturma niteleme kavramının kritik rolünü vurguladı.
Kütüphane: Akademik Fiiller,C1 Üst Düzey Paragraf Fiilleri,characterize,"nitelendirmek, simgesi olmak, farklı olmasını sağlamak",fiil,C1,,"The Japanese distribution system, characterized by layers of wholesale, is complex and costly.",Toptan satış tabakaları ile karakterize edilen Japon dağıtım sistemi karmaşık ve masraflıdır.
Kütüphane: Akademik İsimler,B1 Temel Akademik İsimler,charge,"yüklemek, suçlamak, şarj etmek",isim,B1,,I'm in charge now.,Artık ben sorumluyum.
Kütüphane: Sıfatlar & Zarflar,B1-B2 Sık Çıkan Akademik Sıfatlar,charged,"yüklenmiş, şarj edilmiş, dolu",sıfat,B2,,You charged me too much.,Siz bana çok fazla ücret ödettiniz.
Kütüphane: Akademik İsimler,B1 Temel Akademik İsimler,charm,"albeni, cazibe, çekicilik",isim,B1,,It worked like a charm.,Çok işe yaradı.
Kütüphane: Sıfatlar & Zarflar,B1-B2 Sık Çıkan Akademik Sıfatlar,charming,"cazibeli, alımlı, çekici",sıfat,B2,,She has a charming face.,Onun çekici bir yüzü var.
Kütüphane: Temel Kelimeler (A1-A2),Günlük Eylemler ve Sıfatlar,cheap,"ucuz, ucuzlatmak, değersiz",sıfat,A1,,It's not so cheap.,O kadar ucuz değil.
Kütüphane: Akademik Fiiller,B1 Temel Sınav Fiilleri,cheat,"kopya çekmek, aldatmak, aldatma",fiil,B1,,You can't cheat fate.,Kaderi aldatamazsın.
Kütüphane: Akademik İsimler,B1 Temel Akademik İsimler,cheer,"neşelendirmek, neşe, şenlendirmek",isim,B1,,It'll cheer you up.,Seni neşelendirecek.
Kütüphane: Sıfatlar & Zarflar,B1-B2 Sık Çıkan Akademik Sıfatlar,cheerful,"neşeli, mutluluk veren, şen",sıfat,B2,,He is a cheerful boy.,"O, neşeli bir çocuktur."
Kütüphane: Sıfatlar & Zarflar,B1-B2 Sık Çıkan Akademik Sıfatlar,cheery,"neşeyle, neşeli, keyifli",sıfat,B1,,The empirical results of the study were remarkably cheery.,Çalışmanın ampirik sonuçlarının son derece neşeyle olduğu görüldü.
Kütüphane: Temel Kelimeler (A1-A2),Günlük İsimler ve Mekanlar,chef,"aşçı, aşçıbaşı, şef",isim,A1,,Aren't you a chef?,Sen bir aşçıbaşı değil misin?
Kütüphane: Akademik İsimler,B1 Temel Akademik İsimler,chefs,"herkes patron, herkes patron kesilmiş, bir işe elli kişi karışırsa …",isim,B1,,The investigation highlighted the critical role of chefs.,Soruşturma herkes patron kavramının kritik rolünü vurguladı.
Kütüphane: Sıfatlar & Zarflar,B1-B2 Sık Çıkan Akademik Sıfatlar,chemical,"kimyasal madde, kimyasal, kimyevi",sıfat,B2,,Magnesium is a chemical element.,Magnezyum kimyasal bir elementtir.
Kütüphane: Akademik İsimler,B2 İleri Akademik İsimler,chemist,"kimyacı, eczacı, kimyager",isim,B2,,The investigation highlighted the critical role of chemist.,Soruşturma kimyacı kavramının kritik rolünü vurguladı.
Kütüphane: Akademik İsimler,B2 İleri Akademik İsimler,chemists,kimyagerler,isim,B2,,The investigation highlighted the critical role of chemists.,Soruşturma kimyagerler kavramının kritik rolünü vurguladı.
Kütüphane: Temel Kelimeler (A1-A2),Günlük İsimler ve Mekanlar,child,"evlat, çocuk, ürün",isim,A1,,I'm not a child.,Bir çocuk değilim.
Kütüphane: Akademik İsimler,B2 İleri Akademik İsimler,childhood,"çocukluk, çocukluk dönemi, küçüklük",isim,B2,,I had a happy childhood.,Benim mutlu bir çocukluğum vardı.
Kütüphane: Temel Kelimeler (A1-A2),Günlük İsimler ve Mekanlar,children,"çocuklar, çocuk, döl döş",isim,A1,,I don't hate children!,Ben çocuklardan nefret etmiyorum!
Kütüphane: Akademik İsimler,B1 Temel Akademik İsimler,chip,"havalandırmak, takılmak, kırılmak",isim,B1,,How did you chip your tooth?,Dişinizi nasıl çektiniz?
Kütüphane: Sıfatlar & Zarflar,B1-B2 Sık Çıkan Akademik Sıfatlar,choice,"tercih, seçenek, ayırma",sıfat,B1,,Do I have a choice?,Bir seçeneğim var mı?
Kütüphane: Akademik Fiiller,B1 Temel Sınav Fiilleri,choose,"seçmek, chose - chosen, ayırmak",fiil,B1,,It's hard to choose.,Bunu seçmek zor.
Kütüphane: Sıfatlar & Zarflar,B1-B2 Sık Çıkan Akademik Sıfatlar,chronic,"kronik, müzmin, devamlı",sıfat,B2,,She suffers from a chronic illness.,O kronik bir hastalıktan muzdarip.
Kütüphane: Akademik İsimler,B1 Temel Akademik İsimler,circle,"halka, daire, çember",isim,B1,,They sat in a circle.,Onlar bir daire içinde oturdu.
Kütüphane: Akademik İsimler,C1 Üst Düzey Akademik İsimler,circumference,"daire çevresi, dairenin etrafını dolaşan çizgi, dairenin çevresi",isim,C1,,The investigation highlighted the critical role of circumference.,Soruşturma daire çevresi kavramının kritik rolünü vurguladı.
Kütüphane: Akademik İsimler,B1 Temel Akademik İsimler,cities,şehirler,isim,B1,,We live in different cities.,Farklı şehirlerde yaşıyoruz.
Kütüphane: Temel Kelimeler (A1-A2),Günlük İsimler ve Mekanlar,city,"kent, şehir, metropol",isim,A1,,I'm a city girl.,Ben bir şehir kızıyım.
Kütüphane: Akademik İsimler,B1 Temel Akademik İsimler,cl,"uluslararası sınıflama, şili:cl, cl yükü",isim,B1,,You can't cling to the past.,Geçmişe sadık kalamazsın.
Kütüphane: Akademik İsimler,C1 Üst Düzey Akademik İsimler,clarification,"açıklık kazanma, açıklığa kavuşma, açıklığa kavuşturma",isim,C1,,The investigation highlighted the critical role of clarification.,Soruşturma açıklık kazanma kavramının kritik rolünü vurguladı.
Kütüphane: Akademik Fiiller,B2 İleri Akademik Fiiller,clarify,"berraklaşmak, açıklamak, aydınlığa kavuşturmak",fiil,B2,,I'd like to clarify that.,Onu açıklamak istiyorum.
Kütüphane: Akademik İsimler,B1 Temel Akademik İsimler,class,"ders, sınıf, saymak",isim,B1,,He's in my class.,"O, benim sınıfımda."
Kütüphane: Sıfatlar & Zarflar,B1-B2 Sık Çıkan Akademik Sıfatlar,classic,"klasik, klas, değerini kanıtlamış yapıt",sıfat,B2,,This song is a classic.,Bu şarkı bir klasik.
Kütüphane: Sıfatlar & Zarflar,B1-B2 Sık Çıkan Akademik Sıfatlar,classical,"klasik, klas, eski dile ait",sıfat,B2,,Do you like classical music?,Klasik müzik hoşuna gidiyor mu?
Kütüphane: Akademik İsimler,C1 Üst Düzey Akademik İsimler,classification,"sınıflandırma, klasman, adlandırma",isim,C1,,The investigation highlighted the critical role of classification.,Soruşturma sınıflandırma kavramının kritik rolünü vurguladı.
Kütüphane: Akademik Fiiller,B2 İleri Akademik Fiiller,classmate,"sınıf arkadaşı, okul arkadaşı",fiil,B2,,I have a classmate who has a motorboat license.,Motorlu tekne lisansı olan bir sınıf arkadaşım var.
Kütüphane: Akademik İsimler,B2 İleri Akademik İsimler,classroom,"sınıf, dershane, derslik",isim,B2,,It isn't a classroom.,O bir sınıf değil.
Kütüphane: Sıfatlar & Zarflar,B1-B2 Sık Çıkan Akademik Sıfatlar,clear,"belirgin, açık, net",sıfat,B1,,It's a clear day.,Bu açık bir gün.
Kütüphane: Akademik İsimler,B2 İleri Akademik İsimler,clearer,daha net,isim,B2,,It's never been clearer.,Daha net olmamıştı.
Kütüphane: Sıfatlar & Zarflar,Akademik Zarflar (-ly / Derece),clearly,"açık bir biçimde, açıkça, ayan beyan",zarf,B2,"openly, frankly, plainly",It's clearly a fake.,Bunun sahte olduğu çok belli.
Kütüphane: Sıfatlar & Zarflar,Akademik Zarflar (-ly / Derece),cleverly,"zekice, akıllıca",zarf,B2,,The empirical results of the study were remarkably cleverly.,Çalışmanın ampirik sonuçlarının son derece zekice olduğu görüldü.
Kütüphane: Akademik İsimler,B1 Temel Akademik İsimler,client,"müvekkil, müşteri, hasta",isim,B1,,I'm with a client.,Bir müşteri ile birlikteyim.
Kütüphane: Akademik İsimler,B2 İleri Akademik İsimler,clients,"hizmetten yararlananlar, müşteriler",isim,B2,,I have clients to call.,Arayacak müşterilerim var.
Kütüphane: Akademik Fiiller,B2 İleri Akademik Fiiller,climate,"iklim, çevre, şartlar",fiil,B2,,I like the climate here.,Buranın iklimini seviyorum.
Kütüphane: Akademik Fiiller,B1 Temel Sınav Fiilleri,climb,"tırmanmak, tırmanış, aşama kaydetmek",fiil,B1,,Don't climb on this!,Buna tırmanma!
Kütüphane: Akademik İsimler,B2 İleri Akademik İsimler,climbing,"tırmanış, dağcılık, tırmanma",isim,B2,,I went climbing in the Alps.,Alp'lerde tırmanmaya gittim.
Kütüphane: Temel Kelimeler (A1-A2),Günlük İsimler ve Mekanlar,clock,"saat, saat tutmak, ölçmek",isim,A1,,It was six o'clock.,Saat altıydı.
Kütüphane: Akademik Fiiller,B1 Temel Sınav Fiilleri,cloud,"bulut, karartmak, bozmak",fiil,B1,,I'm on cloud nine.,İçim içime sığmıyor.
Kütüphane: Akademik İsimler,B1 Temel Akademik İsimler,clouds,bulutlar,isim,B1,,The clouds hid the sun.,Bulutlar güneşi sakladı.
Kütüphane: Sıfatlar & Zarflar,B1-B2 Sık Çıkan Akademik Sıfatlar,cloudy,"bulutlu, gölgeli, töhmet altında",sıfat,B1,,It's a cloudy day.,Bulutlu bir gün.
Kütüphane: Akademik İsimler,B1 Temel Akademik İsimler,clue,"ipucu, aydınlatmak, bilgi vermek",isim,B1,,I don't have a clue.,Bir fikrim yok.
Kütüphane: Akademik İsimler,B1 Temel Akademik İsimler,clues,ipuçları,isim,B1,,Did you find any clues?,Herhangi bir ipucu buldun mu?
Kütüphane: Akademik İsimler,B1 Temel Akademik İsimler,co,"birlikte, ko, vietnam’da yaşayan etnik bir grup",isim,B1,,Both the pilot and the co-pilot are dead.,Hem pilot ve hem de co-pilot öldüler.
Kütüphane: Akademik İsimler,B1 Temel Akademik İsimler,coast,"sahil, kıyı, deniz kıyısı",isim,B1,,I'm from the East Coast.,Ben doğu yakasındanım.
Kütüphane: Akademik İsimler,B2 İleri Akademik İsimler,coaster,"tahta peynirlik, kabotaj yapan gemi, kıyı boyunca işleyen ticari gemi",isim,B2,,Let's ride the roller coaster.,Roller coastera binelim.
Kütüphane: Akademik İsimler,B2 İleri Akademik İsimler,coating,"kaplama, kaplanma, paltoluk kumaş",isim,B2,,The investigation highlighted the critical role of coating.,Soruşturma kaplama kavramının kritik rolünü vurguladı.
Kütüphane: Temel Kelimeler (A1-A2),Günlük Eylemler ve Sıfatlar,cold,"soğukluk, soğukkanlı, soğuk",sıfat,A1,,I've got a cold.,Soğuk aldım.
Kütüphane: Sıfatlar & Zarflar,C1 İleri Niteleme Sıfatları,collaborative,"işbirlikçi, ortak çalışmaya dayalı",sıfat,C1,,It was a collaborative effort.,Ortak çalışmaya dayalı bir çabaydı.
Kütüphane: Akademik Fiiller,B2 İleri Akademik Fiiller,collapse,"yığılmak, çökmek, çöküş",fiil,B2,,It's going to collapse.,Bu çökecek.
Kütüphane: Akademik Fiiller,B2 İleri Akademik Fiiller,collect,"toplamak, biriktirmek, olmak",fiil,B2,,Did you collect them all?,Onların hepsini biriktirdin mi?
Kütüphane: Sıfatlar & Zarflar,B1-B2 Sık Çıkan Akademik Sıfatlar,collected,"toplu, aklı başında, sakinleşmiş",sıfat,B2,,He collected a lot of stamps.,"O, çok sayıda pul topladı."
Kütüphane: Sıfatlar & Zarflar,C1 İleri Niteleme Sıfatları,collective,"toplu, müşterek, kolektif",sıfat,C1,,Collective interests must be protected.,Toplu çıkarlar korunmalıdır.
Kütüphane: Akademik İsimler,B1 Temel Akademik İsimler,color,"boya, renk, renk katmak",isim,B1,,The color won't fade.,Rengi solmaz.
Kütüphane: Sıfatlar & Zarflar,B1-B2 Sık Çıkan Akademik Sıfatlar,colorless,"renksiz, sıkıcı, soluk",sıfat,B2,,The empirical results of the study were remarkably colorless.,Çalışmanın ampirik sonuçlarının son derece renksiz olduğu görüldü.
Kütüphane: Sıfatlar & Zarflar,B1-B2 Sık Çıkan Akademik Sıfatlar,colossal,"şaşırtıcı, iri yarı, ızbandut gibi",sıfat,B2,,What a colossal waste of time!,Ne devasa bir zaman kaybı!
Kütüphane: Akademik Fiiller,B2 İleri Akademik Fiiller,combine,"birleştirmek, birleşmek, kaynaştırmak",fiil,B2,,Combine all the parts to make one piece.,Tek parça yapmak için tüm parçaları birleştirin.
Kütüphane: Sıfatlar & Zarflar,B1-B2 Sık Çıkan Akademik Sıfatlar,combined,"karma, birleşik, bileşik",sıfat,B2,,He combined two ideas into one.,"O, iki fikri teke dönüştürdü."
Kütüphane: Akademik Fiiller,B1 Temel Sınav Fiilleri,come,"gelmek, came - come, gelip dayanmak",fiil,B1,,I'll come by bus.,Otobüsle geleceğim.
Kütüphane: Akademik İsimler,C1 Üst Düzey Akademik İsimler,comedian's,"komedi yazarı, komedyen, güldürücü",isim,C1,,The investigation highlighted the critical role of comedian's.,Soruşturma komedi yazarı kavramının kritik rolünü vurguladı.
Kütüphane: Akademik İsimler,B2 İleri Akademik İsimler,comfort,"rahatlık, konfor, rahat",isim,B2,,That's a real comfort.,O gerçek bir konfor.
Kütüphane: Sıfatlar & Zarflar,C1 İleri Niteleme Sıfatları,comfortable,"rahat, rahatlatıcı, teselli edici",sıfat,C1,,I'm comfortable with it.,Ben onunla rahatım.
Kütüphane: Sıfatlar & Zarflar,B1-B2 Sık Çıkan Akademik Sıfatlar,coming,"geliş, gelme, varış",sıfat,B1,,I'm coming to you.,Sana geliyorum.
Kütüphane: Akademik İsimler,B1 Temel Akademik İsimler,comm,açıklama,isim,B1,,The investigation highlighted the critical role of comm.,Soruşturma açıklama kavramının kritik rolünü vurguladı.
Kütüphane: Akademik İsimler,B2 İleri Akademik İsimler,command,"emretmek, buyurmak, kumanda",isim,B2,,I'm in command now.,Şu an komuta bende.
Kütüphane: Akademik İsimler,B2 İleri Akademik İsimler,commence,"başlatmak, başlamak, dava açmak",isim,B2,,The investigation highlighted the critical role of commence.,Soruşturma başlatmak kavramının kritik rolünü vurguladı.
Kütüphane: Sıfatlar & Zarflar,B1-B2 Sık Çıkan Akademik Sıfatlar,common,"alışılmış, alelade, yaygın",sıfat,B1,,It's a common name.,Bu yaygın bir isim.
Kütüphane: Akademik İsimler,C1 Üst Düzey Akademik İsimler,communication,"iletişim, temas, mesaj",isim,C1,,English is a means of communication.,İngilizce bir haberleşme aracıdır.
Kütüphane: Akademik İsimler,"Alan Odaklı İsimler (Sağlık, Fen & Sosyal)",communities,"topluluklar, toplumlar",isim,C1,,Asian communities tend to be quite closed.,Asya toplulukları oldukça kapalı olma eğilimindedir.
Kütüphane: Akademik İsimler,"Alan Odaklı İsimler (Sağlık, Fen & Sosyal)",community,"halk, camia, topluluk",isim,B2,,He's a community leader.,O bir toplum lideri.
Kütüphane: Akademik İsimler,B2 İleri Akademik İsimler,company,"bölük, şirket, firma",isim,B2,,It's a big company.,O büyük bir şirkettir.
Kütüphane: Sıfatlar & Zarflar,B1-B2 Sık Çıkan Akademik Sıfatlar,compared,"karşılaştırılmış, karşılaştırılan",sıfat,B2,,I compared notes with Tom.,Tom'la görüş alışverişinde bulundum.
Kütüphane: Akademik İsimler,B2 İleri Akademik İsimler,comparing,"kıyaslama, karşılaştırma, kıyas",isim,B2,,Stop comparing yourself to others.,Kendini başlarıyla karşılaştırmayı kes.
Kütüphane: Akademik Fiiller,B2 İleri Akademik Fiiller,compete,"rekabet etmek, yarışmak, kapışmak",fiil,B2,,I want to compete again.,Tekrar rekabet etmek istiyorum.
Kütüphane: Akademik İsimler,C1 Üst Düzey Akademik İsimler,competence,"yeterlik, kabiliyet, yeterlilik",isim,C1,,I'm not questioning your competence.,Ben senin yeterliliğini sorgulamıyorum.
Kütüphane: Sıfatlar & Zarflar,B1-B2 Sık Çıkan Akademik Sıfatlar,competing,"yarışma, rekabet, rakip",sıfat,B2,,I want to keep competing.,Ben yarışmaya devam etmek istiyorum.
Kütüphane: Akademik Fiiller,B2 İleri Akademik Fiiller,compile,"derlemek, sıralamak, telif etmek",fiil,B2,,We should compile a list of everybody who would be willing to help.,Yardım etmeye istekli olacak herkesin bir listesini derlemeliyiz.
Kütüphane: Akademik İsimler,C1 Üst Düzey Akademik İsimler,complement,"tamamlamak, tümlemek, mürettebat",isim,C1,,The wine complemented the meal perfectly.,Şarap yemeği mükemmel şekilde tamamladı.
Kütüphane: Sıfatlar & Zarflar,B1-B2 Sık Çıkan Akademik Sıfatlar,complete,"tamamlamak, tam, bütün",sıfat,B2,,I hope it's complete.,Umarım o tamdır.
Kütüphane: Sıfatlar & Zarflar,Akademik Zarflar (-ly / Derece),completely,"büsbütün, tamamen, komple",zarf,C1,,I'm not completely sure.,Tam olarak emin değilim.
Kütüphane: Akademik İsimler,B2 İleri Akademik İsimler,complex,"karışık, blok, bileşik şey",isim,B2,,It's a complex issue.,Bu karmaşık bir konu.
Kütüphane: Sıfatlar & Zarflar,C1 İleri Niteleme Sıfatları,complicated,"çetrefil, komplike, çetrefilli",sıfat,C1,,It's a complicated story.,Bu anlaşılması zor bir hikaye.
Kütüphane: Akademik İsimler,C1 Üst Düzey Akademik İsimler,compliment,"kompliman, iltifat, övgü",isim,C1,,He paid me a compliment.,O bana iltifat etti.
Kütüphane: Akademik İsimler,C1 Üst Düzey Akademik İsimler,compliments,"selamlar, saygılar, tebrikler",isim,C1,,I got a lot of compliments on it.,Onun üzerine birçok övgü aldım.
Kütüphane: Akademik İsimler,B2 İleri Akademik İsimler,component,"bileşen, parça, cüz",isim,B2,,Electronic components can be cleaned using pure isopropyl alcohol.,Elektronik bileşenler saf izopropil alkol kullanarak temizlenebilir.
Kütüphane: Akademik Fiiller,B2 İleri Akademik Fiiller,compose,"bestelemek, oluşturmak, gidermek",fiil,B2,,It's easy for him to compose a good poem.,Onun iyi bir şiir yazması kolay.
Kütüphane: Akademik İsimler,B2 İleri Akademik İsimler,composer,"yazar, bestekar, yaratıcı",isim,B2,,He is a famous composer.,O ünlü bir bestecidir.
Kütüphane: Sıfatlar & Zarflar,C1 İleri Niteleme Sıfatları,comprehensive,"etraflı, kapsamlı, tam veya her şey dahil",sıfat,C1,,This is a comprehensive approach.,Bu kapsamlı bir yaklaşımdır.
Kütüphane: Akademik Fiiller,B2 İleri Akademik Fiiller,comprise,"kapsamak, içermek, içine almak",fiil,B2,,The research committee agreed to comprise the proposed methodology.,Araştırma komitesi önerilen metodolojiyi kapsamak konusunda mutabık kaldı.
Kütüphane: Sıfatlar & Zarflar,C1 İleri Niteleme Sıfatları,computational,"sayısal, hesaba dayalı, bilgisayımsal",sıfat,C1,,The empirical results of the study were remarkably computational.,Çalışmanın ampirik sonuçlarının son derece sayısal olduğu görüldü.
Kütüphane: Akademik İsimler,"Alan Odaklı İsimler (Sağlık, Fen & Sosyal)",computing,"hesaplama, hesaplayan, programlama",isim,B2,,Boys are more interested in engineering and computing than girls.,Mühendislik ve bilgisayar alanında erkekler kızlara göre daha ilgili.
Kütüphane: Sıfatlar & Zarflar,B1-B2 Sık Çıkan Akademik Sıfatlar,conceal,"gizlemek, gizli tutmak, örtbas etmek",sıfat,B2,,I can't conceal it from you.,Onu senden gizleyemem.
Kütüphane: Sıfatlar & Zarflar,B1-B2 Sık Çıkan Akademik Sıfatlar,concealed,"gizlenen, gizlenmiş, saklı",sıfat,B2,,He concealed the fact from me.,"O, gerçeği benden gizledi."
Kütüphane: Akademik İsimler,B2 İleri Akademik İsimler,concern,"ilgilendirmek, kaygı, endişe",isim,B2,,It's a big concern.,Bu büyük bir ilgi.
Kütüphane: Sıfatlar & Zarflar,B1-B2 Sık Çıkan Akademik Sıfatlar,concerned,"ilgili, endişeli, alakadar",sıfat,B2,,I'm a little concerned.,Biraz endişeliyim.
Kütüphane: Akademik İsimler,C1 Üst Düzey Akademik İsimler,conclusion,"sonuç, bitim, ceza",isim,C1,,It's a foregone conclusion.,Bu kaçınılmaz bir sonuç.
Kütüphane: Akademik İsimler,C1 Üst Düzey Akademik İsimler,conclusions,"sonuçlar bildirgesi, sonuçlar",isim,C1,,Don't jump to conclusions.,Sonuçlara atlamayın.
Kütüphane: Akademik İsimler,B2 İleri Akademik İsimler,condition,"şartlandırmak, hal, koşul",isim,B2,,I'm in good condition.,İyi durumdayım.
Kütüphane: Akademik İsimler,C1 Üst Düzey Akademik İsimler,conditions,"koşullar, şartlar, ahval",isim,C1,,It depends on the conditions.,Şartlara bağlıdır.
Kütüphane: Akademik Fiiller,B2 İleri Akademik Fiiller,conduct,"yürütmek, idare etmek, yönetmek",fiil,B2,"carry out, implement, apply, perform",I am ashamed of my conduct.,Davranışımdan utanıyorum.
Kütüphane: Sıfatlar & Zarflar,B1-B2 Sık Çıkan Akademik Sıfatlar,conducted,"bir rehber ya da lider tarafından idare edilen, yürütülen",sıfat,B2,,An autopsy will be conducted.,Bir otopsi yapılacak.
Kütüphane: Akademik İsimler,B1 Temel Akademik İsimler,conf,conf,isim,B1,,The investigation highlighted the critical role of conf.,Soruşturma conf kavramının kritik rolünü vurguladı.
Kütüphane: Akademik İsimler,C1 Üst Düzey Akademik İsimler,confidence,"güven, mahremiyet, itimat",isim,C1,,I had confidence in him.,Ona güvenim vardı.
Kütüphane: Akademik Fiiller,B2 İleri Akademik Fiiller,confine,"sınırlandırmak, kapatmak, kapamak",fiil,B2,,Confine your remarks to the matter we are discussing.,Yorumlarını tartıştığımız konuyla sınırla.
Kütüphane: Sıfatlar & Zarflar,B1-B2 Sık Çıkan Akademik Sıfatlar,confined,"sınırlı, sınırlanmış, sınırlandırılmış",sıfat,B2,,He is confined to bed now.,"O, şimdi yatağa mahkûm."
Kütüphane: Akademik Fiiller,B2 İleri Akademik Fiiller,confuse,"kafasını karıştırmak, zihnini karıştırmak, telaşlandırmak",fiil,B2,,Don't confuse the two.,İkisini karıştırma.
Kütüphane: Sıfatlar & Zarflar,B1-B2 Sık Çıkan Akademik Sıfatlar,confused,"şaşkın, zihni bulanık, karmakarışık",sıfat,B2,,I'm a bit confused.,Biraz kafam karıştı.
Kütüphane: Sıfatlar & Zarflar,B1-B2 Sık Çıkan Akademik Sıfatlar,confusing,"şaşırtma, çetrefil, kafa karıştırıcı",sıfat,B2,,It was confusing to me.,Bu benim kafamı karıştırıyordu.
Kütüphane: Akademik Fiiller,B2 İleri Akademik Fiiller,connect,"bağlamak, bağlanmak, birleşmek",fiil,B2,,How do I connect to your Wi-Fi?,Senin Wi-Fi'yına nasıl bağlanırım?
Kütüphane: Akademik İsimler,C1 Üst Düzey Akademik İsimler,connection,"bağ, bağlantı, alaka",isim,C1,,What's Tom's connection?,Tom'un bağlantısı nedir?
Kütüphane: Akademik İsimler,C1 Üst Düzey Akademik İsimler,connectivity,"bağlanırlık, bağlantısallık, bağlanabilirlik",isim,C1,,The investigation highlighted the critical role of connectivity.,Soruşturma bağlanırlık kavramının kritik rolünü vurguladı.
Kütüphane: Akademik İsimler,B2 İleri Akademik İsimler,conquer,"fethetmek, ele geçirmek, zaptetmek",isim,B2,,You must conquer your fear of the dark.,Karanlık korkunuzu yenmelisiniz.
Kütüphane: Sıfatlar & Zarflar,Akademik Zarflar (-ly / Derece),consciously,"bile bile, kasten, bilinçli olarak",zarf,C1,,The empirical results of the study were remarkably consciously.,Çalışmanın ampirik sonuçlarının son derece bile bile olduğu görüldü.
Kütüphane: Akademik İsimler,C1 Üst Düzey Akademik İsimler,consequence,"netice, sonuç, semere",isim,C1,,It's of no consequence.,Bu önemsiz.
Kütüphane: Akademik İsimler,B2 İleri Akademik İsimler,consider,"durumu değerlendirmek, dikkate almak, göz önünde bulundurmak",isim,B2,,I consider it my duty.,Bunun görevim olduğunu düşünüyorum.
Kütüphane: Sıfatlar & Zarflar,C1 İleri Niteleme Sıfatları,considerable,"hatırı sayılır derecede, kaydadeğer, hatırı sayılır",sıfat,C1,,He has a considerable income.,O önemli bir gelire sahiptir.
Kütüphane: Akademik Fiiller,C1 Üst Düzey Paragraf Fiilleri,considerate,"düşünceli, hürmetkar, anlayışlı",fiil,C1,,He is a considerate father.,"O, düşünceli bir babadır."
Kütüphane: Sıfatlar & Zarflar,C1 İleri Niteleme Sıfatları,considered,"dikkate alınan, saygıdeğer, dikkate alınmış",sıfat,C1,,I hadn't considered that.,Ben onu dikkate almadım.
Kütüphane: Bağlaçlar & Edatlar,Koşul ve Eklemeler,considering,"hesaba katma, sıçrama, dikkate alma",edat,B2,,I'm considering suing Tom.,Tom'a dava açmayı düşünüyorum.
Kütüphane: Sıfatlar & Zarflar,C1 İleri Niteleme Sıfatları,consistent,"istikrarlı, tutarlı, bağıntılı",sıfat,C1,,We're just being consistent.,Her şeye bakıyoruz.
Kütüphane: Sıfatlar & Zarflar,B1-B2 Sık Çıkan Akademik Sıfatlar,constant,"sabit, durağan, değişmez",sıfat,B2,persistent,I'm in constant danger.,Sürekli tehlikedeyim.
Kütüphane: Akademik Fiiller,C1 Üst Düzey Paragraf Fiilleri,constitute,"oluşturmak, teşkil etmek, kurmak",fiil,C1,,The research committee agreed to constitute the proposed methodology.,Araştırma komitesi önerilen metodolojiyi oluşturmak konusunda mutabık kaldı.
Kütüphane: Akademik Fiiller,C1 Üst Düzey Paragraf Fiilleri,constitutes,"oluşturmak, teşkil etmek, kurmak",fiil,C1,,The research committee agreed to constitutes the proposed methodology.,Araştırma komitesi önerilen metodolojiyi oluşturmak konusunda mutabık kaldı.
Kütüphane: Akademik İsimler,C1 Üst Düzey Akademik İsimler,constraint,"kısıtlama, baskı, kısıtlamak",isim,C1,,There are few legal constraints on the sale of firearms in the U.S.,ABD'de ateşli silah satışı üzerine birkaç yasal sınırlama vardır.
Kütüphane: Akademik Fiiller,B2 İleri Akademik Fiiller,construct,"inşa etmek, dikmek, resmetmek",fiil,B2,,After reading his books I feel I can construct a house.,Onun kitaplarını okuduktan sonra bir ev inşa edebileceğimi hissediyorum.
Kütüphane: Akademik İsimler,C1 Üst Düzey Akademik İsimler,construction,"yapı, inşaat, inşa",isim,C1,,I'm a construction worker.,Ben bir inşaat işçisiyım.
Kütüphane: Akademik Fiiller,B2 İleri Akademik Fiiller,consume,"tüketmek, yakmak, tükenmek",fiil,B2,,The Swiss consume a large amount of beer.,İsviçre çok miktarda bira tüketiyor.
Kütüphane: Sıfatlar & Zarflar,B1-B2 Sık Çıkan Akademik Sıfatlar,consumed,tamamen harcanmış,sıfat,B2,,The fire consumed the whole house.,Yangın bütün evi yuttu.
Kütüphane: Sıfatlar & Zarflar,B1-B2 Sık Çıkan Akademik Sıfatlar,consuming,"yakan, tüketici, bitiren",sıfat,B2,,This is a very time-consuming task.,Bu çok zaman alan bir görevdir.
Kütüphane: Akademik İsimler,B2 İleri Akademik İsimler,contact,"ilişki kurmak, irtibat kurmak, temas etmek",isim,B2,,I can't contact Tom.,Tom'la iletişim kuramıyorum.
Kütüphane: Sıfatlar & Zarflar,C1 İleri Niteleme Sıfatları,contagious,"bulaşıcı, geçici, salgın",sıfat,C1,,Tom's smile was contagious.,Tom'un gülümsemesi bulaşıcıydı.
Kütüphane: Akademik Fiiller,B2 İleri Akademik Fiiller,contain,"kapsamak, içermek, zaptetmek",fiil,B2,,Does it contain recycled material?,Geri dönüştürülmüş malzeme içeriyor mu?
Kütüphane: Akademik İsimler,B2 İleri Akademik İsimler,container,"konteyner, kap, saklama kabı",isim,B2,,This container is completely watertight.,Bu kap tamamen su geçirmez.
Kütüphane: Akademik İsimler,C1 Üst Düzey Akademik İsimler,containers,"içecek kapları, yiyecek kapları, kap adedi",isim,C1,,Do you know what's in those containers?,Şu konteynerlerde ne olduğunu biliyor musun?
Kütüphane: Akademik İsimler,C1 Üst Düzey Akademik İsimler,containment,"tutma, kapsama, önleme",isim,C1,,The investigation highlighted the critical role of containment.,Soruşturma tutma kavramının kritik rolünü vurguladı.
Kütüphane: Akademik İsimler,"Alan Odaklı İsimler (Sağlık, Fen & Sosyal)",contamination,"pislik, kirletilme, bulaşım",isim,C1,,The investigation highlighted the critical role of contamination.,Soruşturma pislik kavramının kritik rolünü vurguladı.
Kütüphane: Sıfatlar & Zarflar,C1 İleri Niteleme Sıfatları,contemporary,"modern, çağdaş, günümüze ait",sıfat,C1,,Scott was a contemporary of Byron.,"Scott, çağdaş bir Byron'du."
Kütüphane: Akademik İsimler,B2 İleri Akademik İsimler,continent,"kıta, anakara, alan",isim,B2,,Africa is the poorest continent.,Afrika en yoksul kıtadır.
Kütüphane: Sıfatlar & Zarflar,B1-B2 Sık Çıkan Akademik Sıfatlar,continual,"ardı arkası kesilmeyen, durmadan, ardı arkası gelmeyen",sıfat,B2,,Today is the fifth day of continual stock price decline.,Bugün süregelen hisse senedi fiyat düşüşünün beşinci günüdür.
Kütüphane: Akademik Fiiller,B2 İleri Akademik Fiiller,continue,"devam ettirmek, sürmek, sürdürmek",fiil,B2,,Can I continue my trip?,Seyahatime devam edebilir miyim?
Kütüphane: Sıfatlar & Zarflar,B1-B2 Sık Çıkan Akademik Sıfatlar,continued,"devamlı, aralıksız, devam eden",sıfat,B2,,He continued to mock me.,O beni taklit etmeye devam etti.
Kütüphane: Akademik Fiiller,B2 İleri Akademik Fiiller,continues,"devam ettirmek, sürmek, sürdürmek",fiil,B2,,We just hope it continues.,Sadece onun devam edeceğini umuyoruz.
Kütüphane: Sıfatlar & Zarflar,Akademik Zarflar (-ly / Derece),continuously,"aralıksız, sürekli, harıl harıl",zarf,C1,,It rained continuously all day.,Tüm gün sürekli yağmur yağdı.
Kütüphane: Akademik Fiiller,C1 Üst Düzey Paragraf Fiilleri,contribute,"katkı yapmak, katkıda bulunmak, vermek",fiil,C1,,I want to contribute more.,Daha fazla katkıda bulunmak istiyorum.
Kütüphane: Akademik İsimler,B2 İleri Akademik İsimler,control,"denetlemek, kontrol etmek, kontrol",isim,B2,,I can't control it.,Onu kontrol edemiyorum.
Kütüphane: Sıfatlar & Zarflar,C1 İleri Niteleme Sıfatları,convenient,"müsait, münasip, uygun",sıfat,C1,,It's much more convenient.,Bu çok daha uygun.
Kütüphane: Sıfatlar & Zarflar,C1 İleri Niteleme Sıfatları,conventional,"geleneksel, itibari, basmakalıp",sıfat,C1,,Why are conventional language classes so boring?,Neden geleneksel dil dersleri bu kadar sıkıcı?
Kütüphane: Akademik Fiiller,B2 İleri Akademik Fiiller,convert,"dönüştürmek, arıtmak, evirmek",fiil,B2,,You must convert dollars into the local currency.,Doları yerel para birimine dönüştürmelisiniz.
Kütüphane: Akademik Fiiller,B1 Temel Sınav Fiilleri,convey,"iletmek, geçirmek, ulaştırmak",fiil,B1,,I want to convey my sympathy.,Sempatimi iletmek istiyorum.
Kütüphane: Akademik Fiiller,B2 İleri Akademik Fiiller,convince,"ikna etmek, inandırmak, kandırmak",fiil,B2,,I can't convince Tom.,Tom'u ikna edemem.
Kütüphane: Sıfatlar & Zarflar,C1 İleri Niteleme Sıfatları,convincing,"inandırıcı, ikna edici, ikna",sıfat,C1,,That wasn't very convincing.,Bu çok inandırıcı değildi.
Kütüphane: Temel Kelimeler (A1-A2),Günlük Eylemler ve Sıfatlar,cook,"yemek pişirmek, pişirmek, aşçı",fiil,A1,,I'm a good cook.,Ben iyi bir aşçıyım.
Kütüphane: Sıfatlar & Zarflar,B1-B2 Sık Çıkan Akademik Sıfatlar,cool,"soğutmak, serinlik, serin",sıfat,B1,,I'm so not cool.,Hiç cool değilim.
Kütüphane: Sıfatlar & Zarflar,C1 İleri Niteleme Sıfatları,cooperative,"kooperatif, işbirliği, yardımcı",sıfat,C1,,I tried to be cooperative.,Yardımcı olmaya çalıştım.
Kütüphane: Akademik İsimler,B1 Temel Akademik İsimler,copper,"bakır, bakır kaplamak, bakırlamak",isim,B1,,Copper and silver are both metals.,Bakır ve gümüş her ikisi de metaldir.
Kütüphane: Akademik İsimler,B1 Temel Akademik İsimler,core,"göbek, öz, çekirdek",isim,B1,,I don't eat the apple core.,Ben elma çekirdeği yemem.
Kütüphane: Akademik İsimler,B1 Temel Akademik İsimler,corner,"köşe, yakalamak, viraj almak",isim,B1,,It's at the corner.,O köşededir.
Kütüphane: Akademik İsimler,C1 Üst Düzey Akademik İsimler,corporation,"kurum, dernek, lonca",isim,C1,,She works for a large American corporation.,Büyük bir Amerikan şirketi için çalışıyor.
Kütüphane: Akademik Fiiller,B1 Temel Sınav Fiilleri,could,"-abilirdi, -er misin, -ebilirdi",fiil,B1,,Could I get a hug?,Sarılınabilir miyim?
Kütüphane: Sıfatlar & Zarflar,B1-B2 Sık Çıkan Akademik Sıfatlar,countless,"sayısız, çok, hadsiz hesapsız",sıfat,B2,,Countless lives have been lost.,Pek çok hayat kayboldu.
Kütüphane: Akademik İsimler,B2 İleri Akademik İsimler,countries,ülkeler,isim,B2,,I've been to many countries.,Birçok ülkeye gittim.
Kütüphane: Temel Kelimeler (A1-A2),Günlük İsimler ve Mekanlar,country,"yurt, memleket, ülke",isim,A1,,I'm a country boy.,Ben bir taşra çocuğuyum.
Kütüphane: Akademik İsimler,"Alan Odaklı İsimler (Sağlık, Fen & Sosyal)",court,"mahkeme, aranmak, yaltaklanmak",isim,B1,,I'll see you in court.,Mahkemede görüşürüz.
Kütüphane: Akademik İsimler,"Alan Odaklı İsimler (Sağlık, Fen & Sosyal)",courtroom,mahkeme salonu,isim,B2,,Justice is found in a courtroom.,Adalet mahkeme salonunda bulunur.
Kütüphane: Akademik İsimler,"Alan Odaklı İsimler (Sağlık, Fen & Sosyal)",courtrooms,mahkeme salonu,isim,C1,,The investigation highlighted the critical role of courtrooms.,Soruşturma mahkeme salonu kavramının kritik rolünü vurguladı.
Kütüphane: Akademik İsimler,B1 Temel Akademik İsimler,cover,"örtmek, kaplamak, kılıf",isim,B1,,I'll cover for you.,Ben seni koruyacağım.
Kütüphane: Akademik İsimler,B2 İleri Akademik İsimler,coverage,"kapsam, olay kaydı, yayın alanı",isim,B2,,The mobile phone you have dialed is either switched off or outside the coverage area. Please try again later.,"Aradığınız telefon ya kapalı ya da kapsama alanı dışında, lütfen daha sonra tekrar deneyiniz."
Kütüphane: Sıfatlar & Zarflar,B1-B2 Sık Çıkan Akademik Sıfatlar,crazy,"deli, çıldırmış, çılgın",sıfat,B1,,I am a bit crazy.,Ben biraz deliyim.
Kütüphane: Sıfatlar & Zarflar,B1-B2 Sık Çıkan Akademik Sıfatlar,creamy,"kremalı, kaymaklı, kremsi",sıfat,B1,,"I love thick, creamy mushroom soup.","Koyu, kremalı mantar çorbası severim."
Kütüphane: Akademik Fiiller,B1 Temel Sınav Fiilleri,create,"meydana getirmek, oluşturmak, yaratmak",fiil,B1,,We didn't create it.,Onu biz yaratmadık.
Kütüphane: Akademik İsimler,B2 İleri Akademik İsimler,creating,"yaratma, oluşturma, oluşturulan",isim,B2,,I'm interested in creating my own website.,Ben kendi web sitemi oluşturmakla ilgileniyorum.
Kütüphane: Akademik İsimler,B2 İleri Akademik İsimler,creation,"kreasyon, icat, yaratma",isim,B2,,That has allowed the creation of 4.000 new jobs.,O 4.000 yeni istihdam yaratılmasını sağladı.
Kütüphane: Akademik İsimler,B2 İleri Akademik İsimler,creature,"varlık, yaratık, mahluk",isim,B2,,I'm a creature of habit.,Ben bir alışkanlıkların insanıyım.
Kütüphane: Sıfatlar & Zarflar,B1-B2 Sık Çıkan Akademik Sıfatlar,credible,"inandırıcı, güvenilir, inanılır",sıfat,B2,,Tom's story sounded credible.,Tom'un hikayesi kulağa inanılır gibi geliyordu.
Kütüphane: Akademik İsimler,B1 Temel Akademik İsimler,crew,"tayfa, mürettebat, kitle",isim,B1,,I have a good crew.,İyi bir ekibim var.
Kütüphane: Akademik İsimler,B1 Temel Akademik İsimler,crisis,"bunalım, buhran, kriz",isim,B1,,I'm having a crisis.,Krizdeyim.
Kütüphane: Sıfatlar & Zarflar,B1-B2 Sık Çıkan Akademik Sıfatlar,critical,"kritik, ciddi, hassas",sıfat,B2,,Don't be so critical.,Bu kadar eleştirici olmayın.
Kütüphane: Sıfatlar & Zarflar,B1-B2 Sık Çıkan Akademik Sıfatlar,crucial,"çok önemli, kritik, önemli",sıfat,B2,,The timing will be crucial.,Zamanlama çok önemli olacak.
Kütüphane: Akademik Fiiller,B2 İleri Akademik Fiiller,cultivate,"ekip biçmek, yetiştirmek, gayret etmek",fiil,B2,,You should cultivate the habit of getting up early.,Erken kalkma alışkanlığını kazanmalısın.
Kütüphane: Sıfatlar & Zarflar,B1-B2 Sık Çıkan Akademik Sıfatlar,cultural,"kültürel, ekinsel",sıfat,B2,,It's a cultural thing.,Bu kültürel bir şey.
Kütüphane: Sıfatlar & Zarflar,Akademik Zarflar (-ly / Derece),culturally,kültürel olarak,zarf,C1,,The empirical results of the study were remarkably culturally.,Çalışmanın ampirik sonuçlarının son derece kültürel olarak olduğu görüldü.
Kütüphane: Akademik İsimler,"Alan Odaklı İsimler (Sağlık, Fen & Sosyal)",cultures,"yeni kültürlerle tanışmak, eski kültürler, kültür başkenti",isim,B2,,There are many cultures on Earth.,Dünyada birçok kültür vardır.
Kütüphane: Akademik Fiiller,B1 Temel Sınav Fiilleri,cure,"iyileştirmek, tedavi etmek, çare",fiil,B1,"treat, heal, remedy",Have you found a cure?,Bir çare buldun mu?
Kütüphane: Akademik İsimler,B2 İleri Akademik İsimler,curiosity,"merak, tuhaf şey, tuhaf tip",isim,B2,,I did it out of curiosity.,Bunu meraktan dolayı yaptım.
Kütüphane: Akademik İsimler,B2 İleri Akademik İsimler,curtain,"perde, perdelemek, perde takmak",isim,B2,,Can I open the curtain?,Perdeyi açabilir miyim?
Kütüphane: Sıfatlar & Zarflar,B1-B2 Sık Çıkan Akademik Sıfatlar,customary,"göreneksel, alışılmış, adet olan",sıfat,B2,,It's customary for waiters and waitresses to introduce themselves using only their first names.,Bay ve bayan garsonların ilk isimlerini kullanarak kendilerini tanıtması gelenekseldir.
Kütüphane: Akademik İsimler,B1 Temel Akademik İsimler,cycle,"devir, çevrim, pedal çevirmek",isim,B1,,"Wow, what a vicious cycle.","Vay, ne kısır bir döngü."
Kütüphane: Akademik İsimler,B1 Temel Akademik İsimler,dam,"baraj, büğemek, zapt etmek",isim,B1,,I live near a dam.,Ben bir baraj yakınında yaşıyorum.
Kütüphane: Akademik İsimler,B1 Temel Akademik İsimler,damage,"zarar vermek, zarar, hasar",isim,B1,,How bad is the damage?,Hasar ne kadar kötü?
Kütüphane: Akademik Fiiller,B1 Temel Sınav Fiilleri,damn,"suçu yüklemek, sövmek, lanet etmek",fiil,B1,,The research committee agreed to damn the proposed methodology.,Araştırma komitesi önerilen metodolojiyi suçu yüklemek konusunda mutabık kaldı.
Kütüphane: Akademik Fiiller,B1 Temel Sınav Fiilleri,damp,"nem, rutubet, rutubetli",fiil,B1,,My hair is still damp.,Saçım hâlâ nemli.
Kütüphane: Akademik İsimler,B1 Temel Akademik İsimler,dams,"barajlar, yavaşlatıcılar",isim,B1,,The investigation highlighted the critical role of dams.,Soruşturma barajlar kavramının kritik rolünü vurguladı.
Kütüphane: Akademik İsimler,B1 Temel Akademik İsimler,danger,"tehlike, risk, varta",isim,B1,,"I'm in danger, too.",Ben de tehlikedeyim.
Kütüphane: Sıfatlar & Zarflar,B1-B2 Sık Çıkan Akademik Sıfatlar,dangerous,"tehlikeli, çekinceli, riskli",sıfat,B2,,I think it's dangerous.,Sanırım o tehlikeli.
Kütüphane: Sıfatlar & Zarflar,B1-B2 Sık Çıkan Akademik Sıfatlar,dark,"karanlık, koyu, belirsizlik",sıfat,B1,,It's dark in here.,Burası karanlık.
Kütüphane: Akademik İsimler,B1 Temel Akademik İsimler,dat,-e hali,isim,B1,,I don't go on blind dates.,Tanışma randevularına gitmem.
Kütüphane: Akademik İsimler,B1 Temel Akademik İsimler,data,"veri, bilgi, girdi",isim,B1,information,I've analyzed the data.,Veriyi analiz ettik.
Kütüphane: Akademik Fiiller,B1 Temel Sınav Fiilleri,date,"çıkmak, randevuya çıkmak, zaman",fiil,B1,,It's not a date.,Bu bir randevu değil.
Kütüphane: Sıfatlar & Zarflar,B1-B2 Sık Çıkan Akademik Sıfatlar,dated,"tarihli, eski, tarih verilmiş",sıfat,B1,,It's a little dated.,O biraz demode.
Kütüphane: Akademik İsimler,B1 Temel Akademik İsimler,dating,"yaşlandırma, buluşma, tanışma",isim,B1,,I'm not dating Tom.,Ben Tom'la flört etmiyorum.
Kütüphane: Temel Kelimeler (A1-A2),Günlük İsimler ve Mekanlar,day,"gün, dönem, gündüz",isim,A1,,It's a hot day.,Sıcak bir gün.
Kütüphane: Akademik İsimler,B1 Temel Akademik İsimler,days,"eyyam, yaşam, günler",isim,B1,,It went on for days.,O günlerce devam etti.
Kütüphane: Akademik İsimler,B2 İleri Akademik İsimler,daytime,"gündüz, gün, iş günü",isim,B2,,Stars cannot be seen in the daytime.,Yıldızlar gündüzün görülemez.
Kütüphane: Sıfatlar & Zarflar,B1-B2 Sık Çıkan Akademik Sıfatlar,dazzling,"göz kamaştırıcı, baş döndürücü, baş döndüren",sıfat,B2,"stunning, marvelous, impressive",The empirical results of the study were remarkably dazzling.,Çalışmanın ampirik sonuçlarının son derece göz kamaştırıcı olduğu görüldü.
Kütüphane: Akademik İsimler,B1 Temel Akademik İsimler,death,"ölüm, vefat, katil",isim,B1,,I'm on death row.,Ben ölüm hücresindeyim.
Kütüphane: Akademik Fiiller,B1 Temel Sınav Fiilleri,debate,"çekişmek, çekişme, tartışma",fiil,B1,,It was a hot debate.,O sıcak bir tartışmaydı.
Kütüphane: Akademik İsimler,B1 Temel Akademik İsimler,decade,"10 yıl, on yıl, onlu grup",isim,B1,,I lost my son about a decade ago.,Yaklaşık on yıl önce oğlumu kaybettim.
Kütüphane: Akademik İsimler,B2 İleri Akademik İsimler,decades,on yıllar,isim,B2,,It hasn't been this hot in decades.,On yıllardır bu kadar sıcak görülmemişti.
Kütüphane: Akademik Fiiller,B1 Temel Sınav Fiilleri,decide,"karar vermek, belirlemek, azmetmek",fiil,B1,,I'll let you decide.,Karar vermene izin vereceğim.
Kütüphane: Sıfatlar & Zarflar,B1-B2 Sık Çıkan Akademik Sıfatlar,decided,"kararlı, karar verilmiş, tartışmasız",sıfat,B2,,I've decided to go.,Gitmeye karar verdim.
Kütüphane: Akademik İsimler,B2 İleri Akademik İsimler,decision,"karar, yargı, emir",isim,B2,,It's Tom's decision.,"O, Tom'un kararı."
Kütüphane: Akademik Fiiller,B2 İleri Akademik Fiiller,decline,"zayıflamak, inişe geçmek, geri çevirmek",fiil,B2,"decrease, diminish, drop",I had to decline his offer.,Onun teklifini geri çevirmek zorunda kaldım.
Kütüphane: Akademik Fiiller,B2 İleri Akademik Fiiller,decrease,"küçülmek, azaltmak, düşüş göstermek",fiil,B2,"diminish, decline",This medicine will decrease your pain.,Bu ilaç ağrını azaltacak.
Kütüphane: Sıfatlar & Zarflar,B1-B2 Sık Çıkan Akademik Sıfatlar,deep,"derin, deniz, derince",sıfat,B1,,He's deep in debt.,"O, borca batmış."
Kütüphane: Akademik Fiiller,B1 Temel Sınav Fiilleri,defeat,"yenmek, bozguna uğratmak, mağlup etmek",fiil,B1,,You can't defeat me.,Beni yenemezsin.
Kütüphane: Akademik İsimler,B1 Temel Akademik İsimler,defect,"bozukluk, arıza, kusur",isim,B1,,A quick temper is the only defect in her character.,Karakterindeki tek kusur hızlı bir öfke.
Kütüphane: Akademik Fiiller,B1 Temel Sınav Fiilleri,defend,"savunmak, korumak, kanat açmak",fiil,B1,,I won't defend Tom.,Tom'u savunmayacağım.
Kütüphane: Akademik Fiiller,B1 Temel Sınav Fiilleri,define,"tanımlamak, sınırlamak, belirtmek",fiil,B1,,Let's define our terms.,Şartlarımızı tanımlayalım.
Kütüphane: Sıfatlar & Zarflar,B1-B2 Sık Çıkan Akademik Sıfatlar,defined,"tanımlanmış, belirtili, tamlanan",sıfat,B2,,Tom's muscles are well-defined.,Tom'un kasları iyi tanımlanmıştır.
Kütüphane: Sıfatlar & Zarflar,B1-B2 Sık Çıkan Akademik Sıfatlar,definite,"belirli, belli, mahdut",sıfat,B2,,I have no definite plans.,Kesin planlarım yok.
Kütüphane: Sıfatlar & Zarflar,Akademik Zarflar (-ly / Derece),definitely,"kesinlikle, tamamen, elbette",zarf,C1,,I'll definitely do that.,Bunu kesinlikle yapacağım.
Kütüphane: Akademik İsimler,"Alan Odaklı İsimler (Sağlık, Fen & Sosyal)",deforestation,"orman açma, ormanları tahrip etme, ormansızlaşma",isim,C1,,Their habitat is threatened by deforestation.,Onların yetişme ortamı ormansızlaşma tarafından tehdit ediliyor.
Kütüphane: Akademik Fiiller,B1 Temel Sınav Fiilleri,delay,"gecikmek, ertelemek, rötar",fiil,B1,,We had a slight delay.,Hafif bir gecikmemiz vardı.
Kütüphane: Sıfatlar & Zarflar,B1-B2 Sık Çıkan Akademik Sıfatlar,delayed,"rötarlı, geciktirilmiş, tehirli",sıfat,B2,,Tom's flight was delayed.,Tom'un uçuşu ertelendi.
Kütüphane: Sıfatlar & Zarflar,Akademik Zarflar (-ly / Derece),deliberately,"kasten, bilerek, kasti olarak",zarf,C1,,I didn't do it deliberately.,Kasten yapmadım.
Kütüphane: Akademik Fiiller,B2 İleri Akademik Fiiller,delicate,"narin, hassas, kolay kırılabilen",fiil,B2,"fragile, sensitive, subtle",It's a delicate problem.,"O, hassas bir problem."
Kütüphane: Sıfatlar & Zarflar,B1-B2 Sık Çıkan Akademik Sıfatlar,delicious,"nefis, leziz, lezzetli",sıfat,B2,,I think this is delicious.,Bunun lezzetli olduğunu düşünüyorum.
Kütüphane: Akademik İsimler,B2 İleri Akademik İsimler,deliver,"teslim etmek, yapmak, yapıştırmak",isim,B2,,I'll deliver the box.,Kutuyu teslim edeceğim.
Kütüphane: Akademik Fiiller,C1 Üst Düzey Paragraf Fiilleri,demonstrate,"ispat etmek, göstermek, kanıtlamak",fiil,C1,,I'll demonstrate it for you.,Bunu senin için kanıtlayacağım.
Kütüphane: Sıfatlar & Zarflar,C1 İleri Niteleme Sıfatları,demonstrated,"ispat edilmiş, ispat edilen",sıfat,C1,,The salesman demonstrated how to use it.,Satıcı onun nasıl kullanılacağını gösterdi.
Kütüphane: Akademik Fiiller,B1 Temel Sınav Fiilleri,deny,"yalanlamak, inkar etmek, reddetmek",fiil,B1,,I can't deny it.,Bunu inkar edemem.
Kütüphane: Akademik Fiiller,B1 Temel Sınav Fiilleri,depend,"bağlı olmak, güvenmek, bağımlı olmak",fiil,B1,,Don't depend on it.,Ona bağlı olma.
Kütüphane: Sıfatlar & Zarflar,C1 İleri Niteleme Sıfatları,dependable,"güvenilir, güvenli, güvenilebilir",sıfat,C1,,I'm pretty sure Tom's dependable.,Tom'un güvenilebilir olduğuna oldukça eminim.
Kütüphane: Sıfatlar & Zarflar,B1-B2 Sık Çıkan Akademik Sıfatlar,dependent,"bağımlı, bağımlı kimse, başkasına muhtaç kimse",sıfat,B2,,We're dependent on each other.,Biz birbirimize bağlıyız.
Kütüphane: Akademik İsimler,C1 Üst Düzey Akademik İsimler,depression,"çöküntü, depresyon, bunalım",isim,C1,,She's in a depression.,O bir depresyonda.
Kütüphane: Akademik İsimler,B1 Temel Akademik İsimler,depth,"derinlik, dip, bilinçaltı",isim,B1,,We measured the depth of the river.,Nehrin derinliğini ölçtük.
Kütüphane: Akademik Fiiller,B2 İleri Akademik Fiiller,deserve,"hak etmek, layık olmak, hak kazanmak",fiil,B2,,I don't deserve it.,Ben onu hak etmiyorum.
Kütüphane: Akademik İsimler,B1 Temel Akademik İsimler,design,"dizayn etmek, tasarlamak, tasarım",isim,B1,,It's a design flaw.,Bu bir tasarım kusuru.
Kütüphane: Akademik İsimler,B1 Temel Akademik İsimler,desire,"istek duymak, arzulamak, arzu etmek",isim,B1,,I have no desire to try.,Denemek için hiç arzum yok.
Kütüphane: Sıfatlar & Zarflar,B1-B2 Sık Çıkan Akademik Sıfatlar,desired,"geçer, arzu edilen, gerekli",sıfat,B2,,We all want to be desired.,Hepimiz arzulanmak istiyoruz.
Kütüphane: Akademik Fiiller,B2 İleri Akademik Fiiller,desperate,"çaresiz, umutsuz, her şeyi göze alabilen",fiil,B2,,I'm not that desperate.,O kadar da çaresiz değilim.
Kütüphane: Bağlaçlar & Edatlar,Zıtlık ve Karşılaştırma,despite,"rağmen, kin, garez",edat,B2,,I love him despite his faults.,Ben onun hatalarına rağmen onu seviyorum.
Kütüphane: Sıfatlar & Zarflar,B1-B2 Sık Çıkan Akademik Sıfatlar,detailed,"ayrıntılı, detaylı, ayrıntılandırılmış",sıfat,B2,,I expect a detailed report.,Ayrıntılı bir rapor bekliyorum.
Kütüphane: Akademik Fiiller,B1 Temel Sınav Fiilleri,detect,"keşfetmek, sezmek, belirlemek",fiil,B1,,I can't detect any pattern.,Ben bir bağlantı kuramadım.
Kütüphane: Akademik Fiiller,B2 İleri Akademik Fiiller,determine,"azmetmek, kararlaştırmak, belirlemek",fiil,B2,,How did you determine that?,Onu nasıl kararlaştırdın?
Kütüphane: Sıfatlar & Zarflar,C1 İleri Niteleme Sıfatları,determined,"azimli, belirlenmiş, kararlı",sıfat,C1,persistent,She's a determined woman.,"O, kararlı bir kadın."
Kütüphane: Akademik İsimler,B2 İleri Akademik İsimler,detriment,"muhatara, muzır, zarar",isim,B2,,The investigation highlighted the critical role of detriment.,Soruşturma muhatara kavramının kritik rolünü vurguladı.
Kütüphane: Sıfatlar & Zarflar,C1 İleri Niteleme Sıfatları,detrimental,"zararlı, muzır, zarar veren",sıfat,C1,,Tom's stressful job is having a detrimental effect on his health.,Tom'un stresli işi sağlığı üzerinde zararlı bir etkiye sahiptir.
Kütüphane: Akademik Fiiller,B2 İleri Akademik Fiiller,develop,"geliştirmek, gelişmek, yıkamak",fiil,B2,,We must develop a plan.,Bir plan geliştirmeliyiz.
Kütüphane: Sıfatlar & Zarflar,B1-B2 Sık Çıkan Akademik Sıfatlar,developed,"gelişmiş, bayındırlaşmak, bayındır",sıfat,B2,,He developed his own theory.,"O, kendi teorisini geliştirdi."
Kütüphane: Akademik İsimler,C1 Üst Düzey Akademik İsimler,development,"gelişim, gelişme, adet edinme",isim,C1,,This is a huge development.,Bu büyük bir gelişme.
Kütüphane: Akademik İsimler,B1 Temel Akademik İsimler,device,"cihaz, alet, nişan",isim,B1,,How is this device used?,Bu cihaz nasıl kullanılır?
Kütüphane: Akademik İsimler,B2 İleri Akademik İsimler,devices,aygıtlar,isim,B2,,All these devices are unreliable.,Bütün bu cihazlar güvenilir değil.
Kütüphane: Akademik İsimler,B1 Temel Akademik İsimler,di,"iki, çift, di",isim,B1,,Everyone dies sooner or later.,Herkes er ya da geç ölür.
Kütüphane: Akademik Fiiller,B2 İleri Akademik Fiiller,diagnose,"teşhis etmek, tanı koymak, teşhis koymak",fiil,B2,,Have you ever been diagnosed with HIV?,Hiç HIV tanısı aldınız mı?
Kütüphane: Sıfatlar & Zarflar,B1-B2 Sık Çıkan Akademik Sıfatlar,diagnosed,teşhis edilmiş,sıfat,B2,,Have you ever been diagnosed with HIV?,Hiç HIV tanısı aldınız mı?
Kütüphane: Akademik İsimler,"Alan Odaklı İsimler (Sağlık, Fen & Sosyal)",diagnosis,"teşhis, tanı, belirtme",isim,B2,,It's a plausible diagnosis.,Bu makul bir tanı.
Kütüphane: Sıfatlar & Zarflar,C1 İleri Niteleme Sıfatları,diagnostic,"teşhis, tanısal, kontrol",sıfat,C1,,The empirical results of the study were remarkably diagnostic.,Çalışmanın ampirik sonuçlarının son derece teşhis olduğu görüldü.
Kütüphane: Akademik İsimler,B2 İleri Akademik İsimler,diamond,"elmas, camcı keskisi, baklava şekli",isim,B2,,Is that a real diamond?,O gerçek bir elmas mı?
Kütüphane: Akademik Fiiller,B1 Temel Sınav Fiilleri,die,"ölmek, vefat etmek, rahmetli olmak",fiil,B1,,Don't die on me.,Üstümde ölme.
Kütüphane: Akademik İsimler,"Alan Odaklı İsimler (Sağlık, Fen & Sosyal)",diet,"diyet, perhiz, perhiz vermek",isim,B1,,I'm on a diet.,Ben diyetteyim.
Kütüphane: Sıfatlar & Zarflar,B1-B2 Sık Çıkan Akademik Sıfatlar,dietary,"rejim kuralları, rejim yemeği, perhiz yemeği",sıfat,B2,,The empirical results of the study were remarkably dietary.,Çalışmanın ampirik sonuçlarının son derece rejim kuralları olduğu görüldü.
Kütüphane: Akademik İsimler,"Alan Odaklı İsimler (Sağlık, Fen & Sosyal)",dietician,"diyetisyen, beslenme uzmanı, beslenme eğitimcisi",isim,B2,,The investigation highlighted the critical role of dietician.,Soruşturma diyetisyen kavramının kritik rolünü vurguladı.
Kütüphane: Akademik İsimler,"Alan Odaklı İsimler (Sağlık, Fen & Sosyal)",dietitian,"diyetisyen, diyet uzmanı, beslenme uzmanı",isim,B2,,The investigation highlighted the critical role of dietitian.,Soruşturma diyetisyen kavramının kritik rolünü vurguladı.
Kütüphane: Akademik İsimler,"Alan Odaklı İsimler (Sağlık, Fen & Sosyal)",dietitians,"diyetisyen, diyet uzmanı, beslenme uzmanı",isim,C1,,The investigation highlighted the critical role of dietitians.,Soruşturma diyetisyen kavramının kritik rolünü vurguladı.
Kütüphane: Sıfatlar & Zarflar,B1-B2 Sık Çıkan Akademik Sıfatlar,different,"farklı, değişik, başka",sıfat,B2,,It's all so different.,Onun hepsi çok farklı.
Kütüphane: Sıfatlar & Zarflar,B1-B2 Sık Çıkan Akademik Sıfatlar,difficult,"çetin, zor, zorlu",sıfat,B2,,It's a difficult job.,Bu zor bir iş.
Kütüphane: Akademik İsimler,C1 Üst Düzey Akademik İsimler,difficulty,"zorluk, güçlük, açmazlık",isim,C1,,Are you in any difficulty?,Herhangi bir sıkıntı içinde misin?
Kütüphane: Akademik İsimler,B2 İleri Akademik İsimler,digging,"kazma, maden, kazı",isim,B2,"excavation, mining, burrowing",I'm digging a hole.,Bir çukur kazıyorum.
Kütüphane: Sıfatlar & Zarflar,B1-B2 Sık Çıkan Akademik Sıfatlar,digital,"dijital, tuş, parmağa ait",sıfat,B2,,Can I borrow your digital camera tonight?,Bu gece senin dijital kameranı ödünç alabilir miyim?
Kütüphane: Sıfatlar & Zarflar,B1-B2 Sık Çıkan Akademik Sıfatlar,diminish,"azalmak, eksiltmek, hafifletmek",sıfat,B2,"decrease, reduce, lessen, decline",The rights of every man are diminished when the rights of one man are threatened.,"Bir insanın haklarının tehdit edildiğinde, her insanın hakları azaltılır."
Kütüphane: Sıfatlar & Zarflar,B1-B2 Sık Çıkan Akademik Sıfatlar,direct,"yönlendirmek, yöneltmek, yönetmek",sıfat,B1,,Is it a direct flight?,O bir direkt uçuş mu?
Kütüphane: Akademik İsimler,B2 İleri Akademik İsimler,director,"yönetici, yönetmen, müdür",isim,B2,,Who became the new director?,Kim yeni yönetici oldu?
Kütüphane: Sıfatlar & Zarflar,B1-B2 Sık Çıkan Akademik Sıfatlar,disabled,"engelli, özürlü, etkisiz kılınmış",sıfat,B2,,That poor lady is disabled.,Şu zavallı kadın engelli.
Kütüphane: Akademik Fiiller,B2 İleri Akademik Fiiller,disappear,"ortadan kaybolmak, yok olmak, gözden kaybolmak",fiil,B2,,I just want to disappear.,Ben sadece ortadan kaybolmak istiyorum.
Kütüphane: Akademik İsimler,C1 Üst Düzey Akademik İsimler,disappearance,"gözden kaybolma, kaybolma, yok olma",isim,C1,,Everyone knows about Tom's disappearance.,Herkes Tom'un kaybolduğunu biliyor.
Kütüphane: Akademik Fiiller,C1 Üst Düzey Paragraf Fiilleri,disappoint,"hayal kırıklığına uğratmak, altüst etmek, ümidini boşa çıkarmak",fiil,C1,,I won't disappoint you.,Ben seni hayal kırıklığına uğratmayacağım.
Kütüphane: Sıfatlar & Zarflar,C1 İleri Niteleme Sıfatları,disappointed,"hayal kırıklığına uğramış, hüsrana uğramış, hayal kırıklığı uğramış",sıfat,C1,,I'm disappointed in you.,Senin hayal kırıklığına uğrattım.
Kütüphane: Akademik İsimler,C1 Üst Düzey Akademik İsimler,disappointment,"hüsran, hayal kırıklığı, ümidi boşa çıkma",isim,C1,,It was a huge disappointment.,Bu büyük bir hayal kırıklığıydı.
Kütüphane: Akademik İsimler,B2 İleri Akademik İsimler,discharge,"taburcu etmek, tahliye etmek, tahliye",isim,B2,,I have a discharge from my left ear.,Benim sol kulağımda bir akıntı var.
Kütüphane: Akademik İsimler,C1 Üst Düzey Akademik İsimler,discomfort,"rahatsız etmek, rahatsızlık, bozmak",isim,C1,,Are you experiencing any discomfort?,Bir rahatsızlık hissediyor musunuz?
Kütüphane: Akademik İsimler,"Alan Odaklı İsimler (Sağlık, Fen & Sosyal)",discover,"keşfetmek, çıkarmak, anlamak",isim,B2,,How did you discover that?,Sen onu nasıl keşfettin?
Kütüphane: Akademik Fiiller,C1 Üst Düzey Paragraf Fiilleri,discovered,"keşfedilmek, açığa çıkarılmak, bulunmak",fiil,C1,,He discovered a new star.,Yeni bir yıldız keşfetti.
Kütüphane: Akademik İsimler,"Alan Odaklı İsimler (Sağlık, Fen & Sosyal)",discoveries,"coğrafyada keşifler, bilimde keşifler, altın aramaları",isim,C1,,She made a series of medical discoveries.,O bir dizi tıbbi keşifler yaptı
Kütüphane: Akademik İsimler,"Alan Odaklı İsimler (Sağlık, Fen & Sosyal)",discovering,buluculuk,isim,C1,,Learning another language means discovering a new world.,"Başka bir dil öğrenmek, yeni bir dünya keşfetmek demektir."
Kütüphane: Akademik İsimler,"Alan Odaklı İsimler (Sağlık, Fen & Sosyal)",discovery,"buluş, bulgu, keşif",isim,B2,,I've made a discovery.,Bir keşif yaptım.
Kütüphane: Akademik Fiiller,B2 İleri Akademik Fiiller,discuss,"görüşmek, tartışmak, ele almak",fiil,B2,,I can't discuss it.,Bunu tartışamam.
Kütüphane: Sıfatlar & Zarflar,B1-B2 Sık Çıkan Akademik Sıfatlar,discussed,"görüşülmüş, tartışılmış",sıfat,B2,,I discussed it with Tom.,Onu Tom'la tartıştım.
Kütüphane: Akademik İsimler,C1 Üst Düzey Akademik İsimler,discussion,"tartışma, müzakere, bahis",isim,C1,,We had a heated discussion.,Hararetli bir tartışmamız vardı.
Kütüphane: Akademik İsimler,"Alan Odaklı İsimler (Sağlık, Fen & Sosyal)",disease,"hastalık, sayrılık, maraz",isim,B2,,It's a bad disease.,Bu kötü bir hastalık.
Kütüphane: Akademik İsimler,"Alan Odaklı İsimler (Sağlık, Fen & Sosyal)",diseases,hastalıklar,isim,B2,,Many diseases result from poverty.,Birçok hastalık yoksulluktan kaynaklanır.
Kütüphane: Sıfatlar & Zarflar,C1 İleri Niteleme Sıfatları,disgusting,"tiksindirici, iğrenç, çirkef",sıfat,C1,,I think it's disgusting.,Bunun iğrenç olduğunu düşünüyorum.
Kütüphane: Temel Kelimeler (A1-A2),Günlük İsimler ve Mekanlar,dish,"tabak, mahvetmek, oymak",isim,A1,,This is Tom's dish.,Bu Tom'un yemeği.
Kütüphane: Temel Kelimeler (A1-A2),Günlük İsimler ve Mekanlar,dishes,"tabak çanak, bulaşık, yemekler",isim,A1,,I'll do the dishes.,Ben bulaşıkları yıkayacağım.
Kütüphane: Temel Kelimeler (A1-A2),Günlük İsimler ve Mekanlar,dishwasher,"bulaşıkçı, bulaşık makinesi",isim,A1,,I don't have a dishwasher.,Benim bir bulaşık makinem yok.
Kütüphane: Akademik Fiiller,B2 İleri Akademik Fiiller,dismantle,"sökmek, çıkarmak, parçalamak",fiil,B2,,The research committee agreed to dismantle the proposed methodology.,Araştırma komitesi önerilen metodolojiyi sökmek konusunda mutabık kaldı.
Kütüphane: Akademik Fiiller,B2 İleri Akademik Fiiller,dismiss,"azletmek, kovmak, işten atmak",fiil,B2,,Don't dismiss any possibility.,Hiçbir ihtimali dışlama.
Kütüphane: Akademik İsimler,B2 İleri Akademik İsimler,disparity,"farklılık, uyumsuzluk, ihtilaf",isim,B2,,The investigation highlighted the critical role of disparity.,Soruşturma farklılık kavramının kritik rolünü vurguladı.
Kütüphane: Akademik İsimler,B2 İleri Akademik İsimler,display,"sergilemek, gösterme, teşhir",isim,B2,,His latest works are on temporary display.,Onun en son çalışmaları geçici sergide.
Kütüphane: Akademik İsimler,B2 İleri Akademik İsimler,dispute,"çekişmek, tartışmak, tartışma",isim,B2,,I won't dispute that.,Onu tartışmayacağım.
Kütüphane: Akademik Fiiller,B2 İleri Akademik Fiiller,dissolve,"eritmek, çözmek, son vermek",fiil,B2,,Dissolve the tablet in a glass of water.,Tableti bir bardak su içinde erit.
Kütüphane: Akademik İsimler,B2 İleri Akademik İsimler,distance,"mesafe, uzaklık, geride bırakmak",isim,B2,,I can't judge distance.,Mesafeyi tahmin edemem.
Kütüphane: Sıfatlar & Zarflar,B1-B2 Sık Çıkan Akademik Sıfatlar,distant,"uzakta, uzak, mesafeli",sıfat,B2,,Why are you being so distant?,Neden bu kadar samimiyetsiz davranıyorsun?
Kütüphane: Sıfatlar & Zarflar,B1-B2 Sık Çıkan Akademik Sıfatlar,distinct,"belirgin, seçik, şüphesiz",sıfat,B2,,That's a distinct possibility.,Bu ayrı bir olasılık.
Kütüphane: Akademik İsimler,C1 Üst Düzey Akademik İsimler,disturbance,"kargaşa, rahatsızlık, rahatsız etme",isim,C1,,The police intervened in the disturbance.,Polis rahatsızlığa müdahale etti.
Kütüphane: Akademik İsimler,C1 Üst Düzey Akademik İsimler,disturbances,fitne,isim,C1,,The investigation highlighted the critical role of disturbances.,Soruşturma fitne kavramının kritik rolünü vurguladı.
Kütüphane: Akademik İsimler,B1 Temel Akademik İsimler,dive,"dalmak, dove/dived - dived, dived/dove - dived",isim,B1,,I know how to dive.,Nasıl dalacağımı biliyorum.
Kütüphane: Akademik İsimler,B1 Temel Akademik İsimler,diver,"dalgıç, dalış yapan kimse, dalgıçkuşu",isim,B1,,The divers didn't make it back.,Dalgıçlar geri dönmedi.
Kütüphane: Sıfatlar & Zarflar,B1-B2 Sık Çıkan Akademik Sıfatlar,diverse,"çeşit çeşit, türlü, değişik",sıfat,B2,,It is an ethnically diverse school.,"Bu, etnik açıdan farklı bir okul."
Kütüphane: Akademik İsimler,B2 İleri Akademik İsimler,diversity,"çeşitlilik, değişik tür, çeşit",isim,B2,,There's so much diversity.,Pek çok çeşitlilik var.
Kütüphane: Akademik İsimler,B1 Temel Akademik İsimler,diving,"dalış, pike, dalma",isim,B1,,He is good at diving.,"O, dalmada iyidir."
Kütüphane: Akademik İsimler,B2 İleri Akademik İsimler,division,"bölme, sınır, tefrika",isim,B2,,What division of the company do you work in?,Şirketin hangi bölümünde çalışıyorsun?
Kütüphane: Akademik Fiiller,B1 Temel Sınav Fiilleri,do,"etmek, yapmak, did - done",fiil,B1,,I can't do it.,Onu yapamam.
Kütüphane: Akademik İsimler,B1 Temel Akademik İsimler,doc,"doktor, belge, bel",isim,B1,,"""Doc"" is an abbreviation of ""doctor"".","""Doktor"" kelimesinin kısaltması ""Dr."" dir."
Kütüphane: Temel Kelimeler (A1-A2),Günlük İsimler ve Mekanlar,doctor,"doktor, tahrif etmek, tedavi etmek",isim,A1,,I'm Tom's doctor.,Tom'un doktoruyum.
Kütüphane: Akademik İsimler,"Alan Odaklı İsimler (Sağlık, Fen & Sosyal)",doctors,"doktorların ihmalinden öldüğü iddia edilmek, doktorlara yönelik düşüncesini/tavrını vs değiştirmek, doktorların dağılımı",isim,B2,,I don't like doctors.,Doktorları sevmem.
Kütüphane: Akademik İsimler,B1 Temel Akademik İsimler,doing,"faaliyet, yapma, meydana getirme",isim,B1,,I'm doing it now.,Onu şimdi yapıyorum.
Kütüphane: Sıfatlar & Zarflar,B1-B2 Sık Çıkan Akademik Sıfatlar,domestic,"iç, evcil, hizmetçi",sıfat,B2,,The horse is a domestic animal.,At evcil bir hayvandır.
Kütüphane: Akademik İsimler,B1 Temel Akademik İsimler,don't,yapılmaması gereken şey,isim,B1,,The investigation highlighted the critical role of don't.,Soruşturma yapılmaması gereken şey kavramının kritik rolünü vurguladı.
Kütüphane: Akademik Fiiller,B1 Temel Sınav Fiilleri,donate,"bağışta bulunmak, bağışlamak, hibe etmek",fiil,B1,,I didn't donate blood.,Kan bağışında bulunmadım.
Kütüphane: Akademik İsimler,B2 İleri Akademik İsimler,donating,"bağışlama, bağışta bulunma",isim,B2,,She's donating money for cancer research.,Kanser araştırmaları için para bağışında bulunuyor.
Kütüphane: Sıfatlar & Zarflar,B1-B2 Sık Çıkan Akademik Sıfatlar,done,"yapılmış, iyi pişmiş, olmuş",sıfat,B1,,I've done a lot.,Ben çok yaptım.
Kütüphane: Temel Kelimeler (A1-A2),Günlük İsimler ve Mekanlar,door,"kapı, eşik, giriş",isim,A1,,I'll get the door.,Kapıya bakacağım.
Kütüphane: Akademik İsimler,B2 İleri Akademik İsimler,dosages,dozaj spektrumu,isim,B2,,The investigation highlighted the critical role of dosages.,Soruşturma dozaj spektrumu kavramının kritik rolünü vurguladı.
Kütüphane: Bağlaçlar & Edatlar,Koşul ve Eklemeler,down,"aşağıya doğru, aşağı, alaşağı etmek",edat,B1,,Don't let me down.,Benim yüzümü kara çıkarma.
Kütüphane: Akademik Fiiller,B1 Temel Sınav Fiilleri,draw,"karalamak, çekmek, çizmek",fiil,B1,,I didn't draw this.,Bunu ben çizmedim.
Kütüphane: Akademik İsimler,B2 İleri Akademik İsimler,drawing,"çizme, çekme, çizim",isim,B2,,I'm good at drawing.,Ben resim çizmede iyiyim.
Kütüphane: Temel Kelimeler (A1-A2),Günlük Eylemler ve Sıfatlar,drink,"içmek, içki, drank - drunk",fiil,A1,,I'll fix a drink.,Bir içki hazırlayacağım.
Kütüphane: Temel Kelimeler (A1-A2),Günlük Eylemler ve Sıfatlar,drive,"sürmek, araba sürmek, dürtü",sıfat,A1,,I can drive a car.,Araba sürebilirim.
Kütüphane: Sıfatlar & Zarflar,B1-B2 Sık Çıkan Akademik Sıfatlar,driving,"sürme, sevk, sürücü",sıfat,B2,,He is bad at driving.,O araba sürmede kötüdür.
Kütüphane: Akademik Fiiller,B1 Temel Sınav Fiilleri,drop,"düşmek, düşürmek, düşüş",fiil,B1,decline,I won't drop it.,Onu düşürmeyeceğim.
Kütüphane: Akademik İsimler,"Alan Odaklı İsimler (Sağlık, Fen & Sosyal)",drug,"ilaç, uyuşturmak, ilaç vermek",isim,B1,medication,It's like a drug.,O bir ilaç gibi.
Kütüphane: Sıfatlar & Zarflar,B1-B2 Sık Çıkan Akademik Sıfatlar,due,"vadesi dolmuş, hak vergi, alacak",sıfat,B1,,When is the baby due?,Bebek ne zaman doğacak?
Kütüphane: Sıfatlar & Zarflar,B1-B2 Sık Çıkan Akademik Sıfatlar,dull,"donuk, sıkıcı, mat",sıfat,B1,,I have a dull ache here.,Burada künt bir ağrım var.
Kütüphane: Bağlaçlar & Edatlar,Zaman ve Süreç Edatları,during,"zarfında, süresince, sırasında",edat,B1,,Don't talk during class.,Ders esnasında konuşma.
Kütüphane: Akademik İsimler,B1 Temel Akademik İsimler,duty,"görev, vazife, saygı",isim,B1,,I'm not on duty.,Ben görevde değilim.
Kütüphane: Akademik Fiiller,B1 Temel Sınav Fiilleri,dwell,"ikamet etmek, dwelt/dwelled - dwelt/dwelled, kalmak",fiil,B1,,I try not to dwell on the past.,Geçmişte yaşamamaya çalışıyorum.
Kütüphane: Akademik İsimler,B1 Temel Akademik İsimler,each,"her biri, herbir, beher",isim,B1,,I like each of them.,Onların ikisini de severim.
Kütüphane: Temel Kelimeler (A1-A2),Günlük İsimler ve Mekanlar,ear,"kulak, başaklanmak, başak",isim,A1,,I'm deaf in one ear.,Bir kulağım sağır.
Kütüphane: Sıfatlar & Zarflar,Akademik Zarflar (-ly / Derece),early,"erken, erken olan şey, erken olgunlaşan meyve ya da çiçek",zarf,B1,,I know I'm early.,Erken geldiğimi biliyorum.
Kütüphane: Temel Kelimeler (A1-A2),Günlük İsimler ve Mekanlar,earth,"kara, yeryüzü, zemin",isim,A1,,He's down to earth.,O gerçekçidir.
Kütüphane: Akademik İsimler,B1 Temel Akademik İsimler,ease,"rahatlatmak, kolaylaştırmak, rahatlamak",isim,B1,,I felt ill at ease.,Ben huzursuz oldum.
Kütüphane: Sıfatlar & Zarflar,Akademik Zarflar (-ly / Derece),easily,"rahatlıkla, rahatça, kolayca",zarf,B1,,I don't cry easily.,Kolay kolay ağlamam.
Kütüphane: Temel Kelimeler (A1-A2),Günlük Eylemler ve Sıfatlar,easy,"rahat, kolay, basit",sıfat,A1,,It won't be easy.,O kolay olmayacak.
Kütüphane: Temel Kelimeler (A1-A2),Günlük Eylemler ve Sıfatlar,eat,"yemek yemek, yemek, ate - eaten",fiil,A1,,I won't eat it.,Ben onu yemeyeceğim.
Kütüphane: Sıfatlar & Zarflar,B1-B2 Sık Çıkan Akademik Sıfatlar,eaten,"yenmiş, yenilmiş",sıfat,B1,,I haven't eaten yet.,Henüz yemek yemedim.
Kütüphane: Sıfatlar & Zarflar,B1-B2 Sık Çıkan Akademik Sıfatlar,eating,"yeme, yiyim, yemek",sıfat,B1,,I'm eating a pear.,Bir armut yiyorum.
Kütüphane: Akademik Fiiller,B2 İleri Akademik Fiiller,eclipse,"tutulmak, tutulma, sönmek",fiil,B2,,Did you see the eclipse?,Tutulmayı gördün mü?
Kütüphane: Sıfatlar & Zarflar,B1-B2 Sık Çıkan Akademik Sıfatlar,ecologic,"ekolojik, bir çevredeki canlı organizmaların birbirine bağımlılığıyla ifade edilen",sıfat,B2,,The empirical results of the study were remarkably ecologic.,Çalışmanın ampirik sonuçlarının son derece ekolojik olduğu görüldü.
Kütüphane: Sıfatlar & Zarflar,C1 İleri Niteleme Sıfatları,ecological,"çevre, çevrebilimsel, ekolojik",sıfat,C1,,The world's tropical rainforests are critical links in the ecological chain of life on the planet.,"Dünyadaki tropikal yağmur ormanları, gezegende yaşamın ekolojik zincirine kritik bağlantılıdır."
Kütüphane: Sıfatlar & Zarflar,B1-B2 Sık Çıkan Akademik Sıfatlar,economic,"ekonomik, iktisadi, hesaplı",sıfat,B2,,It doesn't make economic sense.,Ekonomik açıdan anlamsız.
Kütüphane: Akademik İsimler,B2 İleri Akademik İsimler,education,"öğretim, eğitim, öğrenim",isim,B2,,He had a classic education.,"O, klasik bir eğitim aldı."
Kütüphane: Sıfatlar & Zarflar,C1 İleri Niteleme Sıfatları,educational,"eğitsel, eğitimsel, eğitici",sıfat,C1,,I found the field trip very educational.,Saha gezisini çok eğitici buldum.
Kütüphane: Akademik İsimler,B1 Temel Akademik İsimler,effect,"tesir, etki, etkisi olmak",isim,B1,,How did this effect you?,Bu seni nasıl etkiledi?
Kütüphane: Sıfatlar & Zarflar,B1-B2 Sık Çıkan Akademik Sıfatlar,effective,"efektif, etkileyici, etkili",sıfat,B2,,I wasn't very effective.,Çok etkili değildim.
Kütüphane: Sıfatlar & Zarflar,Akademik Zarflar (-ly / Derece),effectively,"etkili bir şekilde, etkileyici, etkin olarak",zarf,C1,,"Last year, I spent so much time by myself that I almost forgot how to communicate effectively with others.",Geçen yıl tek başıma o kadar uzun bir zaman geçirdim ki diğerleriyle etkili şekilde nasıl iletişim kuracağımı neredeyse unuttum.
Kütüphane: Akademik İsimler,B2 İleri Akademik İsimler,effects,"eşya, efekt, kişisel eşyalar",isim,B2,,There were no side effects.,Hiçbir yan etki yoktu.
Kütüphane: Akademik İsimler,B2 İleri Akademik İsimler,efficacy,"efikasite, etkililik, fayda",isim,B2,,The investigation highlighted the critical role of efficacy.,Soruşturma efikasite kavramının kritik rolünü vurguladı.
Kütüphane: Akademik İsimler,C1 Üst Düzey Akademik İsimler,efficiency,"liyakat, yeterlik, hızlı ve verimli çalışma",isim,C1,,The investigation highlighted the critical role of efficiency.,Soruşturma liyakat kavramının kritik rolünü vurguladı.
Kütüphane: Sıfatlar & Zarflar,B1-B2 Sık Çıkan Akademik Sıfatlar,efficient,"etkili, liyakatli, verimli",sıfat,B2,,I think I was efficient.,Sanırım verimliydim.
Kütüphane: Sıfatlar & Zarflar,Akademik Zarflar (-ly / Derece),efficiently,"yeterli olarak, verimli biçimde, etkin",zarf,C1,,You have to use your time efficiently.,Vaktini verimli kullanmalısın.
Kütüphane: Akademik İsimler,B1 Temel Akademik İsimler,effort,"efor, çaba, gayret",isim,B1,,It's a group effort.,Bu bir grup çabasıdır.
Kütüphane: Akademik İsimler,B2 İleri Akademik İsimler,efforts,mesai,isim,B2,,His efforts were in vain.,Çabaları boşunaydı.
Kütüphane: Temel Kelimeler (A1-A2),Günlük İsimler ve Mekanlar,eight,"sekiz, ambar, sekiz rakamı",isim,A1,,Get me up at eight.,Beni sekizde uyandırın.
Kütüphane: Akademik İsimler,B1 Temel Akademik İsimler,either,"iki, her, her iki",isim,B1,,I don't know either.,Ben de bilmiyorum.
Kütüphane: Akademik İsimler,B2 İleri Akademik İsimler,election,"seçim, intihap, tercih",isim,B2,,He won the next election.,"O, bir sonraki seçimi kazandı."
Kütüphane: Akademik İsimler,C1 Üst Düzey Akademik İsimler,electricity,"elektrik, cereyan, çıngı",isim,C1,,There's no more electricity.,Artık elektrik yok.
Kütüphane: Akademik İsimler,B2 İleri Akademik İsimler,element,"eleman, unsur, doğa şartları",isim,B2,,Motivation is a key element.,Motivasyon anahtar unsurdur.
Kütüphane: Akademik İsimler,B2 İleri Akademik İsimler,elements,"ilk adımlar, başlangıç, doğa güçleri",isim,B2,,Iridium is one of the rarest elements.,İridyum en ender elementlerden biridir.
Kütüphane: Akademik Fiiller,B2 İleri Akademik Fiiller,elevate,"aklı/ruhu geliştirmek, terfi ettirmek, yükseltmek",fiil,B2,,The research committee agreed to elevate the proposed methodology.,Araştırma komitesi önerilen metodolojiyi aklı/ruhu geliştirmek konusunda mutabık kaldı.
Kütüphane: Sıfatlar & Zarflar,B1-B2 Sık Çıkan Akademik Sıfatlar,elevated,"keyifli, yüksek, yüce",sıfat,B2,,The empirical results of the study were remarkably elevated.,Çalışmanın ampirik sonuçlarının son derece keyifli olduğu görüldü.
Kütüphane: Akademik İsimler,B2 İleri Akademik İsimler,eliciting,"aydınlığa çıkartma, sağlama, temin etme",isim,B2,,The investigation highlighted the critical role of eliciting.,Soruşturma aydınlığa çıkartma kavramının kritik rolünü vurguladı.
Kütüphane: Akademik Fiiller,B2 İleri Akademik Fiiller,eliminate,"elemek, ekarte etmek, ortadan kaldırmak",fiil,B2,,We can eliminate parking fees.,Park ücretlerini ortadan kaldırabiliriz
Kütüphane: Akademik Fiiller,B1 Temel Sınav Fiilleri,emerge,"ortaya çıkmak, meydana çıkmak, sudur etmek",fiil,B1,,She emerged from the kitchen.,"O, mutfaktan çıktı."
Kütüphane: Akademik İsimler,"Alan Odaklı İsimler (Sağlık, Fen & Sosyal)",emissions,emisyonlar,isim,B2,,It is said that global warming is directly related to carbon dioxide emissions.,Küresel ısınmanın karbondioksit emisyonu ile doğrudan ilgili olduğu söyleniyor.
Kütüphane: Akademik Fiiller,B1 Temel Sınav Fiilleri,emit,"atmak, yayınlamak, belirtmek",fiil,B1,,The research committee agreed to emit the proposed methodology.,Araştırma komitesi önerilen metodolojiyi atmak konusunda mutabık kaldı.
Kütüphane: Sıfatlar & Zarflar,B1-B2 Sık Çıkan Akademik Sıfatlar,emotional,"dokunaklı, duygusal, hissi",sıfat,B2,,I was a bit emotional.,Ben biraz duygusaldım.
Kütüphane: Akademik Fiiller,B1 Temel Sınav Fiilleri,employ,"işe almak, çalıştırmak, kullanmak",fiil,B1,,They don't employ enough people.,Yeteri kadar insan çalıştırmıyorlar.
Kütüphane: Akademik İsimler,B2 İleri Akademik İsimler,employe,"bir başkası hesabına ücret karşılığında çalışan kimse, çalışan, memur",isim,B2,,I'm one of your employees.,Ben çalışanlarınızdan biriyim.
Kütüphane: Akademik İsimler,B2 İleri Akademik İsimler,employee,"işçi, eleman, çalışan",isim,B2,,I'm a bank employee.,Ben bir banka personeliyim.
Kütüphane: Akademik İsimler,B2 İleri Akademik İsimler,employer,"işveren, patron, çalıştıran",isim,B2,,You should speak with your employer.,Patronunla konuşmalısın.
Kütüphane: Akademik İsimler,B2 İleri Akademik İsimler,empower,"izin vermek, yetki vermek, güçlendirmek",isim,B2,,I want to empower the people.,İnsanları güçlendirmek istiyorum.
Kütüphane: Akademik İsimler,C1 Üst Düzey Akademik İsimler,empowering,"salahiyet tanıma, müsaade etme, salahiyet verme",isim,C1,,The investigation highlighted the critical role of empowering.,Soruşturma salahiyet tanıma kavramının kritik rolünü vurguladı.
Kütüphane: Akademik Fiiller,B2 İleri Akademik Fiiller,encourage,"cesaretlendirmek, yüreklendirmek, özendirmek",fiil,B2,"foster, stimulate, support, inspire",I encourage you to do so.,Ben sizi öyle yapmaya teşvik ediyorum.
Kütüphane: Akademik İsimler,B2 İleri Akademik İsimler,endanger,"tehlikeye atmak, zarar vermek, kayıp vermek",isim,B2,,It is an endangered species.,Nesli tükenmekte olan bir türdür.
Kütüphane: Sıfatlar & Zarflar,C1 İleri Niteleme Sıfatları,endangered,"tehlikeye atılmış, tehlikede, nesli tükenmekte olan",sıfat,C1,,It is an endangered species.,Nesli tükenmekte olan bir türdür.
Kütüphane: Akademik İsimler,B2 İleri Akademik İsimler,endeavor,"çabalamak, gayret etmek, uğraşmak",isim,B2,,This is a worthwhile endeavor.,Bu değerli bir çaba.
Kütüphane: Akademik İsimler,"Alan Odaklı İsimler (Sağlık, Fen & Sosyal)",energies,"avrupa yenilenebilir enerji birliği, özgül sinir enerjisi doktrini, özgül sinir enerjileri",isim,B2,,I concentrated all my energies on the problem.,Tüm enerjimi sorun üzerinde yoğunlaştırdım.
Kütüphane: Akademik İsimler,"Alan Odaklı İsimler (Sağlık, Fen & Sosyal)",energy,"enerji, kuvvet, derman",isim,B1,,He is full of energy.,O kişi çok enerjik.
Kütüphane: Sıfatlar & Zarflar,B1-B2 Sık Çıkan Akademik Sıfatlar,engaged,"bağlanmış, meşgul, nişanlı",sıfat,B2,,I'm engaged to Tom.,Ben Tom'la nişanlıyım.
Kütüphane: Akademik İsimler,B1 Temel Akademik İsimler,engine,"motor, makine takmak, itfaiye arabası",isim,B1,,I got the engine going.,Motoru çalıştırdım.
Kütüphane: Akademik İsimler,B2 İleri Akademik İsimler,engineer,"mühendis, mühendisliğini yapmak, planlayıp düzenlemek",isim,B2,,I'm not an engineer.,Ben bir mühendis değilim.
Kütüphane: Akademik İsimler,B2 İleri Akademik İsimler,engineers,mühendisler,isim,B2,,We're looking for engineers.,Mühendis arıyoruz.
Kütüphane: Akademik İsimler,B2 İleri Akademik İsimler,enhance,"arttırmak, yükseltmek, artırmak",isim,B2,"improve, boost, strengthen",Can we enhance the image?,Görüntüyü büyütebilir miyiz?
Kütüphane: Akademik İsimler,C1 Üst Düzey Akademik İsimler,enhancement,"artırılma, iyileştirme, artış",isim,C1,,Numerous other enhancements were added.,Sayısız başka iyileştirme eklendi.
Kütüphane: Akademik İsimler,B1 Temel Akademik İsimler,enigma,"bilmece, gizem, anlaşılmaz kimse",isim,B1,,The investigation highlighted the critical role of enigma.,Soruşturma bilmece kavramının kritik rolünü vurguladı.
Kütüphane: Akademik Fiiller,B2 İleri Akademik Fiiller,enlarge,"genişlemek, boyutunu büyütmek, büyütmek",fiil,B2,,They're going to enlarge their store.,Onlar mağazalarını büyütecek.
Kütüphane: Sıfatlar & Zarflar,B1-B2 Sık Çıkan Akademik Sıfatlar,enough,"kafi, yeterli, yeter",sıfat,B1,,I hope it's enough.,Umarım o yeterlidir.
Kütüphane: Akademik Fiiller,B1 Temel Sınav Fiilleri,ensure,"sağlama almak, sağlamak, garantiye almak",fiil,B1,,I'll do my best to ensure that such mistakes don't occur in the future.,Bu tür hataların gelecekte olmamasını sağlamak için elimden geleni yapacağım.
Kütüphane: Akademik İsimler,B2 İleri Akademik İsimler,ensuring,sigortalama,isim,B2,,The investigation highlighted the critical role of ensuring.,Soruşturma sigortalama kavramının kritik rolünü vurguladı.
Kütüphane: Akademik İsimler,B1 Temel Akademik İsimler,enters,"depresyona girmiş, karamsarlığa düşmüş, çaresizliğe/umutsuzluğa düşmüş",isim,B1,,Make sure that nobody enters.,Kimsenin girmediğinden emin ol.
Kütüphane: Akademik Fiiller,B2 İleri Akademik Fiiller,entertain,"eğlendirmek, oyalamak, ağırlamak",fiil,B2,,Will you entertain the guests while I get dressed?,Ben giyinirken misafirleri eğlendirir misin?
Kütüphane: Sıfatlar & Zarflar,C1 İleri Niteleme Sıfatları,entertained,"ağırlanmış, eğlendirilmiş, meşgul edilmiş",sıfat,C1,,They entertained us at dinner.,Bizi akşam yemeğinde ağırladılar.
Kütüphane: Akademik İsimler,C1 Üst Düzey Akademik İsimler,entertainment,"eğlence, alem, ziyafet",isim,C1,,Music is a form of entertainment.,Müzik bir eğlence şeklidir.
Kütüphane: Akademik İsimler,C1 Üst Düzey Akademik İsimler,enthusiasm,"heves, coşkunluk, coşku",isim,C1,,I love Tom's enthusiasm.,Tom'un hevesini seviyorum.
Kütüphane: Sıfatlar & Zarflar,B1-B2 Sık Çıkan Akademik Sıfatlar,entire,"bütün, tüm, tamam",sıfat,B1,,I read the entire book.,Tüm kitabı okudum.
Kütüphane: Sıfatlar & Zarflar,Akademik Zarflar (-ly / Derece),entirely,"tümüyle, külliyen, büsbütün",zarf,B2,,I'm entirely to blame.,Tamamen suçlanacağım.
Kütüphane: Akademik İsimler,"Alan Odaklı İsimler (Sağlık, Fen & Sosyal)",environment,"çevre, ortam, etraf",isim,C1,,It's a hostile environment.,Bu düşmanca bir ortam.
Kütüphane: Sıfatlar & Zarflar,C1 İleri Niteleme Sıfatları,environmental,"çevre, çevresel, muhite ait",sıfat,C1,,This is a major environmental disaster.,Bu büyük bir çevre felaketi.
Kütüphane: Akademik İsimler,"Alan Odaklı İsimler (Sağlık, Fen & Sosyal)",environments,"endüstriyel ortamlar, daha zorlu ortamlarda, finansal çevreler",isim,C1,,Rural environments are too quiet for me.,Kırsal ortamlar benim için çok sessiz.
Kütüphane: Sıfatlar & Zarflar,B1-B2 Sık Çıkan Akademik Sıfatlar,equal,"denk, eşit, muadili olmak",sıfat,B1,,I am not equal to it.,Ben ona uygun değilim.
Kütüphane: Akademik İsimler,C1 Üst Düzey Akademik İsimler,equilibrium,"denge, balans, kararlılık",isim,C1,,The investigation highlighted the critical role of equilibrium.,Soruşturma denge kavramının kritik rolünü vurguladı.
Kütüphane: Akademik İsimler,B2 İleri Akademik İsimler,equipment,"teçhizat, araç gereç, donanım",isim,B2,,All equipment must be sanitized.,Tüm ekipmanlar dezenfekte edilmelidir.
Kütüphane: Akademik Fiiller,B2 İleri Akademik Fiiller,eradicate,"kökünü kurutmak, kökünden söküp atmak, kökünden sökmek",fiil,B2,,The way to reduce crime is to eradicate poverty.,Suçu azaltmanın yolu yoksulluğu ortadan kaldırmaktır.
Kütüphane: Akademik İsimler,B1 Temel Akademik İsimler,es,"es, aynştayniyum'un kimyasal simgesi, aynştanyumun simgesi",isim,B1,,The investigation highlighted the critical role of es.,Soruşturma es kavramının kritik rolünü vurguladı.
Kütüphane: Sıfatlar & Zarflar,Akademik Zarflar (-ly / Derece),especially,"özellikle, hele, ille",zarf,C1,,It is especially hot today.,Hava bugün özellikle çok sıcak.
Kütüphane: Sıfatlar & Zarflar,B1-B2 Sık Çıkan Akademik Sıfatlar,essential,"ana, esas, esaslı",sıfat,B2,,Food is essential to life.,Gıda yaşam için elzemdir.
Kütüphane: Sıfatlar & Zarflar,B1-B2 Sık Çıkan Akademik Sıfatlar,establish,"kanıtlamak, kurmak, tesis etmek",sıfat,B2,,Let's establish some ground rules.,Bazı temel kurallar belirleyelim.
Kütüphane: Akademik İsimler,C1 Üst Düzey Akademik İsimler,establishing,"tesis, kurma, tesbit",isim,C1,,The investigation highlighted the critical role of establishing.,Soruşturma tesis kavramının kritik rolünü vurguladı.
Kütüphane: Akademik İsimler,C1 Üst Düzey Akademik İsimler,establishment,"kuruluş, kurum, tesis",isim,C1,,The investigation highlighted the critical role of establishment.,Soruşturma kuruluş kavramının kritik rolünü vurguladı.
Kütüphane: Akademik Fiiller,B2 İleri Akademik Fiiller,estimate,"kestirmek, tahmin etmek, tahmin",fiil,B2,,Can you estimate its value?,Onun değerini tahmin edebilir misin?
Kütüphane: Sıfatlar & Zarflar,B1-B2 Sık Çıkan Akademik Sıfatlar,european,"avrupalı, frenk, avrupai",sıfat,B2,,Spain is a European country.,İspanya bir Avrupa ülkesidir.
Kütüphane: Akademik İsimler,B2 İleri Akademik İsimler,europeans,avrupalılar,isim,B2,,Europeans like to drink wine.,Avrupalılar şarap içmek isterler.
Kütüphane: Akademik Fiiller,B2 İleri Akademik Fiiller,evaluate,"değerlendirmek, ölçmek, değerlendirmeye almak",fiil,B2,,It's difficult to evaluate his ability.,Onun yeteneğini değerlendirmek zordur.
Kütüphane: Akademik İsimler,C1 Üst Düzey Akademik İsimler,evaluation,"değerlendirme, ölçüm, değer tahmini",isim,C1,,We want a complete evaluation.,Tam bir değerlendirme istiyoruz.
Kütüphane: Sıfatlar & Zarflar,B1-B2 Sık Çıkan Akademik Sıfatlar,even,"düzgün, düz, pürüzsüz",sıfat,B1,,I won't even try.,Denemeyeceğim bile.
Kütüphane: Akademik İsimler,B1 Temel Akademik İsimler,event,"olay, aksiyon, yarışma",isim,B1,,The event is on Monday.,Olay pazartesi günü.
Kütüphane: Akademik Fiiller,B1 Temel Sınav Fiilleri,ever,"durmadan, her zaman, daima",fiil,B1,,Don't ever let go.,Hiç bırakma.
Kütüphane: Sıfatlar & Zarflar,B1-B2 Sık Çıkan Akademik Sıfatlar,every,"her, bütün, alışılmış",sıfat,B1,,I see it every day.,Onu her gün görüyorum.
Kütüphane: Temel Kelimeler (A1-A2),Günlük İsimler ve Mekanlar,everybody,"cümle alem, dost düşman, herkes",zamir,B2,,He's nice to everybody.,O herkese karşı naziktir.
Kütüphane: Temel Kelimeler (A1-A2),Günlük İsimler ve Mekanlar,everyone,"herkes, elalem, el alem",zamir,B2,,He's mad at everyone.,O herkese kızgın.
Kütüphane: Akademik Fiiller,C1 Üst Düzey Paragraf Fiilleri,everywhere,"her yer, her yere, her taraf",fiil,C1,,Cops can't be everywhere.,Polisler her yerde olamazlar.
Kütüphane: Akademik İsimler,B2 İleri Akademik İsimler,evidence,"kanıt, delil, açığa vurmak",isim,B2,,I need to see evidence.,Kanıt görmem gerek.
Kütüphane: Sıfatlar & Zarflar,B1-B2 Sık Çıkan Akademik Sıfatlar,evident,"belli, vazıh, açık",sıfat,B2,,It is evident that he did it.,Onun onu yaptığı bellidir.
Kütüphane: Akademik İsimler,B1 Temel Akademik İsimler,evil,"fenalık, kötülük, kötü",isim,B1,,He is an evil man.,O kötü bir adam.
Kütüphane: Akademik İsimler,B2 İleri Akademik İsimler,evolution,"evrim, gelişim, arka arkaya gelme",isim,B2,,Do you believe in evolution?,Evrime inanıyor musun?
Kütüphane: Akademik Fiiller,B1 Temel Sınav Fiilleri,evolve,"evrim geçirmek, yavaş yavaş gelişmek, gelişmek",fiil,B1,,We did not evolve from monkeys. We share a common ancestor.,Biz maymunlardan evrim geçirmedik. Ortak bir atayı paylaşıyoruz.
Kütüphane: Sıfatlar & Zarflar,B1-B2 Sık Çıkan Akademik Sıfatlar,evolving,"gelişmekte olan, gitgide gelişen, gitgide evrimleşen",sıfat,B2,,The empirical results of the study were remarkably evolving.,Çalışmanın ampirik sonuçlarının son derece gelişmekte olan olduğu görüldü.
Kütüphane: Akademik İsimler,"Alan Odaklı İsimler (Sağlık, Fen & Sosyal)",examination,"inceleme, muayene, sınav",isim,C1,,He took an oral examination.,"O, bir sözlü sınava girdi."
Kütüphane: Akademik Fiiller,B2 İleri Akademik Fiiller,examine,"muayene etmek, incelemek, yoklamak",fiil,B2,,I'll have to examine you.,Seni muayene etmem gerekecek.
Kütüphane: Akademik İsimler,B2 İleri Akademik İsimler,examining,"inceleme, soruşturma, tahkikat",isim,B2,,The police were examining their bags.,Polis onların çantalarını inceliyordu.
Kütüphane: Akademik İsimler,"Alan Odaklı İsimler (Sağlık, Fen & Sosyal)",excavation,"kazı, kazma, hafriyat",isim,C1,"digging, mining, unearthing",Human remains were found during the excavation.,Kazı sırasında insan kalıntıları bulundu.
Kütüphane: Bağlaçlar & Edatlar,Koşul ve Eklemeler,except,"haricinde, hariç, dışında",edat,B1,,No one came except Tom.,Tom hariç hiç kimse gelmedi.
Kütüphane: Sıfatlar & Zarflar,C1 İleri Niteleme Sıfatları,exceptional,"fevkalade, müstesna, istisnai",sıfat,C1,,I had an exceptional year.,Olağanüstü bir yıl geçirdim.
Kütüphane: Sıfatlar & Zarflar,Akademik Zarflar (-ly / Derece),exceptionally,"fevkalade, müstesna olarak, son derece",zarf,C1,,We've done exceptionally well.,Son derece iyi yaptık.
Kütüphane: Akademik İsimler,B1 Temel Akademik İsimler,excess,"aşırılık, fazlalık, aşırıya kaçma",isim,B1,,You shouldn't eat to excess.,Çok fazla yememelisin.
Kütüphane: Sıfatlar & Zarflar,B1-B2 Sık Çıkan Akademik Sıfatlar,excessive,"haddinden fazla, aşırı, aşkın",sıfat,B2,,Excessive honesty can be disastrous.,Aşırı dürüstlük feci olabilir.
Kütüphane: Akademik İsimler,B2 İleri Akademik İsimler,exchange,"takas etmek, değiş tokuş etmek, bozdurmak",isim,B2,,What do I get in exchange?,Karşılığında ne alırım?
Kütüphane: Akademik İsimler,C1 Üst Düzey Akademik İsimler,excitement,"heyecan, galeyan, coşku",isim,C1,,What's all the excitement?,Bütün bu heyecan ne?
Kütüphane: Bağlaçlar & Edatlar,Koşul ve Eklemeler,excluding,"hariç, dışlama, müstesna",edat,B2,,We're not excluding anybody.,Biz kimseyi dışarıda bırakmıyoruz.
Kütüphane: Akademik Fiiller,B2 İleri Akademik Fiiller,execute,"infaz etmek, idam etmek, yapmak",fiil,B2,"apply, implement",We must execute his orders.,Onun emirlerini yerine getirmeliyiz.
Kütüphane: Sıfatlar & Zarflar,B1-B2 Sık Çıkan Akademik Sıfatlar,executed,"asılı, yapılmış, uygulanmış",sıfat,B2,,He was executed as a spy.,O bir casus olarak idam edildi.
Kütüphane: Akademik Fiiller,B2 İleri Akademik Fiiller,exercise,"alıştırma yapmak, egzersiz yapmak, egzersiz",fiil,B2,,Do you like to exercise?,Egzersiz yapmak ister misin?
Kütüphane: Akademik Fiiller,B2 İleri Akademik Fiiller,exhaust,"egzoz, paçavrasını çıkarmak, yormak",fiil,B2,tire,Exhaust from factories pollutes the air.,Fabrikalardan gelen gazlar havayı kirletir.
Kütüphane: Sıfatlar & Zarflar,B1-B2 Sık Çıkan Akademik Sıfatlar,exhausted,"yorgun, tükenmiş, bitik",sıfat,B2,tired,I'm exhausted right now.,Şu anda bitkinim.
Kütüphane: Akademik Fiiller,B2 İleri Akademik Fiiller,exhibit,"sergilemek, sergi, ortaya koymak",fiil,B2,,We'll see the exhibit tomorrow.,Sergiyi yarın göreceğiz.
Kütüphane: Sıfatlar & Zarflar,B1-B2 Sık Çıkan Akademik Sıfatlar,exhibited,"sergilenmiş, sergilenen",sıfat,B2,,He exhibited no remorse for his crime.,Suçu için hiç pişmanlık göstermedi.
Kütüphane: Akademik İsimler,C1 Üst Düzey Akademik İsimler,exhibition,"sergi, gösteri, şölen",isim,C1,,The exhibition is now open.,Sergi şimdi açık.
Kütüphane: Akademik İsimler,B1 Temel Akademik İsimler,exist,"var olmak, geçinmek, bulunmak",isim,B1,,Do you think aliens exist?,Sence uzaylılar var mı?
Kütüphane: Sıfatlar & Zarflar,B1-B2 Sık Çıkan Akademik Sıfatlar,existed,"mevcut, var olmuş, geçinmiş",sıfat,B2,,I didn't know it existed.,Bunun var olduğunu bilmiyordum.
Kütüphane: Akademik İsimler,B2 İleri Akademik İsimler,existence,"mevcudiyet, varlık, varoluş",isim,B2,,We believe in the existence of God.,Biz Allah'ın varlığına inanıyoruz.
Kütüphane: Sıfatlar & Zarflar,B1-B2 Sık Çıkan Akademik Sıfatlar,existing,"mevcut, olma, var olma",sıfat,B2,,They lost faith in the existing system.,Mevcut sisteme inançlarını kaybettiler.
Kütüphane: Akademik Fiiller,B1 Temel Sınav Fiilleri,expand,"yayılmak, genişlemek, genişletmek",fiil,B1,,Can you expand on that?,Onu ayrıntılarıyla açıklayabilir misin?
Kütüphane: Sıfatlar & Zarflar,B1-B2 Sık Çıkan Akademik Sıfatlar,expanding,"genişleyen, tevsi, genişleme",sıfat,B2,,The workers are expanding the road.,İşçiler yolu genişletiyor.
Kütüphane: Akademik İsimler,B2 İleri Akademik İsimler,expansion,"genleşme, ilerleme, gelişme",isim,B2,,The investigation highlighted the critical role of expansion.,Soruşturma genleşme kavramının kritik rolünü vurguladı.
Kütüphane: Akademik Fiiller,B1 Temel Sınav Fiilleri,expect,"ummak, beklemek, ümit etmek",fiil,B1,,I didn't expect it.,Bunu beklemiyordum.
Kütüphane: Akademik İsimler,C1 Üst Düzey Akademik İsimler,expectation,"beklenti, ümit, olasılık",isim,C1,,It fell short of my expectation.,"O, beklentimi karşılamadı."
Kütüphane: Akademik İsimler,C1 Üst Düzey Akademik İsimler,expectations,"beklentiler, bekleyiş, tahmin",isim,C1,,Tom's expectations are clear.,Tom'un beklentileri açık.
Kütüphane: Sıfatlar & Zarflar,B1-B2 Sık Çıkan Akademik Sıfatlar,expected,"beklenen, umulan, beklenilen",sıfat,B2,,I think I'm expected.,Sanırım bekleniyorum.
Kütüphane: Akademik Fiiller,B1 Temel Sınav Fiilleri,expel,"defetmek, azletmek, çıkarmak",fiil,B1,,The research committee agreed to expel the proposed methodology.,Araştırma komitesi önerilen metodolojiyi defetmek konusunda mutabık kaldı.
Kütüphane: Akademik İsimler,C1 Üst Düzey Akademik İsimler,experience,"deneyim, tecrübe, görmek",isim,C1,,It was a bad experience.,Kötü bir deneyimdi.
Kütüphane: Sıfatlar & Zarflar,C1 İleri Niteleme Sıfatları,experienced,"tecrübeli, deneyimli, deneyim edilmiş",sıfat,C1,,I'm not experienced enough.,Yeterince deneyimli değilim.
Kütüphane: Akademik İsimler,C1 Üst Düzey Akademik İsimler,experiences,"deneyimler, yaşananlar",isim,C1,,I've had similar experiences.,Benzer deneyimler yaşadım.
Kütüphane: Akademik İsimler,C1 Üst Düzey Akademik İsimler,experiencing,"deneyim, deneyim etme",isim,C1,,Are you experiencing any discomfort?,Bir rahatsızlık hissediyor musunuz?
Kütüphane: Akademik İsimler,"Alan Odaklı İsimler (Sağlık, Fen & Sosyal)",experiment,"deney, deney yapmak, deney uygulamak",isim,C1,,I know it's an experiment.,Bunun bir deney olduğunu biliyorum.
Kütüphane: Sıfatlar & Zarflar,C1 İleri Niteleme Sıfatları,experimental,"deneysel, tecrübi, deneyde kullanılan",sıfat,C1,,The empirical results of the study were remarkably experimental.,Çalışmanın ampirik sonuçlarının son derece deneysel olduğu görüldü.
Kütüphane: Akademik İsimler,"Alan Odaklı İsimler (Sağlık, Fen & Sosyal)",experiments,deneyler,isim,C1,,The experiments led to great discoveries.,Deneyler büyük buluşlara yol açtı.
Kütüphane: Akademik Fiiller,B2 İleri Akademik Fiiller,expertise,"uzman görüşü sunmak, uzluk, ustalık",fiil,B2,,That's outside my area of expertise.,Bu benim uzmanlık alanımın dışında.
Kütüphane: Akademik İsimler,C1 Üst Düzey Akademik İsimler,expertness,"bilirkişilik, ustalık, uzmanlık",isim,C1,,The investigation highlighted the critical role of expertness.,Soruşturma bilirkişilik kavramının kritik rolünü vurguladı.
Kütüphane: Akademik Fiiller,B2 İleri Akademik Fiiller,explain,"açıklamak, izah etmek, aydınlatmak",fiil,B2,,I can't explain it.,Onu açıklayamam.
Kütüphane: Akademik İsimler,"Alan Odaklı İsimler (Sağlık, Fen & Sosyal)",explanation,"açıklama, izah, anlam",isim,C1,,I'd like an explanation.,Bir açıklama istiyorum.
Kütüphane: Akademik İsimler,C1 Üst Düzey Akademik İsimler,exploration,"keşif, araştırma, inceleme",isim,C1,,The investigation highlighted the critical role of exploration.,Soruşturma keşif kavramının kritik rolünü vurguladı.
Kütüphane: Akademik Fiiller,B2 İleri Akademik Fiiller,explore,"keşfetmek, araştırmak, tetkik etmek",fiil,B2,,Let's explore the possibilities.,Olanakları inceleyelim.
Kütüphane: Sıfatlar & Zarflar,B1-B2 Sık Çıkan Akademik Sıfatlar,explored,keşfedilmiş,sıfat,B2,,He explored the Amazon jungle.,"O, Amazon ormanını araştırdı."
Kütüphane: Akademik Fiiller,B2 İleri Akademik Fiiller,express,"ifade etmek, açık, belli",fiil,B2,,How much is the express?,Ekspress ne kadar?
Kütüphane: Sıfatlar & Zarflar,B1-B2 Sık Çıkan Akademik Sıfatlar,exquisite,"çok büyük, nazik, seçkin",sıfat,B2,,This is an exquisite little painting.,Bu enfes bir küçük tablodur.
Kütüphane: Akademik Fiiller,B1 Temel Sınav Fiilleri,extend,"sunmak, genişletmek, uzatmak",fiil,B1,,Can I extend my stay?,Kalışımı uzatabilir miyim?
Kütüphane: Sıfatlar & Zarflar,B1-B2 Sık Çıkan Akademik Sıfatlar,extensive,"yaygın, geniş, kapsamlı",sıfat,B2,,The damage is too extensive.,Zarar çok geniş çaplıdır.
Kütüphane: Akademik Fiiller,C1 Üst Düzey Paragraf Fiilleri,exterminate,"kırmak, kökünü kurutmak, mahvetmek",fiil,C1,,The research committee agreed to exterminate the proposed methodology.,Araştırma komitesi önerilen metodolojiyi kırmak konusunda mutabık kaldı.
Kütüphane: Akademik İsimler,C1 Üst Düzey Akademik İsimler,extinction,"söndürme, feshetme, sönme",isim,C1,,They are in danger of extinction.,Onlar yok olma tehdidi altında.
Kütüphane: Sıfatlar & Zarflar,B1-B2 Sık Çıkan Akademik Sıfatlar,extra,"ekstra, ilave gazete, ilave",sıfat,B1,,This is an extra one.,Bu ilave bir tane.
Kütüphane: Sıfatlar & Zarflar,C1 İleri Niteleme Sıfatları,extraordinary,"fevkalade, olağandışı, olağanüstü",sıfat,C1,,It was an extraordinary year.,Bu olağanüstü bir yıldı.
Kütüphane: Sıfatlar & Zarflar,B1-B2 Sık Çıkan Akademik Sıfatlar,extreme,"aşırı, aşırı derece, aşırılık",sıfat,B2,,It's a bit extreme.,Bu biraz aşırıdır.
Kütüphane: Sıfatlar & Zarflar,Akademik Zarflar (-ly / Derece),extremely,"gayetle, feci, aşırı",zarf,B2,,I've been extremely busy.,Son derece meşguldüm.
Kütüphane: Akademik İsimler,B1 Temel Akademik İsimler,faa,federal havacılık idaresi,isim,B1,,The investigation highlighted the critical role of faa.,Soruşturma federal havacılık idaresi kavramının kritik rolünü vurguladı.
Kütüphane: Temel Kelimeler (A1-A2),Günlük İsimler ve Mekanlar,face,"yüzleşmek, yüz yüze gelmek, yönelmek",isim,A1,,I saw Tom's face.,Tom'un yüzünü gördüm.
Kütüphane: Akademik Fiiller,C1 Üst Düzey Paragraf Fiilleri,facilitate,"hafifletmek, rahatlatmak, olanak tanımak",fiil,C1,,I think I can facilitate that.,Bunu kolaylaştırabileceğimi düşünüyorum
Kütüphane: Akademik İsimler,B1 Temel Akademik İsimler,fact,"vaka, gerçek durum, vak’a",isim,B1,,Here's a fun fact.,İşte eğlenceli bir vaka.
Kütüphane: Akademik İsimler,B1 Temel Akademik İsimler,factor,"etken, faktör, etmen",isim,B1,,Cost is also a factor.,Maliyet de bir faktördür.
Kütüphane: Akademik İsimler,B2 İleri Akademik İsimler,failure,"yapmayış, başarısızlık, arıza",isim,B2,,The party was a failure.,Parti bir fiyaskoydu.
Kütüphane: Akademik İsimler,"Alan Odaklı İsimler (Sağlık, Fen & Sosyal)",failures,"arızalar arası ortalama zaman, banka iflasları, işletme başarısızlıkları",isim,B2,,We're going to have failures.,Hatalarımız olacak.
Kütüphane: Sıfatlar & Zarflar,B1-B2 Sık Çıkan Akademik Sıfatlar,faint,"bayılmak, bayılma, bitkin düşmek",sıfat,B1,,I'm going to faint.,Bayılacağım.
Kütüphane: Sıfatlar & Zarflar,B1-B2 Sık Çıkan Akademik Sıfatlar,fair,"panayır, fuar, açık tenli",sıfat,B1,,I think it's fair.,Onun adil olduğunu düşünüyorum.
Kütüphane: Sıfatlar & Zarflar,Akademik Zarflar (-ly / Derece),fairly,"büsbütün, adil bir şekilde, uygunca",zarf,B1,,It may be fairly old.,Bu oldukça eski olabilir.
Kütüphane: Akademik Fiiller,B1 Temel Sınav Fiilleri,fall,"inmek, düşmek, güz",fiil,B1,,I didn't fall down.,Ben düşmedim.
Kütüphane: Akademik İsimler,B2 İleri Akademik İsimler,falling,"düşüş, düşme, sukut",isim,B2,,Are you falling for me?,Bana âşık mısın?
Kütüphane: Sıfatlar & Zarflar,B1-B2 Sık Çıkan Akademik Sıfatlar,far,"uzak, çok fazla, uzun",sıfat,B1,,I won't go far.,Çok ileri gitmeyeceğim.
Kütüphane: Sıfatlar & Zarflar,B1-B2 Sık Çıkan Akademik Sıfatlar,fast,"süratli, çabuk, hızlı",sıfat,B1,,I'm a fast eater.,Ben hızlı bir yiyiciyim.
Kütüphane: Temel Kelimeler (A1-A2),Günlük İsimler ve Mekanlar,father,"papaz, peder, baba",isim,A1,,I'm Tom's father.,Tom'un babasıyım.
Kütüphane: Akademik İsimler,B1 Temel Akademik İsimler,fauna,"bölge hayvanlarının tümü, hayvanat, fauna",isim,B1,,The investigation highlighted the critical role of fauna.,Soruşturma bölge hayvanlarının tümü kavramının kritik rolünü vurguladı.
Kütüphane: Sıfatlar & Zarflar,B1-B2 Sık Çıkan Akademik Sıfatlar,favorite,"favori, gözde, en çok beğenilen",sıfat,B2,,It's Tom's favorite.,"O, Tom'un favorisi."
Kütüphane: Akademik İsimler,B1 Temel Akademik İsimler,fear,"korkmak, korku, kuşkulanmak",isim,B1,,I don't fear them.,Onlardan korkmuyorum.
Kütüphane: Akademik Fiiller,B1 Temel Sınav Fiilleri,feel,"hissetmek, felt - felt, sezmek",fiil,B1,,I can't feel it.,Bunu hissedemiyorum.
Kütüphane: Akademik İsimler,B1 Temel Akademik İsimler,feels,"ağlarsa anam ağlar, gerisi yalan ağlar, duygular, duygularını/hislerini kabartmak",isim,B1,,I know how it feels.,Nasıldır bilirim.
Kütüphane: Akademik İsimler,B1 Temel Akademik İsimler,felt,"keçe, keçe ile kaplamak, keçe yapmak",isim,B1,,I felt a bit tired.,Biraz yorgun hissettim.
Kütüphane: Sıfatlar & Zarflar,B1-B2 Sık Çıkan Akademik Sıfatlar,female,"kadın, dişi, kız",sıfat,B1,,A doe is a female deer.,Dişi geyiğe maral denir.
Kütüphane: Sıfatlar & Zarflar,B1-B2 Sık Çıkan Akademik Sıfatlar,fertile,"verimli, bereketli, mümbit",sıfat,B2,,He has a fertile imagination.,Onun yaratıcı bir hayal gücü var.
Kütüphane: Akademik İsimler,B1 Temel Akademik İsimler,fever,"ateş, ateşlenmek, telaş",isim,B1,,I've got a fever.,Ateşim var.
Kütüphane: Akademik İsimler,B1 Temel Akademik İsimler,field,"tarla, alan, saha",isim,B1,,I ran across the field.,Sahayı koşarak geçtim.
Kütüphane: Akademik İsimler,B1 Temel Akademik İsimler,figure,"rakam, şekil, yer almak",isim,B1,,I'll figure it out.,Ben bunu halledeceğim.
Kütüphane: Akademik İsimler,B2 İleri Akademik İsimler,figures,"eşkal, rakamsal veriler",isim,B2,,He added up the figures.,"O, rakamları topladı."
Kütüphane: Temel Kelimeler (A1-A2),Günlük İsimler ve Mekanlar,film,"film, zar vb kaplamak, filme almak",isim,A1,,How does the film end?,Film nasıl sona erer?
Kütüphane: Sıfatlar & Zarflar,B1-B2 Sık Çıkan Akademik Sıfatlar,final,"final, nihai, kesin",sıfat,B1,,I guess that's final.,Sanırım bu son.
Kütüphane: Akademik Fiiller,B1 Temel Sınav Fiilleri,find,"bulmak, found - found, rastlamak",fiil,B1,,I can't find it.,Onu bulamıyorum.
Kütüphane: Akademik İsimler,B2 İleri Akademik İsimler,finding,"bulma, bulgu, keşfedilmiş şey",isim,B2,,Finding work wasn't easy.,İş bulmak kolay değildi.
Kütüphane: Akademik İsimler,B2 İleri Akademik İsimler,findings,"araç gereç, bulgular, hükümler",isim,B2,,This study's findings were no surprise.,Bu çalışmanın ortaya koyduğu bulgular sürpriz olmadı.
Kütüphane: Sıfatlar & Zarflar,B1-B2 Sık Çıkan Akademik Sıfatlar,finished,"tamamlanmış, bitmiş, tamam",sıfat,B2,,I think I'm finished.,Sanırım bitirdim.
Kütüphane: Akademik Fiiller,B1 Temel Sınav Fiilleri,fire,"ateşlemek, kovmak, yangın",fiil,B1,,I can't fire Tom.,Tom'u işten kovamam.
Kütüphane: Sıfatlar & Zarflar,B1-B2 Sık Çıkan Akademik Sıfatlar,firm,"firma, sıkı, sert",sıfat,B1,,It's a solvent firm.,O bir çözücü firması.
Kütüphane: Akademik Fiiller,B1 Temel Sınav Fiilleri,first,"birinci, ilk, önce",fiil,B1,,I'll go in first.,İlk olarak ben gideceğim.
Kütüphane: Akademik İsimler,B2 İleri Akademik İsimler,fitness,"formda olma, uygun olma, bedenen formda olma",isim,B2,,No one doubts her fitness for the post.,Onun görev için uygunluğundan hiç kimsenin kuşkusu yok.
Kütüphane: Temel Kelimeler (A1-A2),Günlük Eylemler ve Sıfatlar,flat,"düz yüzey, daire, yassı",sıfat,A1,,I got a flat tire.,Patlak bir lastiğim var.
Kütüphane: Akademik İsimler,B1 Temel Akademik İsimler,flavor,"tat duyusu, tat, lezzet",isim,B1,,What flavor do you want?,Ne çeşit istiyorsun?
Kütüphane: Temel Kelimeler (A1-A2),Günlük İsimler ve Mekanlar,floor,"yeri kaplamak, kat, yer",isim,A1,,It's up one floor.,O bir kat yukarıda.
Kütüphane: Akademik İsimler,B1 Temel Akademik İsimler,flow,"akmak, debi, akım",isim,B1,,We have a cash flow problem.,Nakit akışı sorunumuz var.
Kütüphane: Akademik İsimler,B2 İleri Akademik İsimler,flowers,çiçekler,isim,B2,,Did you get my flowers?,Çiçeklerimi aldın mı?
Kütüphane: Sıfatlar & Zarflar,B1-B2 Sık Çıkan Akademik Sıfatlar,flowing,"seyelan, akma, akış",sıfat,B2,,Tears were flowing down her cheeks.,Gözyaşları onun yanaklarından süzülüyordu.
Kütüphane: Akademik İsimler,B1 Temel Akademik İsimler,flu,"grip, enflüanza, influenza",isim,B1,,He's got the flu.,O grip oldu.
Kütüphane: Akademik Fiiller,B2 İleri Akademik Fiiller,focalize,"küçük bir alana sınırlamak, odaklamak, odaklanmak",fiil,B2,,The research committee agreed to focalize the proposed methodology.,Araştırma komitesi önerilen metodolojiyi küçük bir alana sınırlamak konusunda mutabık kaldı.
Kütüphane: Akademik İsimler,B1 Temel Akademik İsimler,focus,"odaklanmak, odaklamak, odak noktası",isim,B1,,I need you to focus.,Odaklanmanı istiyorum.
Kütüphane: Sıfatlar & Zarflar,B1-B2 Sık Çıkan Akademik Sıfatlar,focused,"üzerine odaklanılmış, odaklanmış",sıfat,B2,,I tried to stay focused.,Ben odaklı kalmaya çalıştım.
Kütüphane: Akademik Fiiller,B1 Temel Sınav Fiilleri,fog,"sis, donuklaşmak, sis kaplamak",fiil,B1,,The fog's very dense.,Sis çok yoğun.
Kütüphane: Sıfatlar & Zarflar,B1-B2 Sık Çıkan Akademik Sıfatlar,foggy,"sisli, sersem, bulanık",sıfat,B1,,It's really foggy here.,Burası gerçekten sisli.
Kütüphane: Sıfatlar & Zarflar,B1-B2 Sık Çıkan Akademik Sıfatlar,following,"taraftarlar, takip etme, izleyen",sıfat,B2,,A dog is following us.,Bir köpek bizi takip ediyor.
Kütüphane: Temel Kelimeler (A1-A2),Günlük İsimler ve Mekanlar,food,"besin, yiyecek, gıda",isim,A1,,I ran out of food.,Yiyeceğim bitti.
Kütüphane: Temel Kelimeler (A1-A2),Günlük İsimler ve Mekanlar,foot,"ayak, gitmek, hesaplamak",isim,A1,,I will go on foot.,Ben yaya gideceğim.
Kütüphane: Bağlaçlar & Edatlar,Koşul ve Eklemeler,for,"için, yönünden, zarfında",edat,A1,,I'm OK for now.,Şimdilik iyiyim.
Kütüphane: Akademik İsimler,B1 Temel Akademik İsimler,force,"zorlamak, baskı yapmak, mecbur etmek",isim,B1,,I'm in the air force.,Hava kuvvetlerindeyim.
Kütüphane: Sıfatlar & Zarflar,B1-B2 Sık Çıkan Akademik Sıfatlar,forced,"zoraki, mecbur, mecburi",sıfat,B1,,He forced me to go.,Ben gitmek zorundaydım.
Kütüphane: Akademik İsimler,B1 Temel Akademik İsimler,forces,"el ele vermek, kuvvetini toplamak, güç birliği yapmak",isim,B1,,Our forces occupied the city.,Birliklerimiz şehri ele geçirdi.
Kütüphane: Akademik İsimler,B2 İleri Akademik İsimler,forecast,"tahmin etmek, tahmin, forecast - forecast",isim,B2,,The weather forecast was right.,Hava durumu tahmini doğruydu.
Kütüphane: Akademik İsimler,B1 Temel Akademik İsimler,forel,rf -sismik siddet skalası,isim,B1,,The investigation highlighted the critical role of forel.,Soruşturma rf -sismik siddet skalası kavramının kritik rolünü vurguladı.
Kütüphane: Akademik Fiiller,B2 İleri Akademik Fiiller,foresee,"öngörmek, ileriyi görmek, foresaw - foreseen",fiil,B2,,Nobody can foresee what'll happen.,Kimse ne olacağını öngöremez.
Kütüphane: Akademik İsimler,"Alan Odaklı İsimler (Sağlık, Fen & Sosyal)",forest,"orman, ağaçlandırmak, ormanlaştırmak",isim,B1,,We're in the forest.,Biz ormandayız.
Kütüphane: Akademik İsimler,"Alan Odaklı İsimler (Sağlık, Fen & Sosyal)",forestation,"ağaçlandırma, ormancılık",isim,C1,,The investigation highlighted the critical role of forestation.,Soruşturma ağaçlandırma kavramının kritik rolünü vurguladı.
Kütüphane: Akademik İsimler,"Alan Odaklı İsimler (Sağlık, Fen & Sosyal)",form,"biçimlendirmek, şekillendirmek, oluşturmak",isim,B1,,Heat is a form of energy.,Isı bir enerji şeklidir.
Kütüphane: Akademik İsimler,B2 İleri Akademik İsimler,formation,"oluşum, biçimlendirme, yapım",isim,B2,,The investigation highlighted the critical role of formation.,Soruşturma oluşum kavramının kritik rolünü vurguladı.
Kütüphane: Akademik İsimler,B1 Temel Akademik İsimler,former,"önceki, evvelki, biçimlendirici",isim,B1,retired,She was a former first lady.,"O, eski bir başkan karısıydı."
Kütüphane: Sıfatlar & Zarflar,Akademik Zarflar (-ly / Derece),formerly,"vaktiyle, evvel zaman, eskiden",zarf,B2,,She was formerly a bank clerk.,O eskiden bir banka memuruydu.
Kütüphane: Akademik İsimler,B1 Temel Akademik İsimler,forms,formlar,isim,B1,,Please fill out these forms.,Lütfen bu formları doldurun.
Kütüphane: Sıfatlar & Zarflar,Akademik Zarflar (-ly / Derece),fortunately,"şükür ki, neyse ki, bereket versin",zarf,C1,,"Fortunately, I was on time.",Neyse ki zamanında oradaydım.
Kütüphane: Akademik Fiiller,B2 İleri Akademik Fiiller,forward,"ileri, ileriye doğru, yollamak",fiil,B2,,I look forward to it.,Onu dört gözle bekliyorum.
Kütüphane: Akademik İsimler,"Alan Odaklı İsimler (Sağlık, Fen & Sosyal)",fossil,"taşlaşmak, köhneleşmek, fosilleşmek",isim,B1,,He is a living fossil!,O yaşayan bir fosil!
Kütüphane: Akademik İsimler,B1 Temel Akademik İsimler,foster,"teşvik etmek, geliştirmek, büyütmek",isim,B1,"stimulate, encourage, promote, nurture",This song was written by Foster.,Bu şarkı Foster tarafından yazıldı.
Kütüphane: Akademik İsimler,B2 İleri Akademik İsimler,fostering,"besleme, gelişmesine yardım etme, teşvik etme",isim,B2,,The investigation highlighted the critical role of fostering.,Soruşturma besleme kavramının kritik rolünü vurguladı.
Kütüphane: Akademik Fiiller,B1 Temel Sınav Fiilleri,found,"kurmak, tesis etmek, kalıba dökmek",fiil,B1,,I've found a job.,Ben bir iş buldum.
Kütüphane: Akademik İsimler,C1 Üst Düzey Akademik İsimler,foundation,"dayanak, vakıf, kuruluş",isim,C1,,The rumor was without foundation.,Söylenti temelsizdi.
Kütüphane: Akademik İsimler,B2 İleri Akademik İsimler,founding,"kuruluş, döküm, kurucu",isim,B2,,The investigation highlighted the critical role of founding.,Soruşturma kuruluş kavramının kritik rolünü vurguladı.
Kütüphane: Sıfatlar & Zarflar,B1-B2 Sık Çıkan Akademik Sıfatlar,fragrant,"kokulu, hoş, rayihalı",sıfat,B2,,These flowers are not only beautiful but also fragrant.,Bu çiçekler sadece güzel değil fakat aynı zamanda güzel kokulu da.
Kütüphane: Sıfatlar & Zarflar,Akademik Zarflar (-ly / Derece),frankly,"açıkça, açık söylemek gerekirse, açıkçası",zarf,B2,"openly, clearly, honestly","Frankly, I don't care.","Açıkça, umurumda değil."
Kütüphane: Sıfatlar & Zarflar,B1-B2 Sık Çıkan Akademik Sıfatlar,free,"bağımsız, beleş, muaf",sıfat,B1,,I'm a free man.,Ben özgür bir insanım.
Kütüphane: Akademik İsimler,B2 İleri Akademik İsimler,freezing,"donma, dondurma, çok soğuk",isim,B2,,It's freezing in here.,Burada hava çok soğuk.
Kütüphane: Sıfatlar & Zarflar,B1-B2 Sık Çıkan Akademik Sıfatlar,fresh,"taze, serinlik, dirilik",sıfat,B1,,I need a fresh start.,Yeni bir başlangıca ihtiyacım var.
Kütüphane: Temel Kelimeler (A1-A2),Günlük İsimler ve Mekanlar,friend,"ahbap, arkadaş, dost",isim,A1,,I'm an old friend.,Ben eski bir dostum.
Kütüphane: Sıfatlar & Zarflar,C1 İleri Niteleme Sıfatları,frightened,"ürkmüş, korkan, korkmuş",sıfat,C1,,Now don't be frightened.,Artık korkma.
Kütüphane: Sıfatlar & Zarflar,C1 İleri Niteleme Sıfatları,frightening,"korkutucu, korkulu, muhatara",sıfat,C1,,This is a frightening place.,Burası korkutucu bir mekan.
Kütüphane: Bağlaçlar & Edatlar,Koşul ve Eklemeler,from,"itibaren, -den beri, -den",edat,A1,,I'm from the FBI.,Ben FBI'danım.
Kütüphane: Akademik İsimler,B1 Temel Akademik İsimler,front,"yönelmek, ön, cephe",isim,B1,,I sat in the front.,Ben önde oturdum.
Kütüphane: Sıfatlar & Zarflar,B1-B2 Sık Çıkan Akademik Sıfatlar,fruitful,"bereketli, verimli, artağan",sıfat,B2,,We've had very fruitful discussions.,Çok verimli görüşmeler yaptık.
Kütüphane: Akademik İsimler,B1 Temel Akademik İsimler,fruits,"meyveler, ürünler",isim,B1,,Fruits have seeds in them.,Meyvelerin içinde tohumları vardır.
Kütüphane: Akademik Fiiller,B2 İleri Akademik Fiiller,frustrate,"engellemek, yıldırmak, set çekmek",fiil,B2,,I know you're frustrated.,Sinirli olduğunu biliyorum.
Kütüphane: Sıfatlar & Zarflar,C1 İleri Niteleme Sıfatları,frustrated,"hakkı yenmiş, boşa çıkmış, boşuna didinmiş",sıfat,C1,,I know you're frustrated.,Sinirli olduğunu biliyorum.
Kütüphane: Akademik İsimler,C1 Üst Düzey Akademik İsimler,frustration,"hüsran, eziklik, hayal inkisarı",isim,C1,,I understand Tom's frustration.,Tom'un hayal kırıklığını anlıyorum.
Kütüphane: Akademik Fiiller,B1 Temel Sınav Fiilleri,fuel,"yakıt, yakıt sağlamak, yakmak",fiil,B1,,I ran out of fuel.,Yakıtım bitti.
Kütüphane: Sıfatlar & Zarflar,B1-B2 Sık Çıkan Akademik Sıfatlar,full,"tok, tam, dolu",sıfat,B1,,I'm full of hope.,Ben umut doluyum.
Kütüphane: Sıfatlar & Zarflar,Akademik Zarflar (-ly / Derece),fully,"tamamıyla, iyice, iyiden iyiye",zarf,B1,,I fully agree with you.,Tamamen seninle aynı fikirdeyim.
Kütüphane: Akademik İsimler,B2 İleri Akademik İsimler,function,"işlev, fonksiyon, fonksiyonunu yerine getirmek",isim,B2,,We can't function like this.,Böyle görev yapamayız.
Kütüphane: Sıfatlar & Zarflar,C1 İleri Niteleme Sıfatları,functional,"pratik, görevci, fonksiyonel",sıfat,C1,,I think everything is functional.,Sanırım her şey işlevsel.
Kütüphane: Sıfatlar & Zarflar,C1 İleri Niteleme Sıfatları,functioning,"çalıştırma, işleyiş, faal",sıfat,C1,,The machine has stopped functioning.,Makine çalışmayı durdurdu.
Kütüphane: Akademik İsimler,B2 İleri Akademik İsimler,functions,"fonksiyonlar, işlevler, fonksyionlar",isim,B2,,"When we are asleep, bodily functions slow down and body temperature falls.",Uyuduğumuzda vücut fonksiyonları yavaşlar ve vücut sıcaklığı düşer.
Kütüphane: Akademik İsimler,"Alan Odaklı İsimler (Sağlık, Fen & Sosyal)",fund,"kaynak, sermaye, fon",isim,B1,,He's good at fund raising.,"O, fon sağlamada iyidir."
Kütüphane: Sıfatlar & Zarflar,C1 İleri Niteleme Sıfatları,fundamental,"esas, asli, temel ilke",sıfat,C1,,That was a fundamental error.,O temel bir hataydı.
Kütüphane: Akademik İsimler,B1 Temel Akademik İsimler,fur,"kürk, kürk ile süslemek, kürk ile kaplamak",isim,B1,,Fur coats are on sale.,Kürk mantolar satışa sunulmuştur.
Kütüphane: Akademik Fiiller,B1 Temel Sınav Fiilleri,fuse,"eritmek, fünye, sigorta",fiil,B1,,We've blown a fuse.,Bir sigortayı patlattık.
Kütüphane: Akademik İsimler,B1 Temel Akademik İsimler,future,"istikbal, gelecek, gelecek zaman",isim,B1,,I'm from the future.,Ben gelecekten geliyorum.
Kütüphane: Akademik İsimler,B2 İleri Akademik İsimler,galaxies,gökadalar,isim,B2,,There are many galaxies in the universe.,Evrende bir sürü galaksi vardır.
Kütüphane: Akademik İsimler,B1 Temel Akademik İsimler,galaxy,"galaksi, gökada, yıldızlar geçidi",isim,B1,,I wonder how many planets in our galaxy have life.,Galaksimizdeki kaç gezegende yaşam olduğunu merak ediyorum.
Kütüphane: Akademik İsimler,B2 İleri Akademik İsimler,gallery,"galeri, kemeraltı, lağım",isim,B2,,May I visit an art gallery?,Ben bir sanat galerisini ziyaret edebilir miyim?
Kütüphane: Akademik İsimler,B1 Temel Akademik İsimler,games,"spor, oyunlar",isim,B1,,I'm good at games.,Ben oyunlarda iyiyim.
Kütüphane: Temel Kelimeler (A1-A2),Günlük İsimler ve Mekanlar,garden,"bahçe, çiçeklerle uğraşmak, bahçede çalışmak",isim,A1,,I am in the garden.,Bahçedeyim.
Kütüphane: Temel Kelimeler (A1-A2),Günlük İsimler ve Mekanlar,gardener,"bahçıvan, bahçeci, bağban",isim,A1,,I used to be a gardener.,Ben eskiden bir bahçıvandım.
Kütüphane: Akademik İsimler,B2 İleri Akademik İsimler,gardeners,bahçıvanlar,isim,B2,,Several gardeners look after the azaleas in the park.,Bazı bahçıvanlar parkta açelyalara bakarlar.
Kütüphane: Akademik İsimler,B2 İleri Akademik İsimler,gardens,bahçeler,isim,B2,,My father gardens on Sundays.,Babam Pazar günleri bahçe işleri yapar.
Kütüphane: Akademik İsimler,B1 Temel Akademik İsimler,gas,"benzin, gaz, övünmek",isim,B1,,I'm out of gas.,Benzinim bitti.
Kütüphane: Akademik İsimler,B2 İleri Akademik İsimler,gasoline,"benzin, gazolin, yakıt",isim,B2,,Gasoline is used for fuel.,Benzin yakıt için kullanılır.
Kütüphane: Akademik İsimler,B1 Temel Akademik İsimler,gate,"kapı, geçit, vana",isim,B1,,That's the main gate.,"O, ana kapıdır."
Kütüphane: Akademik İsimler,B1 Temel Akademik İsimler,gather,"toplanmak, devşirmek, bir araya getirmek",isim,B1,,We gather here once a week.,Haftada bir kez burada toplanırız.
Kütüphane: Akademik İsimler,B2 İleri Akademik İsimler,gathering,"toplanma, meclis, büzgü",isim,B2,,A crowd was gathering around him.,Onun etrafında bir kalabalık toplanıyordu.
Kütüphane: Akademik İsimler,B1 Temel Akademik İsimler,gen,"bilgi vermek, bilgi, tam bilgi",isim,B1,,Genes consist of a specific sequence of DNA.,Genler DNA'nın belirli bir sıralanmasından oluşur.
Kütüphane: Sıfatlar & Zarflar,B1-B2 Sık Çıkan Akademik Sıfatlar,general,"genel, avam, komutan",sıfat,B2,,That's the general idea.,Bu genel bir fikir.
Kütüphane: Sıfatlar & Zarflar,Akademik Zarflar (-ly / Derece),generally,"genelde, genel olarak, genellikle",zarf,B2,,I generally agree with Tom.,Genel olarak Tom'a katılıyorum.
Kütüphane: Akademik Fiiller,B2 İleri Akademik Fiiller,generate,"meydana getirmek, oluşturmak, üretmek",fiil,B2,,We have to generate new revenue.,Yeni gelir üretmek zorundayız.
Kütüphane: Akademik İsimler,B2 İleri Akademik İsimler,genesis,"doğuş, oluş, başlangıç",isim,B2,,The investigation highlighted the critical role of genesis.,Soruşturma doğuş kavramının kritik rolünü vurguladı.
Kütüphane: Sıfatlar & Zarflar,B1-B2 Sık Çıkan Akademik Sıfatlar,genetic,"genetik yapı, soyaçekim, kalıtsal",sıfat,B2,,Genetic diversity is a good thing.,Genetik çeşitlilik güzel bir şey.
Kütüphane: Akademik İsimler,B1 Temel Akademik İsimler,genius,"dahi, koruyucu melek, öke",isim,B1,,I'm not a genius.,Ben deha değilim.
Kütüphane: Akademik İsimler,B1 Temel Akademik İsimler,genre,"tür, üslup, çeşit",isim,B1,,The investigation highlighted the critical role of genre.,Soruşturma tür kavramının kritik rolünü vurguladı.
Kütüphane: Sıfatlar & Zarflar,Akademik Zarflar (-ly / Derece),gently,"nazikçe, kibarca, nazik bir şekilde",zarf,B1,,She laid the child down gently.,"O, çocuğu yumuşak bir biçimde yere yatırdı."
Kütüphane: Sıfatlar & Zarflar,C1 İleri Niteleme Sıfatları,geological,"yerbilimsel, jeolojik, yerbilimine değin",sıfat,C1,,The empirical results of the study were remarkably geological.,Çalışmanın ampirik sonuçlarının son derece yerbilimsel olduğu görüldü.
Kütüphane: Sıfatlar & Zarflar,C1 İleri Niteleme Sıfatları,geopolitical,jeopolitik,sıfat,C1,,The empirical results of the study were remarkably geopolitical.,Çalışmanın ampirik sonuçlarının son derece jeopolitik olduğu görüldü.
Kütüphane: Akademik Fiiller,B1 Temel Sınav Fiilleri,get,"elde etmek, almak, kazanmak",fiil,B1,,I can't get in.,İçeri giremiyorum.
Kütüphane: Akademik İsimler,B2 İleri Akademik İsimler,getting,"temin, edinme",isim,B2,,I'm getting a cat.,Bir kedi alıyorum.
Kütüphane: Sıfatlar & Zarflar,B1-B2 Sık Çıkan Akademik Sıfatlar,gigantic,"devasa, cüsseli, çam yarması gibi",sıfat,B2,,She owns a gigantic house.,"O, kocaman bir eve sahip."
Kütüphane: Akademik Fiiller,B1 Temel Sınav Fiilleri,give,"vermek, gave - given, bahşetmek",fiil,B1,,I can't give up.,Vazgeçemem.
Kütüphane: Akademik İsimler,B1 Temel Akademik İsimler,giving,"verme, bağışlama, hibe",isim,B1,,I'm not giving up.,Ben vazgeçmiyorum.
Kütüphane: Akademik İsimler,B2 İleri Akademik İsimler,glassies,bardakları ve kül tablalarını temizleyen kiş,isim,B2,,The investigation highlighted the critical role of glassies.,Soruşturma bardakları ve kül tablalarını temizleyen kiş kavramının kritik rolünü vurguladı.
Kütüphane: Sıfatlar & Zarflar,B1-B2 Sık Çıkan Akademik Sıfatlar,global,"küresel, dünya çapında, bütün dünyayı kapsayan",sıfat,B1,,A global crisis is at hand.,Küresel bir kriz yakındır.
Kütüphane: Akademik İsimler,B1 Temel Akademik İsimler,globe,"küre, küre biçimine getirmek, yeryuvarlağı",isim,B1,,She has traveled all over the globe.,"O, dünyanın her yerinde seyahat etti."
Kütüphane: Sıfatlar & Zarflar,B1-B2 Sık Çıkan Akademik Sıfatlar,gloomy,"kasvetli, hüzün verici, sıkıntılı",sıfat,B1,,Why are you so gloomy?,Neden bu kadar sıkıntılısın?
Kütüphane: Akademik Fiiller,B1 Temel Sınav Fiilleri,glow,"korlaşmak, parıltı, coşmak",fiil,B1,,You could see the glow of the fire for miles.,Ateşin parıltısını millerce görebildiniz.
Kütüphane: Akademik Fiiller,B1 Temel Sınav Fiilleri,go,"hareket etmek, gitmek, went - gone",fiil,B1,,I can't go on.,Ben devam edemem.
Kütüphane: Akademik İsimler,B1 Temel Akademik İsimler,goal,"gaye, erek, gol",isim,B1,,That isn't our goal.,Bizim amacımız o değil.
Kütüphane: Akademik İsimler,B1 Temel Akademik İsimler,goat,"teke, keçi, pis",isim,B1,,I want to be a goat.,Ben bir oğlak olmak istiyorum.
Kütüphane: Akademik Fiiller,B1 Temel Sınav Fiilleri,goats,"davar, küçükbaş, iyiyi ve kötüyü birbirinden ayırmak",fiil,B1,,We're selling our goats.,Keçilerimizi satıyoruz.
Kütüphane: Akademik Fiiller,B1 Temel Sınav Fiilleri,goes,"sözü vermek, peşin parayla alışveriş etmek, geniş bir alanı kapsamak",fiil,B1,,I hope it goes OK.,Onun iyi gittiğini umuyorum.
Kütüphane: Akademik İsimler,B1 Temel Akademik İsimler,going,"gidiş, ayrılış, tempo",isim,B1,,I'm going to go.,Gideceğim.
Kütüphane: Akademik İsimler,B1 Temel Akademik İsimler,gold,"altın, servet, altın para",isim,B1,,Here's a gold coin.,İşte altın bir sikke.
Kütüphane: Sıfatlar & Zarflar,B1-B2 Sık Çıkan Akademik Sıfatlar,golden,"altın, altından, itidal",sıfat,B1,,What's the golden rule?,Altın kural nedir?
Kütüphane: Sıfatlar & Zarflar,B1-B2 Sık Çıkan Akademik Sıfatlar,good,"güzel, hayırlı, iyi",sıfat,B1,,I'm a good boy.,Ben iyi bir çocuğum.
Kütüphane: Akademik İsimler,B2 İleri Akademik İsimler,goodness,"iyilik, ihsan, bir şeyin yararlı olan kısmı",isim,B2,,Thank goodness that's over.,Tanrıya şükür bitti.
Kütüphane: Akademik İsimler,B1 Temel Akademik İsimler,goods,"mal, yük, ayniyat",isim,B1,,The goods arrive by sea.,Mallar deniz yoluyla gelir.
Kütüphane: Akademik Fiiller,B1 Temel Sınav Fiilleri,govern,"kontrol etmek, kullanmak, frenlemek",fiil,B1,,They wanted the right to govern themselves.,Kendilerini yönetme hakkı istediler.
Kütüphane: Akademik İsimler,"Alan Odaklı İsimler (Sağlık, Fen & Sosyal)",government,"hükümet, devlet yönetimi, siyasal bilgiler",isim,C1,,I'm a government worker.,Ben bir devlet işçisiyim.
Kütüphane: Akademik İsimler,"Alan Odaklı İsimler (Sağlık, Fen & Sosyal)",governments,"hükümetlerin meşruluğu, adlarına bu sözleşmenin imzalandığı hükümetler bundan sonra ""katılımcı devletler"" olarak anılacaktır, devletin kolu uzundur",isim,C1,,They were members of the local governments.,Onlar yerel yönetimin üyeleriydi.
Kütüphane: Akademik İsimler,"Alan Odaklı İsimler (Sağlık, Fen & Sosyal)",governor,"vali, banka müdürü, amir",isim,B2,,Will you run for governor?,Valilik için yarışacak mısın?
Kütüphane: Akademik İsimler,B1 Temel Akademik İsimler,grade,"puanlamak, sınıf, rütbe",isim,B1,,I got a bad grade.,Kötü bir not aldım.
Kütüphane: Sıfatlar & Zarflar,B1-B2 Sık Çıkan Akademik Sıfatlar,gradual,"kademeli, yavaş, yavaş yavaş olan",sıfat,B2,,The changes have been gradual.,Değişiklikler kademeliydi.
Kütüphane: Sıfatlar & Zarflar,Akademik Zarflar (-ly / Derece),gradually,"yavaş yavaş, gitgide, derece derece",zarf,B2,,The wind gradually died down.,Rüzgar yavaş yavaş kesildi.
Kütüphane: Sıfatlar & Zarflar,B1-B2 Sık Çıkan Akademik Sıfatlar,grave,"kabir, mezar, kazımak",sıfat,B1,,This is Tom's grave.,"Bu, Tom'un mezarı."
Kütüphane: Akademik İsimler,B2 İleri Akademik İsimler,gravity,"yer çekimi, ciddilik, ağırbaşlılık",isim,B2,,Gravity stresses the human body.,Yerçekimi insan vücuduna baskı yapıyor.
Kütüphane: Sıfatlar & Zarflar,B1-B2 Sık Çıkan Akademik Sıfatlar,gray,"ağarmak, ağartmak, gri",sıfat,B1,,My hair's turned gray.,Saçım ağardı.
Kütüphane: Sıfatlar & Zarflar,B1-B2 Sık Çıkan Akademik Sıfatlar,great,"mükemmel, müthiş, harika",sıfat,B1,,It's a great deal.,Bu harika bir anlaşma.
Kütüphane: Akademik İsimler,B2 İleri Akademik İsimler,greater,"daha büyük, büyük",isim,B2,,Nothing would give me greater pleasure.,Hiçbir şey bana daha büyük bir zevk vermezdi.
Kütüphane: Temel Kelimeler (A1-A2),Günlük Eylemler ve Sıfatlar,green,"yeşil, yeşermek, yeşile boyamak",sıfat,A1,,I have a green car.,Yeşil bir arabam var.
Kütüphane: Akademik İsimler,C1 Üst Düzey Akademik İsimler,greenhouse,"sera, kış bahçesi, camekan",isim,C1,,I grow orchids in my greenhouse.,Seramda orkide yetiştiririm.
Kütüphane: Akademik Fiiller,B1 Temel Sınav Fiilleri,grew,"olmak, yaşlandıkça, bu civarda büyüdüm",fiil,B1,,I grew up with Tom.,Tom'la birlikte büyüdüm.
Kütüphane: Akademik İsimler,B1 Temel Akademik İsimler,ground,"yer, zemin, toprak",isim,B1,,I sat on the ground.,Yere oturdum.
Kütüphane: Akademik İsimler,B1 Temel Akademik İsimler,group,"grup, gruplandırmak, toplanmak",isim,B1,,It's Tom's group.,"O, Tom'un grubu."
Kütüphane: Akademik Fiiller,B1 Temel Sınav Fiilleri,grow,"yetişmek, büyümek, grew - grown",fiil,B1,,You need to grow up.,Büyümelisin.
Kütüphane: Sıfatlar & Zarflar,B1-B2 Sık Çıkan Akademik Sıfatlar,growing,"gelişen, büyüyen, büyüme",sıfat,B2,,I'm growing a beard.,Sakal bırakıyorum.
Kütüphane: Sıfatlar & Zarflar,B1-B2 Sık Çıkan Akademik Sıfatlar,grown,"büyümüş, yetişmiş, olmuş",sıfat,B1,,I'm a grown-up.,Ben olgunum.
Kütüphane: Sıfatlar & Zarflar,B1-B2 Sık Çıkan Akademik Sıfatlar,grownup,yetişkin,sıfat,B2,,The grownups were talking among themselves.,Yetişkinler kendi aralarında konuşuyordu.
Kütüphane: Akademik İsimler,B1 Temel Akademik İsimler,growth,"büyüme, nema, geliştirme",isim,B1,,High taxes stifle economic growth.,Yüksek vergiler ekonomik büyümeyi engelliyor.
Kütüphane: Akademik İsimler,B1 Temel Akademik İsimler,guard,"korumak, nöbetçi, muhafız",isim,B1,,I'm on guard here.,Burada nöbet tutuyorum.
Kütüphane: Akademik Fiiller,B1 Temel Sınav Fiilleri,guess,"tahmin etmek, tahmin, sanmak",fiil,B1,,I guess it's OK.,Sanırım bu tamam.
Kütüphane: Akademik İsimler,B1 Temel Akademik İsimler,guest,"davetli, konuk, misafir",isim,B1,,I'm Tom's guest.,Ben Tom'un misafiriyim.
Kütüphane: Akademik İsimler,B1 Temel Akademik İsimler,guests,"konuklar, misafirler, davetliler",isim,B1,,You'll be my guests.,Benim misafirlerim olacaksınız.
Kütüphane: Akademik İsimler,C1 Üst Düzey Akademik İsimler,guidelines,"öneriler, ana esaslar, yönlendirici ilkeler",isim,C1,,I'm following the guidelines.,Ben yönergeleri izliyorum.
Kütüphane: Akademik İsimler,B1 Temel Akademik İsimler,habit,"alışkanlık, huy, yaradılış",isim,B1,,It's a bad habit.,Kötü bir alışkanlık.
Kütüphane: Akademik İsimler,B1 Temel Akademik İsimler,habits,"adetler, alışkanlıklar",isim,B1,,Man is a slave to habits.,"İnsan, alışkanlıklarının kölesidir."
Kütüphane: Akademik Fiiller,B1 Temel Sınav Fiilleri,had,"have fiilinin ikinci hali, kandırılmış",fiil,B1,,I had to do it.,Onu yapmak zorunda kaldım.
Kütüphane: Sıfatlar & Zarflar,B1-B2 Sık Çıkan Akademik Sıfatlar,half,"yarım, yarı, devre",sıfat,B1,,I'm half your age.,Ben senin yarı yaşındayım.
Kütüphane: Temel Kelimeler (A1-A2),Günlük İsimler ve Mekanlar,hand,"el, yakalamak, uzatmak",isim,A1,,I held Tom's hand.,Ben Tom'un elini tuttum.
Kütüphane: Akademik İsimler,B1 Temel Akademik İsimler,handle,"idare etmek, işlemek, ele almak",isim,B1,,I can't handle it.,Ben bunun üstesinden gelemem.
Kütüphane: Sıfatlar & Zarflar,B1-B2 Sık Çıkan Akademik Sıfatlar,handled,"yürütülen, kulplu, işlendi",sıfat,B2,,That job was handled by Tom.,O iş Tom tarafından halledildi.
Kütüphane: Sıfatlar & Zarflar,B1-B2 Sık Çıkan Akademik Sıfatlar,happy,"sevinçli, mutlu, çakırkeyif",sıfat,B1,,I'm a happy man.,Ben mutlu bir adamım.
Kütüphane: Akademik İsimler,B1 Temel Akademik İsimler,harbor,"barındırmak, liman, beslemek",isim,B1,,The island has a fine harbor.,Adanın güzel bir limanı var.
Kütüphane: Sıfatlar & Zarflar,B1-B2 Sık Çıkan Akademik Sıfatlar,hard,"çetin, sert, zahmetli",sıfat,B1,,It's hard to do.,Bunu yapmak zor.
Kütüphane: Akademik İsimler,B2 İleri Akademik İsimler,hardship,"zorluk, güçlük, yokluk",isim,B2,,He had to go through a lot of hardships.,Bir sürü zorluklardan geçmesi gerekiyordu.
Kütüphane: Akademik İsimler,B2 İleri Akademik İsimler,hardships,"hayatın zorlukları, şehir hayatının zorlukları, karşılaşılan zorluk",isim,B2,,He had to go through a lot of hardships.,Bir sürü zorluklardan geçmesi gerekiyordu.
Kütüphane: Akademik Fiiller,B1 Temel Sınav Fiilleri,harm,"zarar, zeval vermek, kötülük yapmak",fiil,B1,,I won't harm you.,Sana zarar vermeyeceğim.
Kütüphane: Akademik İsimler,B1 Temel Akademik İsimler,harms,"sigara içmenin zararları, sigaranın zararları, sigara sağlığa zararlıdır",isim,B1,,Carbon dioxide sometimes harms people.,Karbon dioksit bazen insanlara zarar verir.
Kütüphane: Akademik İsimler,B2 İleri Akademik İsimler,harvest,"hasat, hasat zamanı, biçmek",isim,B2,,The rains ruined the harvest.,Yağmurlar ürünü harap etti.
Kütüphane: Akademik Fiiller,B1 Temel Sınav Fiilleri,has,sahip olmak,fiil,B1,,He has a hat on.,Kafasında bir şapkası vardı.
Kütüphane: Akademik Fiiller,B1 Temel Sınav Fiilleri,have,"sahip olmak, had - had, elinde tutmak",fiil,B1,,I have a Ph.D.,Doktora derecem var.
Kütüphane: Sıfatlar & Zarflar,B1-B2 Sık Çıkan Akademik Sıfatlar,having,"sahip olma, sahip olan, -li",sıfat,B1,,I'm having a baby.,Bir çocuk sahibi olacağım.
Kütüphane: Akademik İsimler,B1 Temel Akademik İsimler,hazard,"risk, tehlike, tehlikeye atmak",isim,B1,,That's a safety hazard.,Bu bir güvenlik tehlikesi.
Kütüphane: Sıfatlar & Zarflar,B1-B2 Sık Çıkan Akademik Sıfatlar,hazardous,"tehlikeli, riskli, şüpheli",sıfat,B2,,Gusty winds are making travel hazardous for high profile vehicles.,Şiddetli rüzgarlar yüksek profilli araçlar için seyahati tehlikeli yapıyorlar.
Kütüphane: Temel Kelimeler (A1-A2),Günlük İsimler ve Mekanlar,he,"eril o, o, kendileri",zamir,B1,,He can't do it.,"O, onu yapamaz."
Kütüphane: Akademik İsimler,B2 İleri Akademik İsimler,headlamp,"far, ön far, pupa feneri",isim,B2,,The investigation highlighted the critical role of headlamp.,Soruşturma far kavramının kritik rolünü vurguladı.
Kütüphane: Akademik İsimler,B2 İleri Akademik İsimler,headlight,"far, sonuçlanmak, pupa feneri",isim,B2,,The headlight doesn't work.,Far çalışmıyor.
Kütüphane: Akademik İsimler,C1 Üst Düzey Akademik İsimler,headlights,farlar,isim,C1,,The headlights don't work.,Farlar çalışmıyor.
Kütüphane: Akademik Fiiller,B1 Temel Sınav Fiilleri,heal,"şifa bulmak, iyileştirmek, defetmek",fiil,B1,"cure, treat, recover",It's going to heal.,Bu iyileşecek.
Kütüphane: Akademik İsimler,"Alan Odaklı İsimler (Sağlık, Fen & Sosyal)",healing,"şifa, şifalı, sağlığına kavuşma",isim,B2,,Tom's leg is healing.,Tom'un bacağı iyileşiyor.
Kütüphane: Akademik İsimler,"Alan Odaklı İsimler (Sağlık, Fen & Sosyal)",health,"sıhhat, sağlık, afiyet",isim,B1,,How's Tom's health?,Tom'un sağlığı nasıl?
Kütüphane: Akademik İsimler,"Alan Odaklı İsimler (Sağlık, Fen & Sosyal)",healthcare,sağlık hizmeti,isim,C1,,Some healthcare workers spend more time doing paperwork than taking care of patients.,Bazı sağlık çalışanları hastalara bakmak yerine evrak işleri yaparak daha çok zaman geçirmektedirler.
Kütüphane: Sıfatlar & Zarflar,B1-B2 Sık Çıkan Akademik Sıfatlar,healthful,"sağlığa yararlı, yararlı, sıhhatli",sıfat,B2,,The empirical results of the study were remarkably healthful.,Çalışmanın ampirik sonuçlarının son derece sağlığa yararlı olduğu görüldü.
Kütüphane: Sıfatlar & Zarflar,B1-B2 Sık Çıkan Akademik Sıfatlar,healthy,"sıhhatli, sağlıklı, sağlığa yararlı",sıfat,B2,,I'm fit and healthy.,Ben formda ve sağlıklıyım.
Kütüphane: Akademik İsimler,B1 Temel Akademik İsimler,heat,"ısıtmak, sıcaklık, hararet",isim,B1,,I turned on the heat.,Isıyı açtım.
Kütüphane: Akademik İsimler,B2 İleri Akademik İsimler,heating,"ısınma, ısıtma, kızdırma",isim,B2,,I'm heating the room.,Odayı ısıtıyorum.
Kütüphane: Temel Kelimeler (A1-A2),Günlük Eylemler ve Sıfatlar,heavy,"ağır, ağır çekmek, fedai",sıfat,A1,,I know it's heavy.,Ağır olduğunu biliyorum.
Kütüphane: Akademik İsimler,B1 Temel Akademik İsimler,heel,"topuk, topuk pası vermek, topuğunu yere vurarak dansetmek",isim,B1,,She's wearing high heels.,O yüksek topuklu giyiyor.
Kütüphane: Akademik İsimler,B1 Temel Akademik İsimler,height,"yükseklik, boy, yükselti",isim,B1,,"Line up by height, please.",Boy sırasına geçin lütfen.
Kütüphane: Temel Kelimeler (A1-A2),Günlük İsimler ve Mekanlar,help,"yardım etmek, yardım, muavenet etmek",isim,A1,,I can't help it.,Elimde değil.
Kütüphane: Sıfatlar & Zarflar,B1-B2 Sık Çıkan Akademik Sıfatlar,helpful,"yardımsever, faydalı, yararlı",sıfat,B2,,How can I be helpful?,Nasıl yardımcı olabilirim?
Kütüphane: Sıfatlar & Zarflar,B1-B2 Sık Çıkan Akademik Sıfatlar,helpless,"aciz, çaresiz, miskin",sıfat,B2,,I feel helpless right now.,Şu anda çaresiz hissediyorum.
Kütüphane: Bağlaçlar & Edatlar,Sebep ve Sonuç,hence,"buradan, bunun sonucu olarak, bundan",bağlaç,B1,,"Hence rigorous clinical testing, some uncertainty remained.",Kapsamlı klinik testlere rağmen / esnasında (buradan) bazı belirsizlikler devam etti.
Kütüphane: Temel Kelimeler (A1-A2),Günlük İsimler ve Mekanlar,her,"ona, dişil onu, ondan",zamir,B1,,He ran up to her.,"O, ona erişti."
Kütüphane: Akademik Fiiller,B1 Temel Sınav Fiilleri,here,"burada, buraya, burda",fiil,B1,,I won't be here.,Burada olmayacağım.
Kütüphane: Akademik İsimler,B2 İleri Akademik İsimler,heritage,"miras, kalıtım, tereke",isim,B2,,You always tell me I should be proud of my heritage.,Bana her zaman mirasımla gurur duymam gerektiğini söylüyorsun.
Kütüphane: Sıfatlar & Zarflar,B1-B2 Sık Çıkan Akademik Sıfatlar,hidden,"gizli, saklı, kapalı",sıfat,B1,,What's hidden in there?,Orada ne saklı?
Kütüphane: Akademik Fiiller,B1 Temel Sınav Fiilleri,hide,"saklamak, gizlemek, saklanmak",fiil,B1,,I'll hide in here.,Burada saklanacağım
Kütüphane: Akademik İsimler,B1 Temel Akademik İsimler,hiding,"dayak, saklama, sopa",isim,B1,,I'm hiding from Tom.,Tom'dan saklanıyorum.
Kütüphane: Sıfatlar & Zarflar,B1-B2 Sık Çıkan Akademik Sıfatlar,high,"yüksek, direnmek, öfkelenmek",sıfat,B1,,He is a little high.,"O, biraz sarhoştur."
Kütüphane: Akademik İsimler,B1 Temel Akademik İsimler,higher,"ileri, daha yüksek, daha yukarı",isim,B1,,I wish I had a higher salary.,Keşke daha yüksek bir maaşım olsaydı.
Kütüphane: Sıfatlar & Zarflar,Akademik Zarflar (-ly / Derece),highly,"ziyadesiyle, yüksek derecede, pek çok",zarf,B1,,He spoke highly of you.,O senden övgüyle bahsetti.
Kütüphane: Akademik Fiiller,B1 Temel Sınav Fiilleri,hike,"yürüyüşe çıkmak, yükseltmek, kaldırmak",fiil,B1,,We're going on a hike.,Yürüyüşe çıkıyoruz.
Kütüphane: Akademik İsimler,B1 Temel Akademik İsimler,hiking,"doğa yürüyüşü, günübirlik doğa yürüyüşü, fiyatları yükseltme",isim,B1,,I don't like hiking.,Yürüyüş sevmiyorum.
Kütüphane: Akademik İsimler,"Alan Odaklı İsimler (Sağlık, Fen & Sosyal)",hill,"tepe, toprak yığmak, tepelemek",isim,B1,,I ran up the hill.,Tepeye koştum.
Kütüphane: Temel Kelimeler (A1-A2),Günlük İsimler ve Mekanlar,him,"ona, onu",zamir,B1,,I don't see him.,Onu görmüyorum.
Kütüphane: Akademik İsimler,B1 Temel Akademik İsimler,hinder,"engellemek, engel olmak, aksatmak",isim,B1,,He hindered me in my work.,"O, işimde beni engelledi."
Kütüphane: Akademik İsimler,B1 Temel Akademik İsimler,hint,"çıtlatmak, ima etmek, ima",isim,B1,,He gave me a hint.,O bana bir ipucu verdi.
Kütüphane: Akademik İsimler,B1 Temel Akademik İsimler,his,"eril onunki, onun, onunki",isim,B1,,He's on his way.,O yolda.
Kütüphane: Sıfatlar & Zarflar,B1-B2 Sık Çıkan Akademik Sıfatlar,historic,"tarihi, evrimsel, önemli",sıfat,B2,,Today is a historic day.,Bugün tarihi bir gün.
Kütüphane: Sıfatlar & Zarflar,C1 İleri Niteleme Sıfatları,historical,"tarihi, tarihle ilgili, tarihsel",sıfat,C1,,Do you like historical novels?,Tarihsel romanlardan hoşlanıyor musun?
Kütüphane: Akademik İsimler,"Alan Odaklı İsimler (Sağlık, Fen & Sosyal)",history,"geçmiş, tarih, kayıtlar",isim,B2,,I am good at history.,Ben tarihte iyiyim.
Kütüphane: Akademik İsimler,B1 Temel Akademik İsimler,hit,"çarpmak, vurmak, isabet etmek",isim,B1,,I won't hit you.,Sana vurmayacağım.
Kütüphane: Akademik Fiiller,B1 Temel Sınav Fiilleri,hold,"sahip olmak, zaptetmek, düzenlemek",fiil,B1,,I can't hold it.,Onu tutamam.
Kütüphane: Akademik İsimler,B1 Temel Akademik İsimler,hole,"çukur, delik, kapanmak",isim,B1,,I fell into a hole.,Bir çukura düştüm.
Kütüphane: Temel Kelimeler (A1-A2),Günlük İsimler ve Mekanlar,holiday,"bayram, tatil, tatil yapmak",isim,A1,,It's not a holiday.,Bu bir tatil değil.
Kütüphane: Sıfatlar & Zarflar,B1-B2 Sık Çıkan Akademik Sıfatlar,holy,"kutsal, kutsal yer, mukaddes",sıfat,B1,,The Holy Roman Empire came to an end in the year 1806.,Kutsal Roma İmparatorluğu 1806 yılında sona erdi.
Kütüphane: Temel Kelimeler (A1-A2),Günlük İsimler ve Mekanlar,home,"ev, yerleştirmek, yuvasına dönmek",isim,A1,,I can't go home.,Eve gidemem.
Kütüphane: Sıfatlar & Zarflar,B1-B2 Sık Çıkan Akademik Sıfatlar,homeless,"evsiz, evi barkı olmayan, yurtsuz",sıfat,B2,,I'm no longer homeless.,Ben artık evsiz değilim.
Kütüphane: Akademik İsimler,B1 Temel Akademik İsimler,homes,"moruk, ahbap, evler",isim,B1,,People are losing their homes.,İnsanlar evlerini kaybediyor.
Kütüphane: Sıfatlar & Zarflar,Akademik Zarflar (-ly / Derece),honestly,"dürüst olarak, gerçekten, dürüst olmak gerekirse",zarf,B2,frankly,I can honestly say no.,Dürüstçe hayır diyebilirim.
Kütüphane: Akademik Fiiller,B1 Temel Sınav Fiilleri,hop,"sekmek, dans etmek, şerbetçiotu yetiştirmek",fiil,B1,,Hop in. I'll give you a ride.,Atla. Seni arabayla götüreceğim.
Kütüphane: Akademik İsimler,B1 Temel Akademik İsimler,hope,"ummak, umut etmek, ümit etmek",isim,B1,,I hope it's OK.,Umarım tamamdır.
Kütüphane: Sıfatlar & Zarflar,B1-B2 Sık Çıkan Akademik Sıfatlar,hopeless,"umutsuz, ümitsiz, umarsız",sıfat,B2,,I know it's hopeless.,Bunun umutsuz olduğunu biliyorum.
Kütüphane: Sıfatlar & Zarflar,B1-B2 Sık Çıkan Akademik Sıfatlar,horrible,"berbat, müthiş, kötü",sıfat,B2,,I'm horrible at math.,Matematikte berbatım.
Kütüphane: Sıfatlar & Zarflar,B1-B2 Sık Çıkan Akademik Sıfatlar,horrified,"dehşete düşmüş, korkmuş, dehşete kapılmış",sıfat,B2,,The empirical results of the study were remarkably horrified.,Çalışmanın ampirik sonuçlarının son derece dehşete düşmüş olduğu görüldü.
Kütüphane: Sıfatlar & Zarflar,C1 İleri Niteleme Sıfatları,horrifying,"korkutma, korkunç, ürkünç",sıfat,C1,,That's a horrifying thought.,O korkunç bir düşünce.
Kütüphane: Akademik İsimler,B1 Temel Akademik İsimler,horror,"korku, istikrah, yılgı",isim,B1,,Do you like horror movies?,Korku filmlerini sever misin?
Kütüphane: Akademik İsimler,B1 Temel Akademik İsimler,host,"ağırlamak, ev sahibi, sunuculuk yapmak",isim,B1,,Who will host the party?,Partiye kim ev sahipliği yapacak?
Kütüphane: Sıfatlar & Zarflar,B1-B2 Sık Çıkan Akademik Sıfatlar,hot,"kızgın, ateşli, acı",sıfat,B1,,It's a hot day.,Sıcak bir gün.
Kütüphane: Akademik İsimler,B1 Temel Akademik İsimler,hour,"saat, vakit, zaman",isim,B1,,I'm an hour late.,Bir saat geciktim.
Kütüphane: Akademik İsimler,B1 Temel Akademik İsimler,hours,"saatler, saat, saatte bir doğrula",isim,B1,,Give me a few hours.,Bana birkaç saat ver.
Kütüphane: Temel Kelimeler (A1-A2),Günlük İsimler ve Mekanlar,house,"ev, konut, kendi evine almak",isim,A1,,I'm at the house.,Ben evdeyim.
Kütüphane: Bağlaçlar & Edatlar,Zıtlık ve Karşılaştırma,however,"bununla birlikte, yine de, her nasılsa",bağlaç,B2,,"However, that didn't happen.","Ancak, o olmadı."
Kütüphane: Sıfatlar & Zarflar,B1-B2 Sık Çıkan Akademik Sıfatlar,huge,"iri, kocaman, devasa",sıfat,B1,,I had a huge dog.,Büyük bir köpeğim var.
Kütüphane: Akademik İsimler,B1 Temel Akademik İsimler,human,"insan, insani, insanlık",isim,B1,,I'm a human being.,Ben bir insanım.
Kütüphane: Sıfatlar & Zarflar,B1-B2 Sık Çıkan Akademik Sıfatlar,humid,"rutubetli, nemli, yaş",sıfat,B1,,It's been hot and humid.,Hava sıcak ve nemli.
Kütüphane: Akademik İsimler,B1 Temel Akademik İsimler,humor,"mizah, ayak uydurmak, suyuna gitmek",isim,B1,,We'd better humor Tom.,Tom'u neşelendirsek iyi olur.
Kütüphane: Akademik Fiiller,B1 Temel Sınav Fiilleri,hurt,"acımak, incitmek, yaralamak",fiil,B1,,I can't hurt Tom.,Ben Tom'a zarar veremem.
Kütüphane: Akademik İsimler,B2 İleri Akademik İsimler,hydration,"hidratlama, hidrasyon, hidratasyon",isim,B2,,The investigation highlighted the critical role of hydration.,Soruşturma hidratlama kavramının kritik rolünü vurguladı.
Kütüphane: Akademik İsimler,C1 Üst Düzey Akademik İsimler,hypothesis,"hipotez, varsayım, kaziye",isim,C1,,It was only a hypothesis.,O sadece bir hipotezdi.
Kütüphane: Temel Kelimeler (A1-A2),Günlük İsimler ve Mekanlar,i,"ben, ingiliz alfabesinin dokuzuncu harfi, romen rakamları dizisinde 1 sayısı",zamir,B1,,I'm Tom's ex.,Ben Tom'un eski eşiyim.
Kütüphane: Sıfatlar & Zarflar,B1-B2 Sık Çıkan Akademik Sıfatlar,ideal,"ülkü, ideal, mefkure",sıfat,B1,,It's ideal for us.,Bizim için idealdir.
Kütüphane: Akademik İsimler,"Alan Odaklı İsimler (Sağlık, Fen & Sosyal)",identification,"kimlik saptama, aynileştirme, özdeşleştirme",isim,C1,,Can I see some identification?,Bir kimliğinizi görebilir miyim?
Kütüphane: Akademik Fiiller,B2 İleri Akademik Fiiller,identify,"tanımlamak, tanımak, kimliğini saptamak",fiil,B2,,I can't identify it.,Teşhis edemiyorum.
Kütüphane: Sıfatlar & Zarflar,B1-B2 Sık Çıkan Akademik Sıfatlar,ill,"hasta, fenalık, kötülük",sıfat,B1,,He can't be ill.,O hasta olamaz.
Kütüphane: Akademik İsimler,"Alan Odaklı İsimler (Sağlık, Fen & Sosyal)",illness,"hastalık, maraz, illet",isim,B2,,It's a serious illness.,Bu ciddi bir hastalık.
Kütüphane: Akademik Fiiller,B2 İleri Akademik Fiiller,immediate,"acil, hemen ardından gelen, hazır",fiil,B2,,Are you in immediate danger?,Sen yakın tehlike içinde misin?
Kütüphane: Sıfatlar & Zarflar,B1-B2 Sık Çıkan Akademik Sıfatlar,immune,"bağışık, bağışık kimse, ayrıcalıklı",sıfat,B1,,I'm immune to smallpox.,Çiçek hastalığına bağışıklığım var.
Kütüphane: Akademik İsimler,"Alan Odaklı İsimler (Sağlık, Fen & Sosyal)",immunity,"bağışıklık, ayrıcalık, masuniyet",isim,B2,,The investigation highlighted the critical role of immunity.,Soruşturma bağışıklık kavramının kritik rolünü vurguladı.
Kütüphane: Akademik İsimler,B1 Temel Akademik İsimler,imp,"bir kuşun uçuş gücünü artırmak için kanat veya kuyruğuna tüy eklemek, kuvvetlendirmek, parça takarak bir tüyü onarmak",isim,B1,,The investigation highlighted the critical role of imp.,Soruşturma bir kuşun uçuş gücünü artırmak için kanat veya kuyruğuna tüy eklemek kavramının kritik rolünü vurguladı.
Kütüphane: Akademik İsimler,B1 Temel Akademik İsimler,impact,"darbe, etki, çarpma",isim,B1,,The storm had a bad impact on the crops.,Fırtınanın ürünlerin üzerinde kötü bir etkisi vardı.
Kütüphane: Akademik İsimler,B2 İleri Akademik İsimler,impacts,"olumsuz etkiler, havacılığın çevresel etkileri, mali olmayan nicel etkiler",isim,B2,,The investigation highlighted the critical role of impacts.,Soruşturma olumsuz etkiler kavramının kritik rolünü vurguladı.
Kütüphane: Sıfatlar & Zarflar,B1-B2 Sık Çıkan Akademik Sıfatlar,impatient,"sabırsız, titiz, hoşgörüsüz",sıfat,B2,,Don't be so impatient.,Çok sabırsız olma.
Kütüphane: Akademik İsimler,B2 İleri Akademik İsimler,implement,"uygulamak, hayata geçirmek, yürütmek",isim,B2,"apply, conduct, execute, carry out",These implements are in common use.,Bu araçlar ortak kullanımdadır.
Kütüphane: Akademik İsimler,C1 Üst Düzey Akademik İsimler,implementation,"uygulama, yürürlüğe koyma, uyarlama",isim,C1,,The investigation highlighted the critical role of implementation.,Soruşturma uygulama kavramının kritik rolünü vurguladı.
Kütüphane: Sıfatlar & Zarflar,C1 İleri Niteleme Sıfatları,implemented,"uygulanmış, yerine getirilmiş, azı dişli",sıfat,C1,,The plan was never implemented.,Plan hiç uygulanmadı.
Kütüphane: Akademik İsimler,"Alan Odaklı İsimler (Sağlık, Fen & Sosyal)",importance,"önem, saygınlık, etki",isim,C1,,It's of no importance.,Bu önemli değil.
Kütüphane: Sıfatlar & Zarflar,B1-B2 Sık Çıkan Akademik Sıfatlar,important,"mühim, önemli, gururlu",sıfat,B2,,It's important to me.,Bu benim için önemli.
Kütüphane: Akademik Fiiller,B2 İleri Akademik Fiiller,impress,"iz bırakmak, hayran bırakmak, etkilemek",fiil,B2,,You don't impress me.,Beni etkilemiyorsun.
Kütüphane: Akademik İsimler,C1 Üst Düzey Akademik İsimler,impression,"izlenim, etki, baskı",isim,C1,,He makes a bad impression.,Kötü bir izlenim bırakıyor.
Kütüphane: Sıfatlar & Zarflar,C1 İleri Niteleme Sıfatları,impressive,"etkileyici, duyguları etkileyen, çarpıcı",sıfat,C1,dazzling,Tom's resume's impressive.,Tom'un özgeçmişi etkileyici.
Kütüphane: Akademik İsimler,B2 İleri Akademik İsimler,improper,"uygun olmayan, yersiz, çirkin",isim,B2,,The investigation highlighted the critical role of improper.,Soruşturma uygun olmayan kavramının kritik rolünü vurguladı.
Kütüphane: Akademik Fiiller,B2 İleri Akademik Fiiller,improve,"geliştirmek, gelişmek, ilerletmek",fiil,B2,enhance,I'm trying to improve.,Geliştirmeye çalışıyorum.
Kütüphane: Akademik İsimler,C1 Üst Düzey Akademik İsimler,improvement,"gelişim, ilerleme, iyileşme",isim,C1,,That would be an improvement.,Bu bir gelişme olur.
Kütüphane: Akademik İsimler,B2 İleri Akademik İsimler,improving,"düzeltme, iyileştirme, geliştirme",isim,B2,,He is improving in health.,"O, sağlıkta gelişmektedir."
Kütüphane: Bağlaçlar & Edatlar,Koşul ve Eklemeler,in,"içeri, içinde, iç",edat,A1,,I'm in a fix.,Zor durumdayım.
Kütüphane: Akademik Fiiller,C1 Üst Düzey Paragraf Fiilleri,inadequate,"yetersiz, liyakatsiz, elverişsiz",fiil,C1,,I just feel a little inadequate.,Sadece biraz yetersiz hissediyorum.
Kütüphane: Akademik Fiiller,C1 Üst Düzey Paragraf Fiilleri,inappropriate,"uygun olmayan, yakışıksız, isabetsiz",fiil,C1,,I think it's inappropriate.,O bence uygun değil.
Kütüphane: Sıfatlar & Zarflar,Akademik Zarflar (-ly / Derece),incessantly,"aralıksız olarak, ardı arkası kesilmeden, biteviye",zarf,C1,,The empirical results of the study were remarkably incessantly.,Çalışmanın ampirik sonuçlarının son derece aralıksız olarak olduğu görüldü.
Kütüphane: Akademik İsimler,"Alan Odaklı İsimler (Sağlık, Fen & Sosyal)",incident,"hadise, olay, yük",isim,B2,,It was a small incident.,O küçük bir kazaydı.
Kütüphane: Akademik Fiiller,B2 İleri Akademik Fiiller,incline,"meyletmek, eğilmek, bayır",fiil,B2,,I'm inclined to agree.,Kabul etmeye eğilimliyim.
Kütüphane: Akademik Fiiller,B2 İleri Akademik Fiiller,include,"katmak, içermek, kapsamak",fiil,B2,,Include me in your plans.,Planlarınıza beni ekleyin.
Kütüphane: Sıfatlar & Zarflar,B1-B2 Sık Çıkan Akademik Sıfatlar,including,"kapsama, içerme, şamil",sıfat,B2,,There are six people including him.,O dahil altı kişi var.
Kütüphane: Akademik İsimler,B2 İleri Akademik İsimler,inclusion,"derç, içine alma, katılma",isim,B2,,The investigation highlighted the critical role of inclusion.,Soruşturma derç kavramının kritik rolünü vurguladı.
Kütüphane: Sıfatlar & Zarflar,B1-B2 Sık Çıkan Akademik Sıfatlar,inclusive,"dahil, şümulu olan, içlemci",sıfat,B2,,The empirical results of the study were remarkably inclusive.,Çalışmanın ampirik sonuçlarının son derece dahil olduğu görüldü.
Kütüphane: Sıfatlar & Zarflar,C1 İleri Niteleme Sıfatları,inconvenient,"zahmetli, uygunsuz, zor",sıfat,C1,,I'm sure it's inconvenient.,Bunun sakıncalı olduğundan eminim.
Kütüphane: Akademik Fiiller,B2 İleri Akademik Fiiller,increase,"arttırmak, artmak, çoğalmak",fiil,B2,,It was a huge increase.,Büyük bir artış oldu.
Kütüphane: Sıfatlar & Zarflar,Akademik Zarflar (-ly / Derece),increasingly,"gitgide artarak, gitgide, gittikçe artarak",zarf,C1,,Modern finance is becoming increasingly complicated and sophisticated.,Modern finans giderek karmaşık ve sofistike hale geliyor.
Kütüphane: Sıfatlar & Zarflar,B1-B2 Sık Çıkan Akademik Sıfatlar,incurable,"tedavi edilemez kimse, amansız, çaresiz",sıfat,B2,,They say it's incurable.,Bunun tedavi edilemez olduğu söyleniyor.
Kütüphane: Akademik İsimler,C1 Üst Düzey Akademik İsimler,independence,"özgürlük, bağımsızlık, serbestlik",isim,C1,,The nation recently declared its independence.,Ulus son zamanlarda bağımsızlığını ilan etti.
Kütüphane: Sıfatlar & Zarflar,C1 İleri Niteleme Sıfatları,independent,"bağımsız, müstakil, özgür",sıfat,C1,,He's an independent thinker.,O bağımsız bir düşünür.
Kütüphane: Sıfatlar & Zarflar,Akademik Zarflar (-ly / Derece),independently,"başlı başına, birbirini etkilemeden, müstakilen",zarf,C1,,The empirical results of the study were remarkably independently.,Çalışmanın ampirik sonuçlarının son derece başlı başına olduğu görüldü.
Kütüphane: Akademik Fiiller,B2 İleri Akademik Fiiller,indicate,"göstergesi olmak, belirtisi olmak, işaret etmek",fiil,B2,,A closed fist can indicate stress.,Kapalı bir yumruk stres gösterebilir.
Kütüphane: Akademik İsimler,C1 Üst Düzey Akademik İsimler,indication,"belirti, anlatma, ölçüm",isim,C1,,I see no indication of that ever happening.,Onun olup bittiğine dair bir işaret görmüyorum.
Kütüphane: Sıfatlar & Zarflar,C1 İleri Niteleme Sıfatları,indicative,"belirten, gösteren, haber kipi",sıfat,C1,,The empirical results of the study were remarkably indicative.,Çalışmanın ampirik sonuçlarının son derece belirten olduğu görüldü.
Kütüphane: Sıfatlar & Zarflar,C1 İleri Niteleme Sıfatları,indispensable,"zaruri, zorunlu, vazgeçilmez",sıfat,C1,,None of us are indispensable.,Hiçbirimiz vazgeçilmez değiliz.
Kütüphane: Sıfatlar & Zarflar,C1 İleri Niteleme Sıfatları,inefficient,"liyakatsiz, ehliyetsiz, zaman ve enerjiyi ekonomik bir şekilde kullanmayan",sıfat,C1,,The empirical results of the study were remarkably inefficient.,Çalışmanın ampirik sonuçlarının son derece liyakatsiz olduğu görüldü.
Kütüphane: Akademik İsimler,"Alan Odaklı İsimler (Sağlık, Fen & Sosyal)",inequality,"eşitsizlik, sapma, değişebilirlik",isim,C1,,No inequality should be allowed to exist between men and women.,Kadınlar ve erkekler arasında hiçbir eşitsizliğin var olmasına izin verilmemesi gerekir.
Kütüphane: Akademik İsimler,B1 Temel Akademik İsimler,infant,"bebek, çocuk, küçük çocuk",isim,B1,,The young woman was carrying an infant in her arms.,Genç kadın kollarında bir bebek taşıyordu.
Kütüphane: Akademik İsimler,B2 İleri Akademik İsimler,infants,"sübyan mektebi, sıbyan mektebi, çocuk kıyafeti",isim,B2,,We need more medical care for infants.,Bizim bebekler için daha fazla tıbbi bakıma ihtiyacımız var.
Kütüphane: Akademik İsimler,"Alan Odaklı İsimler (Sağlık, Fen & Sosyal)",infection,"enfeksiyon, bulaşma, iltihap",isim,B2,,I have an ear infection.,Bir kulak enfeksiyonum var.
Kütüphane: Sıfatlar & Zarflar,C1 İleri Niteleme Sıfatları,infectious,"bulaşıcı, başkalarına kolay geçen, intani",sıfat,C1,,Mumps is an infectious disease.,Kabakulak bulaşıcı bir hastalıktır.
Kütüphane: Sıfatlar & Zarflar,C1 İleri Niteleme Sıfatları,inflammatory,"iltihaplı, kışkırtıcı, yangılı",sıfat,C1,,The empirical results of the study were remarkably inflammatory.,Çalışmanın ampirik sonuçlarının son derece iltihaplı olduğu görüldü.
Kütüphane: Akademik İsimler,B2 İleri Akademik İsimler,influence,"tesir etmek, etkilemek, etki altına almak",isim,B2,,He's a bad influence.,Onun kötü bir etkisi var.
Kütüphane: Sıfatlar & Zarflar,C1 İleri Niteleme Sıfatları,influential,"etkili, etkileyici, ağababa",sıfat,C1,,We're not that influential.,O kadar etkili değiliz.
Kütüphane: Sıfatlar & Zarflar,Akademik Zarflar (-ly / Derece),influentially,"güçlü bir şekilde, etkili bir biçimde",zarf,C1,,The empirical results of the study were remarkably influentially.,Çalışmanın ampirik sonuçlarının son derece güçlü bir şekilde olduğu görüldü.
Kütüphane: Akademik İsimler,C1 Üst Düzey Akademik İsimler,information,"bilgi, ilmi vukuf, iddia",isim,C1,"knowledge, data, intel",I'd like some information.,Biraz bilgi istiyorum.
Kütüphane: Sıfatlar & Zarflar,B1-B2 Sık Çıkan Akademik Sıfatlar,ingenious,"ustalık, becerikli, maharetli",sıfat,B2,,The ingenious boy won a prize for his invention.,Becerikli genç buluşu için bir ödül kazandı.
Kütüphane: Akademik İsimler,C1 Üst Düzey Akademik İsimler,ingredient,"cüz, bir şeyin terkibine giren madde, bileşim maddesi",isim,C1,,What's the secret ingredient?,Gizli madde nedir?
Kütüphane: Akademik Fiiller,B2 İleri Akademik Fiiller,inhabit,"oturmak, iskan etmek, ikamet etmek",fiil,B2,,What animals inhabit those islands?,Şu adalarda hangi hayvanlar yaşar?
Kütüphane: Sıfatlar & Zarflar,B1-B2 Sık Çıkan Akademik Sıfatlar,inhabited,"meskun, iskan edilmiş, mekün",sıfat,B2,,The region has never been inhabited by people.,Bölgede insanlar hiç yaşamadı.
Kütüphane: Akademik İsimler,C1 Üst Düzey Akademik İsimler,inheritance,"veraset, miras, kalıt",isim,C1,,I've already spent my inheritance.,Mirasımı çoktan harcadım.
Kütüphane: Sıfatlar & Zarflar,B1-B2 Sık Çıkan Akademik Sıfatlar,initial,"ilk harf, baş harf, baştaki",sıfat,B2,,That was my initial thought.,O benim ilk düşüncemdi.
Kütüphane: Sıfatlar & Zarflar,Akademik Zarflar (-ly / Derece),initially,"başlangıçta, ilkin, baştan",zarf,B2,,Initially I found it difficult to deal with my new environment.,Başlangıçta yeni ortamımla baş etmeyi zor buldum.
Kütüphane: Akademik Fiiller,B2 İleri Akademik Fiiller,initiate,"başlatmak, göstermek, üyeliğe kabul etmek",fiil,B2,,The research committee agreed to initiate the proposed methodology.,Araştırma komitesi önerilen metodolojiyi başlatmak konusunda mutabık kaldı.
Kütüphane: Akademik İsimler,B2 İleri Akademik İsimler,injection,"püskürtme, enjekte, zerk",isim,B2,,The court condemned the man to death by lethal injection.,Mahkeme adamı öldürücü iğneyle ölüme mahkûm etti.
Kütüphane: Akademik İsimler,"Alan Odaklı İsimler (Sağlık, Fen & Sosyal)",injury,"zarar, halel, incinme",isim,B1,,Tom's injury isn't serious.,Tom'un sakatlığı ciddi değil.
Kütüphane: Akademik İsimler,B2 İleri Akademik İsimler,innocence,"masumluk, masum olma, günahsızlık",isim,B2,,She insisted on her innocence.,"O, masumiyeti konusunda ısrar etti."
Kütüphane: Sıfatlar & Zarflar,C1 İleri Niteleme Sıfatları,innovative,"yaratıcı, yenilikçi, yeniliklere açık",sıfat,C1,,I try to be innovative.,Yenilikçi olmaya çalışıyorum.
Kütüphane: Akademik İsimler,B2 İleri Akademik İsimler,innovator,"yenilikçi, yenilik yapan kimse, mucit",isim,B2,,The investigation highlighted the critical role of innovator.,Soruşturma yenilikçi kavramının kritik rolünü vurguladı.
Kütüphane: Akademik İsimler,C1 Üst Düzey Akademik İsimler,innovators,yenilikçiler,isim,C1,,The investigation highlighted the critical role of innovators.,Soruşturma yenilikçiler kavramının kritik rolünü vurguladı.
Kütüphane: Akademik İsimler,C1 Üst Düzey Akademik İsimler,inoculation,"aşılama, aşı, aşılanma",isim,C1,,The investigation highlighted the critical role of inoculation.,Soruşturma aşılama kavramının kritik rolünü vurguladı.
Kütüphane: Bağlaçlar & Edatlar,Koşul ve Eklemeler,inside,"iç taraf, içeri, içte",edat,B1,,I'll see you inside.,Seni içeride göreceğim.
Kütüphane: Akademik İsimler,B2 İleri Akademik İsimler,insider,"içeriden biri, içerideki, iç yüzünü bilen kimse",isim,B2,,The investigation highlighted the critical role of insider.,Soruşturma içeriden biri kavramının kritik rolünü vurguladı.
Kütüphane: Akademik İsimler,B2 İleri Akademik İsimler,insight,"içyüzünü anlama, anlayış, içgörü",isim,B2,knowledge,Thank you for your insight.,Anlayışınız için teşekkürler.
Kütüphane: Sıfatlar & Zarflar,B1-B2 Sık Çıkan Akademik Sıfatlar,instant,"anlık, esna, dakika",sıfat,B2,,It changed in an instant.,Bir anda değişti.
Kütüphane: Akademik İsimler,B2 İleri Akademik İsimler,instinct,"içgüdü, iç güdü, yetenek",isim,B2,,She's acting on instinct.,"O, içgüdüyle hareket ediyor."
Kütüphane: Akademik İsimler,C1 Üst Düzey Akademik İsimler,instructor,"eğitmen, eğitici, asistan",isim,C1,,Is your brother a ski instructor?,Erkek kardeşin kayak eğitmeni mi?
Kütüphane: Akademik İsimler,C1 Üst Düzey Akademik İsimler,instrument,"enstrüman, alet, belgit",isim,C1,,Do you play an instrument?,Bir enstrüman çalıyor musun?
Kütüphane: Akademik İsimler,C1 Üst Düzey Akademik İsimler,instruments,"edevat, araç gereç, araçlar",isim,C1,,Do you play any instruments?,Herhangi bir müzik aleti çalıyor musun?
Kütüphane: Sıfatlar & Zarflar,C1 İleri Niteleme Sıfatları,insufficient,"kıt, yetersiz, yeterli değil",sıfat,C1,,His knowledge of geography is insufficient.,Onun coğrafya bilgisi yetersizdir.
Kütüphane: Sıfatlar & Zarflar,Akademik Zarflar (-ly / Derece),intellectually,"anlayarak, akıl ile, zeka ile",zarf,C1,,The discussion was intellectually stimulating.,Münazara entelektüel olarak aydınlatıcıydı.
Kütüphane: Akademik İsimler,C1 Üst Düzey Akademik İsimler,intelligence,"istihbarat, zeka, akıl",isim,C1,,Don't insult my intelligence.,Benim zekama hakaret etmeyin.
Kütüphane: Akademik Fiiller,B1 Temel Sınav Fiilleri,intend,"niyet etmek, demek istemek, niyeti olmak",fiil,B1,,I intend to do so.,Ben öyle yapmak niyetindeyim.
Kütüphane: Sıfatlar & Zarflar,B1-B2 Sık Çıkan Akademik Sıfatlar,intense,"yoğun, gergin, istekli",sıfat,B2,,The pain was very intense.,Ağrı çok yoğundu.
Kütüphane: Akademik İsimler,B2 İleri Akademik İsimler,intensity,"yoğunluk, koyuluk, gerilim",isim,B2,,He was overwhelmed by the intensity of her love.,"O, onun sevgisinin yoğunluğuyla bunalmıştı."
Kütüphane: Sıfatlar & Zarflar,B1-B2 Sık Çıkan Akademik Sıfatlar,intensive,"yoğun, şiddetli, aşırı",sıfat,B2,,The two gunshot victims are in the intensive care unit at a nearby hospital.,İki kurşun mağduru yakındaki bir hastanede yoğun bakım ünitesinde bulunmaktadır.
Kütüphane: Sıfatlar & Zarflar,Akademik Zarflar (-ly / Derece),intentionally,"kasten, kasıtlı olarak, taammüden",zarf,C1,,Did you do that intentionally?,Sen onu kasıtlı olarak mı yaptın?
Kütüphane: Akademik İsimler,C1 Üst Düzey Akademik İsimler,interactions,"ayrık etkileşimler, elektron-fonon etkileşimleri, geçişim etkileşimleri",isim,C1,,The investigation highlighted the critical role of interactions.,Soruşturma ayrık etkileşimler kavramının kritik rolünü vurguladı.
Kütüphane: Akademik İsimler,B2 İleri Akademik İsimler,interest,"ilgilendirmek, çıkar, faiz",isim,B2,,They don't interest me.,Onlar beni ilgilendirmiyor.
Kütüphane: Akademik İsimler,C1 Üst Düzey Akademik İsimler,interference,"karışma, müdahale, girişim",isim,C1,,The investigation highlighted the critical role of interference.,Soruşturma karışma kavramının kritik rolünü vurguladı.
Kütüphane: Sıfatlar & Zarflar,C1 İleri Niteleme Sıfatları,international,"devletlerarası, enternasyonal, milletlerarası",sıfat,C1,,The drug problem is international.,Uyuşturucu problemi uluslararasıdır.
Kütüphane: Akademik İsimler,B2 İleri Akademik İsimler,internet,"internet, ağlararası ağ, edalyan",isim,B2,,How do I access the Internet?,İnternete nasıl erişirim?
Kütüphane: Akademik Fiiller,B2 İleri Akademik Fiiller,interrupt,"sekte vurmak, söze karışmak, kesmek",fiil,B2,,"Don't interrupt me, Tom.","Sözümü kesme, Tom."
Kütüphane: Akademik İsimler,C1 Üst Düzey Akademik İsimler,interruption,"sekte, kesinti, kesilme",isim,C1,,We're sorry for the interruption.,Böldüğümüz için üzgünüz.
Kütüphane: Akademik İsimler,C1 Üst Düzey Akademik İsimler,interruptions,"kısa kesintiler ve gerilim değişmeleri ile ilgili bağışıklık deneyleri, kısa kesintiler, makine denetim kesilmeleri",isim,C1,,He doesn't allow interruptions.,"O, kesintilere izin vermez."
Kütüphane: Akademik Fiiller,B2 İleri Akademik Fiiller,intervene,"araya girmek, müdahale etmek, arada olmak",fiil,B2,,I don't want to intervene.,Müdahale etmek istemiyorum.
Kütüphane: Akademik İsimler,C1 Üst Düzey Akademik İsimler,intervention,"araya girme, müdahale, aracılık",isim,C1,,The investigation highlighted the critical role of intervention.,Soruşturma araya girme kavramının kritik rolünü vurguladı.
Kütüphane: Bağlaçlar & Edatlar,Koşul ve Eklemeler,into,"içine, şekline, biçimine",edat,B1,,I got into my car.,Arabama bindim.
Kütüphane: Akademik Fiiller,B2 İleri Akademik Fiiller,introduce,"tanıtmak, tanıştırmak, içeri sokmak",fiil,B2,,Let me introduce my wife.,Karımı tanıtmama izin ver.
Kütüphane: Akademik İsimler,C1 Üst Düzey Akademik İsimler,introduction,"giriş, tanıtım, tavsiye mektubu",isim,C1,,Thank you for the introduction.,Tanıtım için teşekkür ederim.
Kütüphane: Akademik Fiiller,B1 Temel Sınav Fiilleri,invent,"icat etmek, yumurtlamak, düzmek",fiil,B1,,We should invent a secret language.,Gizli bir dil icat etmemiz gerek.
Kütüphane: Sıfatlar & Zarflar,B1-B2 Sık Çıkan Akademik Sıfatlar,invented,"icat edilmiş, uydurmasyon, icat edilen",sıfat,B2,,It was invented by Tom.,Bu Tom tarafından icat edildi.
Kütüphane: Akademik İsimler,B2 İleri Akademik İsimler,invention,"buluş, icat, düzen",isim,B2,,Paper is a Chinese invention.,Kağıt bir Çin icadıdır.
Kütüphane: Akademik Fiiller,B1 Temel Sınav Fiilleri,invest,"yatırım yapmak, birine yetki vermek, yetki vermek",fiil,B1,,We must invest in our future.,Geleceğimize yatırım yapmalıyız.
Kütüphane: Akademik Fiiller,C1 Üst Düzey Paragraf Fiilleri,investigate,"araştırmak, soruşturmak, incelemek",fiil,C1,,Let's go and investigate.,Gidelim ve araştıralım.
Kütüphane: Sıfatlar & Zarflar,C1 İleri Niteleme Sıfatları,investigated,"soruşturulmuş, incelenmiş, araştırılmış",sıfat,C1,,We investigated the matter from all angles.,Konuyu tüm açılardan araştırdık.
Kütüphane: Akademik İsimler,"Alan Odaklı İsimler (Sağlık, Fen & Sosyal)",investigation,"soruşturma, araştırma, teftiş",isim,C1,,Am I under investigation now?,Şimdi soruşturma altında mıyım?
Kütüphane: Akademik İsimler,"Alan Odaklı İsimler (Sağlık, Fen & Sosyal)",investigations,"soruşturmalar, tahkikat, taharriyat",isim,C1,,The investigation highlighted the critical role of investigations.,Soruşturma soruşturmalar kavramının kritik rolünü vurguladı.
Kütüphane: Akademik İsimler,"Alan Odaklı İsimler (Sağlık, Fen & Sosyal)",investigator,"müfettiş, dedektif, araştırmacı",isim,C1,researcher,I'm a private investigator.,Ben özel bir müfettişim.
Kütüphane: Sıfatlar & Zarflar,B1-B2 Sık Çıkan Akademik Sıfatlar,involved,"ilgili, karmaşık, girift",sıfat,B2,,I can't get involved.,Ben karışamam.
Kütüphane: Akademik İsimler,B1 Temel Akademik İsimler,iq,"zeka düzeyi, zeka katsayısı, ıq",isim,B1,,I don't know my IQ.,Ben zeka düzeyimi bilmiyorum.
Kütüphane: Akademik İsimler,B1 Temel Akademik İsimler,iron,"ütülemek, demir, ütü",isim,B1,,Is it made of iron?,Bu demirden mi yapıldı?
Kütüphane: Sıfatlar & Zarflar,B1-B2 Sık Çıkan Akademik Sıfatlar,irritable,"asabi, titiz, barut gibi",sıfat,B2,,He is always a little irritable in the morning.,"O, her zaman sabahleyin biraz asabidir."
Kütüphane: Sıfatlar & Zarflar,B1-B2 Sık Çıkan Akademik Sıfatlar,irritated,"sinirli, sinirlendirilmiş, öfkeli",sıfat,B2,,I know you're irritated.,Sinirli olduğunuzu biliyorum.
Kütüphane: Sıfatlar & Zarflar,C1 İleri Niteleme Sıfatları,irritating,"rahatsız etme, sinirlendirme, sinir",sıfat,C1,,Sometimes you're so irritating.,Sen bazen çok rahatsız edicisin.
Kütüphane: Akademik Fiiller,B1 Temel Sınav Fiilleri,is,"olmak, -dir, -dır",fiil,B1,,He is a bad boy.,O kötü bir çocuk.
Kütüphane: Akademik İsimler,B2 İleri Akademik İsimler,isolation,"izolasyon, tecrit, soyutlanma",isim,B2,,We shouldn't confuse solitude with isolation. They are two separate things.,Yalnızlık ile izole edilmeyi birbirine karıştırmamak gerek. Bunlar iki farklı şey.
Kütüphane: Akademik İsimler,B1 Temel Akademik İsimler,issue,"mesele, sorun, yayınlamak",isim,B1,,It's not an issue.,Sorun değil.
Kütüphane: Akademik İsimler,B1 Temel Akademik İsimler,issues,sorunlar,isim,B1,,I had issues I had to deal with.,Uğraşmam gereken sorunlarım vardı.
Kütüphane: Temel Kelimeler (A1-A2),Günlük İsimler ve Mekanlar,it,"ona, ilişki, ebe",zamir,B1,,I can't do it.,Onu yapamam.
Kütüphane: Akademik İsimler,B1 Temel Akademik İsimler,item,"kalem, madde, adet",isim,B1,,What is this item called?,Bu maddeye ne denir?
Kütüphane: Akademik İsimler,B1 Temel Akademik İsimler,its,"onun, -in",isim,B1,,It's on its way.,Yolda.
Kütüphane: Temel Kelimeler (A1-A2),Günlük İsimler ve Mekanlar,jacket,"ceket, kaplamak, kap",isim,A1,,I need a new jacket.,Yeni bir cekete ihtiyacım var.
Kütüphane: Akademik İsimler,B1 Temel Akademik İsimler,jail,"hapishane, hapis, cezaevi",isim,B1,,I'm now in jail.,Şimdi hapisteyim.
Kütüphane: Akademik İsimler,B1 Temel Akademik İsimler,jailer,"gardiyan, zindancı",isim,B1,,The investigation highlighted the critical role of jailer.,Soruşturma gardiyan kavramının kritik rolünü vurguladı.
Kütüphane: Temel Kelimeler (A1-A2),Günlük İsimler ve Mekanlar,job,"görev, iş, ufak tefek işler yapmak",isim,A1,,I'm on the job.,İş üzerindeyim.
Kütüphane: Akademik İsimler,B2 İleri Akademik İsimler,jogging,"hafif koşu, jogging, koşu",isim,B2,,I don't like jogging.,Koşudan hoşlanmıyorum.
Kütüphane: Akademik Fiiller,B1 Temel Sınav Fiilleri,join,"birleştirmek, katılmak, katmak",fiil,B1,,I can't join you.,Size katılamam.
Kütüphane: Akademik İsimler,B1 Temel Akademik İsimler,joke,"komiklik, şaka, espri yapmak",isim,B1,,It's not a joke.,O bir şaka değil.
Kütüphane: Akademik Fiiller,B1 Temel Sınav Fiilleri,jokes,"şaka yapmak, fıkra anlatmak, şakalar yapmak",fiil,B1,,I like Tom's jokes.,Tom'un şakaları severim.
Kütüphane: Akademik İsimler,B2 İleri Akademik İsimler,journey,"yolculuk, seyahat, yolculuk etmek",isim,B2,,It's a long journey.,Bu uzun bir yolculuk.
Kütüphane: Sıfatlar & Zarflar,B1-B2 Sık Çıkan Akademik Sıfatlar,joyful,"sevinçli, şatır, sevindirici",sıfat,B1,,Christmas is a joyful time.,Noel neşeli bir zamandır.
Kütüphane: Akademik Fiiller,B1 Temel Sınav Fiilleri,jump,"sıçramak, zıplamak, atlamak",fiil,B1,,I'm going to jump.,Atlayacağım.
Kütüphane: Akademik İsimler,B2 İleri Akademik İsimler,jumping,"atlama, sıçrama, sıçrayış",isim,B2,,Stop jumping on the bed.,Yatakta zıplamayı kes.
Kütüphane: Akademik İsimler,B1 Temel Akademik İsimler,jungle,"orman, karışıklık, cangıl",isim,B1,,We're not in the jungle.,Biz cangılda değiliz.
Kütüphane: Akademik Fiiller,B1 Temel Sınav Fiilleri,just,"sadece, adil, yalnızca",fiil,B1,,I'm just a boy.,Ben sadece bir çocuğum.
Kütüphane: Akademik Fiiller,B1 Temel Sınav Fiilleri,keep,"tutmak, saklamak, kept - kept",fiil,B1,,I can't keep it.,Bunu saklayamam.
Kütüphane: Akademik İsimler,B2 İleri Akademik İsimler,keeping,"geçindirme, bakım, koruma",isim,B2,,I'm keeping a secret.,Sır tutuyorum.
Kütüphane: Akademik İsimler,B1 Temel Akademik İsimler,keys,"anahtarlar, ana resimler",isim,B1,,I'll get my keys.,Anahtarlarımı alacağım.
Kütüphane: Akademik İsimler,B1 Temel Akademik İsimler,kid,"velet, çocuk, küçük çocuk",isim,B1,,I'm a big kid.,Ben büyük bir çocuğum.
Kütüphane: Akademik İsimler,B1 Temel Akademik İsimler,kidney,"böbrek, huy, tip",isim,B1,,I need a new kidney.,Yeni bir böbreğe ihtiyacım var.
Kütüphane: Akademik İsimler,B1 Temel Akademik İsimler,kids,çocuklar,isim,B1,,I don't have kids.,Çocuklarım yok.
Kütüphane: Akademik Fiiller,B1 Temel Sınav Fiilleri,kill,"katletmek, öldürmek, öldürme",fiil,B1,,I won't kill you.,Seni öldürmeyeceğim.
Kütüphane: Akademik İsimler,"Alan Odaklı İsimler (Sağlık, Fen & Sosyal)",killer,"öldürücü, katil, öldürücü darbe",isim,B1,,I'm not a killer.,Ben bir katil değilim.
Kütüphane: Sıfatlar & Zarflar,B1-B2 Sık Çıkan Akademik Sıfatlar,kind,"tür, çeşit, cins",sıfat,B1,,He's kind to me.,O bana karşı nazik.
Kütüphane: Sıfatlar & Zarflar,Akademik Zarflar (-ly / Derece),kindly,"merhametli, iyi, içten",zarf,B1,,You will be treated kindly.,Size nazikçe davranılacak.
Kütüphane: Temel Kelimeler (A1-A2),Günlük İsimler ve Mekanlar,kitchen,"mutfak, kuzine, nevale",isim,A1,,I'm in the kitchen.,Mutfaktayım.
Kütüphane: Akademik İsimler,B1 Temel Akademik İsimler,km,"kilometre, km",isim,B1,,"They fly about 35,000 km in eight months.","Onlar sekiz ayda yaklaşık 35,000 km uçarlar."
Kütüphane: Temel Kelimeler (A1-A2),Günlük İsimler ve Mekanlar,knife,"bıçak, kesmek, arkadan vurmak",isim,A1,,I've got a knife.,Bir bıçağım var.
Kütüphane: Akademik İsimler,B1 Temel Akademik İsimler,knives,bıçaklar,isim,B1,,They're armed with knives.,Onlar bıçaklarla silahlanmıştı.
Kütüphane: Sıfatlar & Zarflar,B1-B2 Sık Çıkan Akademik Sıfatlar,knowing,"haberdar, haberi olan, bilen",sıfat,B2,,It was nice knowing you.,Seninle tanışmak güzeldi.
Kütüphane: Akademik İsimler,B2 İleri Akademik İsimler,knowledge,"bilgi, ilim, bili",isim,B2,"information, wisdom, insight, awareness",I had no such knowledge.,Benim böyle bir bilgim yoktu.
Kütüphane: Sıfatlar & Zarflar,B1-B2 Sık Çıkan Akademik Sıfatlar,known,"bilinen, bilindik, malum",sıfat,B1,,I've always known it.,Onu her zaman tanıyordum.
Kütüphane: Akademik Fiiller,B1 Temel Sınav Fiilleri,knows,"tanışık çıkmak, tanış çıkmak, allah bilir!",fiil,B1,,He knows who I am.,Kim olduğumu biliyor.
Kütüphane: Akademik İsimler,B1 Temel Akademik İsimler,lamb,"kuzu, kuzulamak, kuzu gibi masum ve zayıf kimse",isim,B1,,The wolf killed the lamb.,"Kurt, kuzuyu öldürdü."
Kütüphane: Temel Kelimeler (A1-A2),Günlük İsimler ve Mekanlar,lamp,"ampul, lamba, aydınlatmak",isim,A1,,I turned on a lamp.,Bir lamba yaktım.
Kütüphane: Sıfatlar & Zarflar,B1-B2 Sık Çıkan Akademik Sıfatlar,large,"iri, geniş, büyük",sıfat,B1,,It's a large one.,Bu büyük biri.
Kütüphane: Akademik Fiiller,B1 Temel Sınav Fiilleri,last,"sonuncu, son, tutunmak",fiil,B1,,I want to be last.,Ben sonuncu olmak istiyorum.
Kütüphane: Sıfatlar & Zarflar,B1-B2 Sık Çıkan Akademik Sıfatlar,lasting,"kalıcı, sürme, sağlam ayakkabılık kumaş",sıfat,B2,,First impressions are the most lasting.,İlk izlenimler en kalıcı olanlardır.
Kütüphane: Sıfatlar & Zarflar,B1-B2 Sık Çıkan Akademik Sıfatlar,late,"gecikmiş, geç, her zamanki",sıfat,B1,,I'm a bit late.,Ben biraz geç kaldım.
Kütüphane: Sıfatlar & Zarflar,B1-B2 Sık Çıkan Akademik Sıfatlar,latest,"son, en son, yeni",sıfat,B1,,What is the latest news?,En son haber nedir?
Kütüphane: Akademik Fiiller,B1 Temel Sınav Fiilleri,laugh,"gülmek, gülme, gülüş",fiil,B1,,Don't laugh at me.,Bana gülme.
Kütüphane: Akademik İsimler,B2 İleri Akademik İsimler,laughter,"kahkaha, kahkahalar, hande",isim,B2,,We'll miss your laughter.,Biz kahkahanı özleyeceğiz.
Kütüphane: Akademik Fiiller,B1 Temel Sınav Fiilleri,launch,"başlatmak, piyasaya sürmek, fırlatmak",fiil,B1,,The probe launch was successful.,Uydu fırlatılışı başarılıydı.
Kütüphane: Akademik İsimler,"Alan Odaklı İsimler (Sağlık, Fen & Sosyal)",law,"yasa, hukuk, kanun",isim,B1,,I'm a law student.,Hukuk öğrencisiyim.
Kütüphane: Akademik İsimler,"Alan Odaklı İsimler (Sağlık, Fen & Sosyal)",lawyer,"avukat, hukukçu, dava vekili",isim,B1,,I'm Tom's lawyer.,Tom'un avukatıyım.
Kütüphane: Akademik İsimler,"Alan Odaklı İsimler (Sağlık, Fen & Sosyal)",lawyers,hukukçular,isim,B2,,Tom's parents were lawyers.,Tom'un anne-babası avukattı.
Kütüphane: Akademik Fiiller,B1 Temel Sınav Fiilleri,lay,"sermek, laid - laid, kurmak",fiil,B1,,I lay on my bed.,Yatağımda uzandım.
Kütüphane: Akademik İsimler,B1 Temel Akademik İsimler,ldl,"düşük dansiteli lipoprotein, düşük dansiteli okside lipoprotein, düşük dansiteli lipoprotein kolesterol",isim,B1,,The investigation highlighted the critical role of ldl.,Soruşturma düşük dansiteli lipoprotein kavramının kritik rolünü vurguladı.
Kütüphane: Akademik İsimler,B1 Temel Akademik İsimler,lea,"otlak, mera, çayır",isim,B1,,We've got a lead.,Bizim bir kurşunumuz var.
Kütüphane: Akademik İsimler,B1 Temel Akademik İsimler,lead,"yol göstermek, rehberlik etmek, sürmek",isim,B1,,We've got a lead.,Bizim bir kurşunumuz var.
Kütüphane: Akademik İsimler,B2 İleri Akademik İsimler,leaders,liderler,isim,B2,,Germany's leaders were losing hope.,Almanya liderleri umudunu kaybediyordu.
Kütüphane: Akademik İsimler,B1 Temel Akademik İsimler,leads,"yol açar, sabreden derviş muradına ermiş, aksilikler/sorunlar hep üst üste gelir",isim,B1,,He leads a hectic life.,O telaşlı bir hayat sürüyor.
Kütüphane: Akademik İsimler,B1 Temel Akademik İsimler,leaf,"yaprak vermek, yaprak, yapraklanmak",isim,B1,,What's on the leaf?,Yaprağın üzerindeki nedir?
Kütüphane: Akademik İsimler,B2 İleri Akademik İsimler,learner,"acemi, öğrenici, öğrenci",isim,B2,,I'm a fast learner.,Ben hızlı bir öğreniciyim.
Kütüphane: Akademik İsimler,B2 İleri Akademik İsimler,learning,"öğrenme, öğrenim, ilim",isim,B2,,I'm learning a lot.,Çok şey öğreniyorum.
Kütüphane: Sıfatlar & Zarflar,B1-B2 Sık Çıkan Akademik Sıfatlar,least,"en az, asgari, en önemsiz kimse",sıfat,B1,,I can at least try.,En azından deneyebilirim.
Kütüphane: Akademik İsimler,B2 İleri Akademik İsimler,leather,"deri, kayışla dövmek, deri ile donatmak",isim,B2,,It's made of leather.,O deriden yapılmış.
Kütüphane: Akademik Fiiller,B1 Temel Sınav Fiilleri,leave,"bırakmak, ayrılmak, terk etmek",fiil,B1,,I can't leave Tom.,Tom'u terk edemem.
Kütüphane: Akademik İsimler,B1 Temel Akademik İsimler,leaves,"kitap yaprağı, yapraklar",isim,B1,,The train leaves at six.,Tren altıda ayrılır.
Kütüphane: Akademik İsimler,B2 İleri Akademik İsimler,leaving,"ayrılma, terketme, terk",isim,B2,,I'll be leaving now.,Şimdi gitmek üzereyim.
Kütüphane: Akademik İsimler,B2 İleri Akademik İsimler,lecture,"ders anlatmak, konferans vermek, uzun öğüt",isim,B2,,I don't need a lecture.,Bir derse ihtiyacım yok.
Kütüphane: Akademik İsimler,B1 Temel Akademik İsimler,led,"neden olmuş, çok küçük ampul, ışık yayan diyot",isim,B1,,He led a sober life.,"O, gösterişsiz bir hayat sürdü."
Kütüphane: Akademik İsimler,B1 Temel Akademik İsimler,legacy,"miras, kalıt, vasiyetname ile bırakılan mal veya varlık",isim,B1,,The investigation highlighted the critical role of legacy.,Soruşturma miras kavramının kritik rolünü vurguladı.
Kütüphane: Akademik İsimler,B2 İleri Akademik İsimler,leisure,"boş vakit, işsizlik, dinlence",isim,B2,,You can do it at your leisure.,Onu boş zamanınızda yapabilirsiniz.
Kütüphane: Sıfatlar & Zarflar,B1-B2 Sık Çıkan Akademik Sıfatlar,less,"daha az, eksi, daha az şey",sıfat,B1,,I ate less than Tom.,Tom'dan daha az yedim.
Kütüphane: Akademik Fiiller,B1 Temel Sınav Fiilleri,lessen,"eksiltmek, hafifletmek, eksilmek",fiil,B1,diminish,The pain has lessened a little.,Acı biraz azaldı.
Kütüphane: Akademik İsimler,B1 Temel Akademik İsimler,lesson,"ders, azar, hisse",isim,B1,,Is it the last lesson?,Bu son ders mi?
Kütüphane: Akademik Fiiller,B1 Temel Sınav Fiilleri,let,"izin vermek, let - let, vermek",fiil,B1,,Let's go on in.,Evde devam edelim.
Kütüphane: Akademik Fiiller,B1 Temel Sınav Fiilleri,let's,"coşmak, haber vermek, izin vermek",fiil,B1,,The research committee agreed to let's the proposed methodology.,Araştırma komitesi önerilen metodolojiyi coşmak konusunda mutabık kaldı.
Kütüphane: Temel Kelimeler (A1-A2),Günlük İsimler ve Mekanlar,letter,"mektup, harf, basmak",isim,A1,,I sent you a letter.,Sana bir mektup gönderdim.
Kütüphane: Akademik İsimler,B1 Temel Akademik İsimler,level,"seviye, düzey, kademe",isim,B1,,The river level is high.,Nehir seviyesi yüksektir.
Kütüphane: Akademik İsimler,B1 Temel Akademik İsimler,levels,"sel sınıflama derecesi, çehrenin, yüzün üç basamağı",isim,B1,,My cholesterol levels are high.,Benim kolesterol seviyelerim yüksektir.
Kütüphane: Akademik İsimler,B1 Temel Akademik İsimler,life,"yaşam, hayat, can",isim,B1,,I owe him my life.,Ona hayatımı borçluyum.
Kütüphane: Akademik İsimler,B2 İleri Akademik İsimler,lifestyle,"yaşam tarzı, yaşam stili, yaşam biçimi",isim,B2,,Do you live a healthy lifestyle?,Sağlıklı bir yaşam tarzı yaşıyor musunuz?
Kütüphane: Temel Kelimeler (A1-A2),Günlük Eylemler ve Sıfatlar,light,"aydınlık, nur, ışık",fiil,A1,,I ran a red light.,Ben kırmızı ışıkta geçtim.
Kütüphane: Bağlaçlar & Edatlar,Koşul ve Eklemeler,like,"beğenmek, hoşlanmak, sevmek",edat,B1,,I'd like a hug.,Ben sarılmak istiyorum.
Kütüphane: Sıfatlar & Zarflar,Akademik Zarflar (-ly / Derece),likely,"büyük ihtimalle, mantıklı, geleceği parlak",zarf,B1,,He's likely to come.,"O, muhtemelen gelecektir."
Kütüphane: Akademik İsimler,B1 Temel Akademik İsimler,limit,"sınırlandırmak, kısıtlamak, sınırlamak",isim,B1,,I'm over my limit.,Ben sınırımı aştım.
Kütüphane: Akademik İsimler,C1 Üst Düzey Akademik İsimler,limitation,"kısıtlama, sınırlama, limit",isim,C1,,It is important to know your own limitations.,Kendi sınırlarını bilmen önemlidir.
Kütüphane: Akademik İsimler,C1 Üst Düzey Akademik İsimler,limitations,"kısıtlamalar, kısıtlar, sınırlar",isim,C1,,It is important to know your own limitations.,Kendi sınırlarını bilmen önemlidir.
Kütüphane: Sıfatlar & Zarflar,B1-B2 Sık Çıkan Akademik Sıfatlar,limited,"kısıtlı, sınırlı, belirlenmiş",sıfat,B2,,It's a limited-time offer.,Bu sınırlı bir süre teklifi.
Kütüphane: Akademik İsimler,B1 Temel Akademik İsimler,limits,"çerçeve, hudut hatları, sınırlar",isim,B1,,This area's off limits.,Bu alan yasak bölge.
Kütüphane: Akademik İsimler,B1 Temel Akademik İsimler,line,"astarlamak, satır, hat",isim,B1,,I'm next in line.,Ben sırada bir sonrakiyim.
Kütüphane: Akademik İsimler,B2 İleri Akademik İsimler,listener,"dinleyici, dinleyen",isim,B2,,I'm a good listener.,Ben iyi bir dinleyiciyim.
Kütüphane: Akademik İsimler,B2 İleri Akademik İsimler,listening,"dinleme, dinleyiş, dinleyen",isim,B2,,I'm listening to you.,Seni dinliyorum.
Kütüphane: Akademik İsimler,C1 Üst Düzey Akademik İsimler,literature,"literatür, edebiyat, kaynak",isim,C1,,Do you like French literature?,Fransız edebiyatını beğenir misin?
Kütüphane: Sıfatlar & Zarflar,B1-B2 Sık Çıkan Akademik Sıfatlar,little,"ufak, az, küçük",sıfat,B1,,I'm a little fat.,Ben biraz şişmanım.
Kütüphane: Temel Kelimeler (A1-A2),Günlük Eylemler ve Sıfatlar,live,"yaşamak, naklen, oturmak",sıfat,A1,,I live on a boat.,Bir teknede yaşıyorum.
Kütüphane: Akademik İsimler,B1 Temel Akademik İsimler,liver,"karaciğer, ciğer, emaye dalgası",isim,B1,,I need a liver transplant.,Karaciğer nakline ihtiyacım var.
Kütüphane: Sıfatlar & Zarflar,B1-B2 Sık Çıkan Akademik Sıfatlar,living,"canlı, geçinmek, geçim",sıfat,B1,,I'm living here now.,Şimdi burada yaşıyorum.
Kütüphane: Sıfatlar & Zarflar,B1-B2 Sık Çıkan Akademik Sıfatlar,loaded,"yüklü, yüklenmiş, hileli",sıfat,B1,,The gun isn't loaded.,Silah yüklü değil.
Kütüphane: Sıfatlar & Zarflar,B1-B2 Sık Çıkan Akademik Sıfatlar,local,"lokal, yerel, yerli",sıfat,B1,,Is this a local train?,Bu yerel bir tren mi?
Kütüphane: Akademik Fiiller,B1 Temel Sınav Fiilleri,locate,"yerini saptamak, yerini bulmak, yerini tespit etmek",fiil,B1,,We couldn't locate Tom.,Tom'u bulamadık.
Kütüphane: Sıfatlar & Zarflar,B1-B2 Sık Çıkan Akademik Sıfatlar,located,"tespit edilmiş, yeri tayin edilmiş, kain",sıfat,B2,,It's located in Boston.,"O, Boston'da yer almaktadır."
Kütüphane: Akademik İsimler,B2 İleri Akademik İsimler,location,"yer, konum, iskan",isim,B2,,This is an amazing location.,Bu inanılmaz bir yer.
Kütüphane: Sıfatlar & Zarflar,B1-B2 Sık Çıkan Akademik Sıfatlar,logical,"mantıklı, makul, mantığa uygun",sıfat,B2,,It seems logical to me.,Bana mantıklı görünüyor.
Kütüphane: Akademik Fiiller,B1 Temel Sınav Fiilleri,long,"uzun, hasretini çekmek, susamak",fiil,B1,,I won't be long.,Yakında döneceğim.
Kütüphane: Akademik İsimler,B1 Temel Akademik İsimler,longer,"can atan kimse, özlemiş kimse, daha uzun",isim,B1,,I no longer need it.,Artık buna ihtiyacım yok.
Kütüphane: Akademik Fiiller,B1 Temel Sınav Fiilleri,look,"bakmak, görünüş, bakış",fiil,B1,,I've had a look.,Bakıverdim.
Kütüphane: Akademik İsimler,B2 İleri Akademik İsimler,looking,"bakış, görünme, bakma",isim,B2,,He's looking at me.,O bana bakıyor.
Kütüphane: Akademik İsimler,B1 Temel Akademik İsimler,looks,görünüş,isim,B1,,It looks OK to me.,Bu bana iyi görünüyor.
Kütüphane: Akademik İsimler,B1 Temel Akademik İsimler,lorry,"kamyon, alçak, açık",isim,B1,,The investigation highlighted the critical role of lorry.,Soruşturma kamyon kavramının kritik rolünü vurguladı.
Kütüphane: Akademik Fiiller,B1 Temel Sınav Fiilleri,lose,"kaybetmek, yitirmek, lost - lost",fiil,B1,,I won't lose it.,Onu kaybetmeyeceğim.
Kütüphane: Sıfatlar & Zarflar,B1-B2 Sık Çıkan Akademik Sıfatlar,losing,"kaybediş, kaybetme, zarar gören",sıfat,B1,,I'm losing my hair.,Saçımı döküyorum.
Kütüphane: Akademik İsimler,B1 Temel Akademik İsimler,loss,"zarar, kayıp, hasar",isim,B1,,It's a huge loss.,Bu büyük bir kayıp.
Kütüphane: Sıfatlar & Zarflar,B1-B2 Sık Çıkan Akademik Sıfatlar,lost,"kayıp, kaybolmuş, kaybetmek",sıfat,B1,,I think I'm lost.,Sanırım kayboldum.
Kütüphane: Akademik İsimler,B1 Temel Akademik İsimler,lot,"pay, bölüştürmek, taksim etmek",isim,B1,,I do talk a lot.,Ben çok konuşurum.
Kütüphane: Akademik Fiiller,B1 Temel Sınav Fiilleri,lots,"bir sürü, adçekmek, kura çekmek",fiil,B1,,It was lots of fun.,O çok eğlenceliydi.
Kütüphane: Sıfatlar & Zarflar,B1-B2 Sık Çıkan Akademik Sıfatlar,loud,"yüksek, yüksek sesle, kaba",sıfat,B1,,Don't talk so loud.,Yüksek sesle konuşma.
Kütüphane: Akademik Fiiller,B1 Temel Sınav Fiilleri,love,"sevmek, sevda, aşk",fiil,B1,,I'd love to go.,Gitmek istiyorum.
Kütüphane: Akademik İsimler,B1 Temel Akademik İsimler,lower,"düşürmek, alçaltmak, indirmek",isim,B1,,Can you lower the price?,Fiyatı düşürebilir misiniz?
Kütüphane: Akademik İsimler,B2 İleri Akademik İsimler,lowering,"tezellül, alçaltma, indirme",isim,B2,,Are you taking a cholesterol-lowering medication?,Kolestrol düşürücü bir ilaç alıyor musun?
Kütüphane: Akademik İsimler,B1 Temel Akademik İsimler,luck,"şans, talih, akyazı",isim,B1,,I'll try my luck.,Ben şansımı deneyeceğim.
Kütüphane: Sıfatlar & Zarflar,Akademik Zarflar (-ly / Derece),luckily,"çok şükür, talihine, şans eseri",zarf,B2,,"Luckily, we have a plan.",Şansımıza bir planımız var.
Kütüphane: Akademik İsimler,B2 İleri Akademik İsimler,lullabies,ninni,isim,B2,,The investigation highlighted the critical role of lullabies.,Soruşturma ninni kavramının kritik rolünü vurguladı.
Kütüphane: Akademik İsimler,B1 Temel Akademik İsimler,lumber,"kereste, ormanda ağaç kesmek, ağaç kesmek",isim,B1,,We need lumber to build a barn.,Ahır inşa etmek için keresteye ihtiyacımız var.
Kütüphane: Sıfatlar & Zarflar,B1-B2 Sık Çıkan Akademik Sıfatlar,lunar,"ay ile ilgili, kameri, ay",sıfat,B1,,Lunar eclipses can be total or partial.,Ay tutulmaları tam ya da kısmi olabilir.
Kütüphane: Akademik İsimler,"Alan Odaklı İsimler (Sağlık, Fen & Sosyal)",lung,"akciğer, ciğer",isim,B1,,He's got lung cancer.,Onun akciğer kanseri var.
Kütüphane: Akademik İsimler,"Alan Odaklı İsimler (Sağlık, Fen & Sosyal)",lungs,"akciğer, ciğer, akciğerler",isim,B1,,Smoking does damage your lungs.,Sigara içmek akciğerlerinize zarar verir.
Kütüphane: Sıfatlar & Zarflar,B1-B2 Sık Çıkan Akademik Sıfatlar,made,"yapılmış, yapmak  eyleminin ikinci hali, yapılı",sıfat,B1,,I made a U-turn.,U dönüşü yaptım.
Kütüphane: Sıfatlar & Zarflar,B1-B2 Sık Çıkan Akademik Sıfatlar,magic,"sihirbazlık, büyü, sihir",sıfat,B1,,This is a magic wand.,Bu sihirli bir değnek.
Kütüphane: Akademik İsimler,B2 İleri Akademik İsimler,magician,"sihirbaz, büyücü, gözbağcı",isim,B2,,I'm not a magician.,Ben sihirbaz değilim.
Kütüphane: Akademik İsimler,C1 Üst Düzey Akademik İsimler,magician's,"sihirbaz, büyücü, gözbağcı",isim,C1,,The investigation highlighted the critical role of magician's.,Soruşturma sihirbaz kavramının kritik rolünü vurguladı.
Kütüphane: Akademik Fiiller,B2 İleri Akademik Fiiller,maintain,"sürdürmek, bakım yapmak, bakmak",fiil,B2,,We need to maintain focus.,Bizim odakları korumamız gerekiyor.
Kütüphane: Akademik İsimler,C1 Üst Düzey Akademik İsimler,maintaining,"koruma, kollama",isim,C1,,Maintaining that tie is important.,O kravata bakım yapmak önemlidir.
Kütüphane: Akademik İsimler,C1 Üst Düzey Akademik İsimler,maintenance,"bakım, muhafaza, idame",isim,C1,,The website was down for maintenance.,Web sitesi bakım için devre dışıydı.
Kütüphane: Akademik İsimler,B1 Temel Akademik İsimler,major,"asıl, büyük, başlıca",isim,B1,,This is a major issue.,Bu büyük bir sorun.
Kütüphane: Akademik Fiiller,B1 Temel Sınav Fiilleri,make,"yapmak, made - made, katetmek",fiil,B1,,I can't make it.,Ben onu yapamam.
Kütüphane: Akademik İsimler,B1 Temel Akademik İsimler,makes,"bahaneci, beni öldürmeyen şey beni güçlendirir, başarı aptal insanları bilge gibi gösterir",isim,B1,,It makes me feel old.,Bu beni yaşlı hissettiriyor.
Kütüphane: Akademik İsimler,B1 Temel Akademik İsimler,making,"yapma, etme, yapım",isim,B1,,I'm making a list.,Ben bir liste yapıyorum.
Kütüphane: Akademik İsimler,B1 Temel Akademik İsimler,male,"erkek, bay, erkek fiş",isim,B1,,Is that dog male or female?,O köpek erkek mi yoksa dişi mi?
Kütüphane: Temel Kelimeler (A1-A2),Günlük İsimler ve Mekanlar,man,"insan, adam, erkek",isim,A1,,I'm a man now.,Ben artık bir erkeğim.
Kütüphane: Akademik Fiiller,B1 Temel Sınav Fiilleri,manage,"işletmek, idare etmek, yönetmek",fiil,B1,,I think I'll manage.,Becereceğimi sanıyorum.
Kütüphane: Akademik İsimler,C1 Üst Düzey Akademik İsimler,management,"işletme, idare, yönetim",isim,C1,,We're under new management.,Yeni yönetim altındayız.
Kütüphane: Akademik İsimler,B2 İleri Akademik İsimler,manager,"menajer, idareci, yönetici",isim,B2,,I'm not the manager.,Ben yönetici değilim.
Kütüphane: Sıfatlar & Zarflar,B1-B2 Sık Çıkan Akademik Sıfatlar,managing,"yönetme, idare etme, idari",sıfat,B2,,How are you managing it?,Nasıl üstesinden geliyorsun?
Kütüphane: Akademik İsimler,B2 İleri Akademik İsimler,mankind,"insanlık, erkekler, insan soyu",isim,B2,,I fear for the future of mankind.,Ben insanlığın geleceği için korkuyorum.
Kütüphane: Akademik İsimler,B1 Temel Akademik İsimler,mantle,"harmaniye, lamba gömleği, örten şey",isim,B1,,The investigation highlighted the critical role of mantle.,Soruşturma harmaniye kavramının kritik rolünü vurguladı.
Kütüphane: Akademik İsimler,C1 Üst Düzey Akademik İsimler,manufacture,"imal etmek, üretim, uydurmak",isim,C1,,Robots are used to manufacture cars.,Robotlar araba üretmek içindir.
Kütüphane: Akademik İsimler,C1 Üst Düzey Akademik İsimler,manufacturer,"imalatçı, yapımcı, üreticisi",isim,C1,,The manufacturer guaranteed the new machine for 5 years.,Üretici yeni makineye 5 yıl garanti verdi.
Kütüphane: Sıfatlar & Zarflar,B1-B2 Sık Çıkan Akademik Sıfatlar,many,"birçok, çok, çoğu",sıfat,B1,,Don't eat too many.,Çok fazla yeme.
Kütüphane: Akademik İsimler,B1 Temel Akademik İsimler,mark,"işaretlemek, iz, işaret",isim,B1,,I want to leave a mark.,Bir iz bırakmak istiyorum.
Kütüphane: Temel Kelimeler (A1-A2),Günlük İsimler ve Mekanlar,market,"çarşı, pazar, piyasa",isim,A1,,It's a funny market.,Çok komik bir market.
Kütüphane: Akademik İsimler,"Alan Odaklı İsimler (Sağlık, Fen & Sosyal)",marketing,"pazarlama, alışveriş, alışveriş yapma",isim,B2,,He is the head of marketing.,O pazarlama müdürüdür.
Kütüphane: Sıfatlar & Zarflar,B1-B2 Sık Çıkan Akademik Sıfatlar,marvelous,"harika, müthiş, nefis",sıfat,B2,"stunning, dazzling, wonderful",I had a marvelous time.,Harika bir zaman geçirdim.
Kütüphane: Sıfatlar & Zarflar,B1-B2 Sık Çıkan Akademik Sıfatlar,massive,"cüsseli, iri, çok büyük",sıfat,B2,,It's a massive undertaking.,Bu çok büyük bir girişim.
Kütüphane: Akademik İsimler,B1 Temel Akademik İsimler,mate,"mat, ahbap, eş olmak",isim,B1,,Where is the mate to this sock?,Bu çorabın eşi nerede?
Kütüphane: Sıfatlar & Zarflar,B1-B2 Sık Çıkan Akademik Sıfatlar,material,"materyal, madde, malzeme",sıfat,B2,,This material never wears out.,Bu malzeme asla aşınmaz.
Kütüphane: Akademik İsimler,B2 İleri Akademik İsimler,materials,"malzemeler, materyaller, bez",isim,B2,,We got all the materials together.,Bütün malzemeleri toparladık.
Kütüphane: Akademik İsimler,B1 Temel Akademik İsimler,matrix,"kalıp, rahim, matris",isim,B1,,The investigation highlighted the critical role of matrix.,Soruşturma kalıp kavramının kritik rolünü vurguladı.
Kütüphane: Akademik İsimler,B1 Temel Akademik İsimler,matter,"mesele, konu, önem taşımak",isim,B1,,Does it matter to you?,Senin için önemli mi?
Kütüphane: Akademik İsimler,B2 İleri Akademik İsimler,matters,umur,isim,B2,,That's all that matters.,İşte bütün mesele budur.
Kütüphane: Akademik İsimler,B1 Temel Akademik İsimler,may,"mayıs ayı, mayıs, mümkün olmak",isim,B1,,I may do it yet.,Onu henüz yapabilirim.
Kütüphane: Akademik Fiiller,B1 Temel Sınav Fiilleri,maybe,"belki, belki de, haydi",fiil,B1,,Maybe it's a fake.,Belki o bir taklit.
Kütüphane: Akademik İsimler,B1 Temel Akademik İsimler,mayor,"belediye başkanı, belediye reisi",isim,B1,,Aren't you the mayor?,Belediye başkanı sen değil misin?
Kütüphane: Temel Kelimeler (A1-A2),Günlük İsimler ve Mekanlar,me,"ben, mi, beni",zamir,B1,,It's up to me.,Bu bana bağlı.
Kütüphane: Temel Kelimeler (A1-A2),Günlük İsimler ve Mekanlar,meal,"öğün, yemek, sofra",isim,A1,,I had a nice meal.,Güzel bir yemek yedim.
Kütüphane: Sıfatlar & Zarflar,C1 İleri Niteleme Sıfatları,meaningless,"manasız, anlamsız, ipsiz sapsız",sıfat,C1,,Life is meaningless without you.,Sensiz hayat anlamsız.
Kütüphane: Akademik İsimler,B1 Temel Akademik İsimler,means,"araç, vasıta, vesile",isim,B1,,Do it by all means.,Her ne şekilde olursa olsun onu yap.
Kütüphane: Akademik İsimler,B2 İleri Akademik İsimler,measure,"ölçmek, önlem, ölçü",isim,B2,,I didn't measure it.,Onu ölçmedim.
Kütüphane: Akademik İsimler,C1 Üst Düzey Akademik İsimler,measurement,"ölçüm, ölçü, mesaha",isim,C1,,That's an exact measurement.,O bir tam ölçüm.
Kütüphane: Akademik İsimler,C1 Üst Düzey Akademik İsimler,measurements,"ölçüler, ölçü birimi",isim,C1,,The measurements must be precise.,Ölçümler hassas olmalı.
Kütüphane: Akademik İsimler,B2 İleri Akademik İsimler,measures,"had, miktar, önlem",isim,B2,,Such measures were not necessary.,Böylesine önlemler gerekli değildi.
Kütüphane: Akademik İsimler,B2 İleri Akademik İsimler,measuring,"değer biçme, ölçüm, ölçü",isim,B2,,The carpenter is measuring the floor.,Marangoz döşemeyi ölçüyor.
Kütüphane: Akademik İsimler,B1 Temel Akademik İsimler,media,"medya, basın, radyo",isim,B1,,Don't believe the media.,Medyaya inanma.
Kütüphane: Sıfatlar & Zarflar,B1-B2 Sık Çıkan Akademik Sıfatlar,medial,"ortada olan, medial, vasat",sıfat,B1,,The empirical results of the study were remarkably medial.,Çalışmanın ampirik sonuçlarının son derece ortada olan olduğu görüldü.
Kütüphane: Sıfatlar & Zarflar,B1-B2 Sık Çıkan Akademik Sıfatlar,medic,"kabayonca, doktor, korunga",sıfat,B1,,The medic ripped open Tom's shirt and took a look at the wound.,"Doktor, Tom'un gömleğini yırtarak açtı ve yaraya göz attı."
Kütüphane: Sıfatlar & Zarflar,B1-B2 Sık Çıkan Akademik Sıfatlar,medical,"medikal, tıbbi, tıp",sıfat,B2,,He is a medical student.,O bir tıp öğrencisidir.
Kütüphane: Akademik Fiiller,B2 İleri Akademik Fiiller,medicate,"ilaçla tedavi etmek, ilaç vermek, içine ilaç katmak",fiil,B2,treat,The research committee agreed to medicate the proposed methodology.,Araştırma komitesi önerilen metodolojiyi ilaçla tedavi etmek konusunda mutabık kaldı.
Kütüphane: Akademik İsimler,"Alan Odaklı İsimler (Sağlık, Fen & Sosyal)",medication,"ilaç, ilaç tedavisi, iyileştirme",isim,C1,"treatment, medicine, drug, cure",I don't need medication.,Benim ilaca ihtiyacım yok.
Kütüphane: Akademik İsimler,"Alan Odaklı İsimler (Sağlık, Fen & Sosyal)",medicine,"tıp, ilaç, katlanmak",isim,B2,medication,I have to take medicine.,İlaç almak zorundayım.
Kütüphane: Akademik İsimler,"Alan Odaklı İsimler (Sağlık, Fen & Sosyal)",medics,"kabayonca, doktor, korunga",isim,B1,,The investigation highlighted the critical role of medics.,Soruşturma kabayonca kavramının kritik rolünü vurguladı.
Kütüphane: Akademik İsimler,B1 Temel Akademik İsimler,medium,"orta, çevre, çare",isim,B1,,I like my steak medium.,Bifteğimi orta büyüklükte severim.
Kütüphane: Akademik İsimler,B2 İleri Akademik İsimler,melodies,"melodi, terane, nağme",isim,B2,,The investigation highlighted the critical role of melodies.,Soruşturma melodi kavramının kritik rolünü vurguladı.
Kütüphane: Akademik İsimler,B1 Temel Akademik İsimler,melody,"melodi, terane, nağme",isim,B1,,That's an eerie melody.,Bu ürkütücü bir melodi.
Kütüphane: Akademik Fiiller,B1 Temel Sınav Fiilleri,melt,"eritmek, erimek, ergitmek",fiil,B1,,The snow has begun to melt.,Kar erimeye başladı.
Kütüphane: Akademik İsimler,B2 İleri Akademik İsimler,melting,"ergime, eritme, eri",isim,B2,,The ice cream is melting.,Dondurma eriyor.
Kütüphane: Akademik İsimler,"Alan Odaklı İsimler (Sağlık, Fen & Sosyal)",member,"üye, organ, mensup",isim,B1,,I'm not a member.,Ben üye değilim.
Kütüphane: Akademik İsimler,B2 İleri Akademik İsimler,members,üyeler,isim,B2,,Who are the voting members?,Oy veren üyeler kimler?
Kütüphane: Akademik İsimler,B1 Temel Akademik İsimler,men,"erkekler, işçiler, adamlar",isim,B1,,You and I are men.,Sen ve ben erkeğiz.
Kütüphane: Sıfatlar & Zarflar,B1-B2 Sık Çıkan Akademik Sıfatlar,mental,"akli, zihinsel, ruhsal",sıfat,B1,,I had a mental breakdown.,Ruhsal sinir bozuntum vardı.
Kütüphane: Sıfatlar & Zarflar,B1-B2 Sık Çıkan Akademik Sıfatlar,met,karşılaşılan,sıfat,B1,,I'm glad we met.,Tanıştığımıza memnun oldum.
Kütüphane: Akademik İsimler,B1 Temel Akademik İsimler,meter,"sayaç, metre, saat ile ölçmek",isim,B1,,We ran a hundred-meter dash.,Biz yüz metre koştuk.
Kütüphane: Akademik İsimler,B1 Temel Akademik İsimler,method,"metot, usul, yöntem",isim,B1,,That method didn't work.,O yöntem işe yaramadı.
Kütüphane: Akademik İsimler,B2 İleri Akademik İsimler,methods,yöntemler,isim,B2,,Tom's methods were unorthodox.,Tom'un yöntemleri alışılmışın dışındaydı.
Kütüphane: Sıfatlar & Zarflar,Akademik Zarflar (-ly / Derece),meticulously,"özenle, titizlikle, özenli biçimde",zarf,C1,,The school was meticulously clean.,Okul özenle temizlendi.
Kütüphane: Akademik İsimler,B1 Temel Akademik İsimler,mice,fareler,isim,B1,,I'm afraid of mice.,Farelerden korkarım.
Kütüphane: Akademik Fiiller,B1 Temel Sınav Fiilleri,might,"mümkün olmak, olası olmak, -abilir",fiil,B1,,It might be a trap.,O bir tuzak olabilir.
Kütüphane: Akademik İsimler,"Alan Odaklı İsimler (Sağlık, Fen & Sosyal)",million,milyon,isim,B2,,I know a million jokes.,Bir milyon fıkra biliyorum.
Kütüphane: Akademik İsimler,B1 Temel Akademik İsimler,mind,"önemsemek, aldırmak, akıl",isim,B1,,I don't mind it.,Ben onu umursamıyorum.
Kütüphane: Akademik İsimler,B1 Temel Akademik İsimler,minor,"rüştünü ispat etmemiş kimse, reşit olmayan kimse, ergin olmayan kimse",isim,B1,,I'm still a minor.,Ben hala küçüğüm.
Kütüphane: Temel Kelimeler (A1-A2),Günlük Eylemler ve Sıfatlar,minute,"dakika, zabıt tutmak, tutanak tutmak",sıfat,A1,,Can I have a minute?,Bir dakikanızı alabilir miyim?
Kütüphane: Sıfatlar & Zarflar,B1-B2 Sık Çıkan Akademik Sıfatlar,missing,"özlem, özleme, noksan",sıfat,B2,,I'm missing a sock.,Ben bir çorabı kaybediyorum.
Kütüphane: Akademik İsimler,B2 İleri Akademik İsimler,mission,"vazife, misyon, görev",isim,B2,,We're on a mission.,Biz bir görevdeyiz.
Kütüphane: Akademik Fiiller,B1 Temel Sınav Fiilleri,misuse,"suistimal etmek, istismar etmek, hatalı kullanmak",fiil,B1,,It's a blatant misuse of public money.,Bu halkın parasını çarçur etmekten başka bir şey değil.
Kütüphane: Akademik Fiiller,B1 Temel Sınav Fiilleri,mix,"karıştırmak, karışım, karışmak",fiil,B1,,Don't mix me up.,Beni karıştırmayın.
Kütüphane: Akademik İsimler,B1 Temel Akademik İsimler,model,"model, manken, modellik etmek",isim,B1,,It's an older model.,Bu daha eski bir model.
Kütüphane: Sıfatlar & Zarflar,B1-B2 Sık Çıkan Akademik Sıfatlar,modern,"çağdaş, modern, modern kimse",sıfat,B1,,She's a modern girl.,O modern bir kızdır.
Kütüphane: Akademik İsimler,B2 İleri Akademik İsimler,modernist,"yenilikçi, modernist",isim,B2,,The investigation highlighted the critical role of modernist.,Soruşturma yenilikçi kavramının kritik rolünü vurguladı.
Kütüphane: Sıfatlar & Zarflar,C1 İleri Niteleme Sıfatları,modernized,"modernize, modernleştirilmiş",sıfat,C1,,The empirical results of the study were remarkably modernized.,Çalışmanın ampirik sonuçlarının son derece modernize olduğu görüldü.
Kütüphane: Akademik İsimler,B1 Temel Akademik İsimler,moist,"rutubetli, nemli, ıslak",isim,B1,,It's moist and warm.,Nemli ve sıcak.
Kütüphane: Akademik İsimler,B1 Temel Akademik İsimler,moment,"an, önem, cevher",isim,B1,,Can I have a moment?,Bir dakika alabilir miyim?
Kütüphane: Sıfatlar & Zarflar,B1-B2 Sık Çıkan Akademik Sıfatlar,momentary,"bir anlık, sürekli olmayan, sadece bir an devam eden",sıfat,B2,,The empirical results of the study were remarkably momentary.,Çalışmanın ampirik sonuçlarının son derece bir anlık olduğu görüldü.
Kütüphane: Akademik Fiiller,B2 İleri Akademik Fiiller,monetize,"para olarak tedavüle koymak, parayı yasal olarak kullanma yetkisi vermek, para basmak",fiil,B2,,The research committee agreed to monetize the proposed methodology.,Araştırma komitesi önerilen metodolojiyi para olarak tedavüle koymak konusunda mutabık kaldı.
Kütüphane: Akademik İsimler,B2 İleri Akademik İsimler,monitor,"izlemek, gözlemek, monitör",isim,B2,,Parents should monitor their children's activities.,"Anne babalar, çocuklarının etkinliklerini izlemelidirler."
Kütüphane: Sıfatlar & Zarflar,B1-B2 Sık Çıkan Akademik Sıfatlar,monitored,"izlenen, gözlenen",sıfat,B2,,The U.N. monitored the country's elections.,Birleşmiş Milletler ülkedeki seçimleri izledi.
Kütüphane: Sıfatlar & Zarflar,C1 İleri Niteleme Sıfatları,monotonous,"monoton, monotonluk, yavan",sıfat,C1,,She says her life is monotonous.,Yaşantısının monoton olduğunu söylüyor.
Kütüphane: Temel Kelimeler (A1-A2),Günlük İsimler ve Mekanlar,month,"ay, yılın on iki bölümünden her biri",isim,A1,,I'll go next month.,Gelecek ay gideceğim.
Kütüphane: Akademik İsimler,B1 Temel Akademik İsimler,months,aylar,isim,B1,,See you in three months.,Üç ay içinde görüşürüz.
Kütüphane: Temel Kelimeler (A1-A2),Günlük İsimler ve Mekanlar,moon,"ay, dalıp kendi hayalleriyle başbaşa kalmak, dalgın dalgın dolaşmak",isim,A1,,It's a full moon.,Bu bir dolunay.
Kütüphane: Akademik Fiiller,B1 Temel Sınav Fiilleri,more,"daha fazla, daha, fazla şey",fiil,B1,,I'll say no more.,Ben artık söylemiyeceğim.
Kütüphane: Akademik İsimler,B2 İleri Akademik İsimler,morning,"sabah, sabah vakti, başlama",isim,B2,,I had a busy morning.,Yoğun bir sabah geçirdim.
Kütüphane: Akademik İsimler,B2 İleri Akademik İsimler,mortality,"ölümlülük, fanilik, ölüm oranı",isim,B2,,The mortality rate has fallen.,Ölüm oranı düştü.
Kütüphane: Akademik İsimler,B1 Temel Akademik İsimler,mosque,"mescit, cami",isim,B1,,I have to go to the mosque.,Camiye gitmek zorundayım.
Kütüphane: Akademik İsimler,B2 İleri Akademik İsimler,mosquito,"sivrisinek, moskuito",isim,B2,,A mosquito just bit me.,Bir sivrisinek az önce beni ısırdı.
Kütüphane: Sıfatlar & Zarflar,B1-B2 Sık Çıkan Akademik Sıfatlar,most,"en, en çok, en fazlası",sıfat,B1,,I love you the most.,En çok seni seviyorum.
Kütüphane: Sıfatlar & Zarflar,C1 İleri Niteleme Sıfatları,motionless,"hareketsiz, duruk, devinimsiz",sıfat,C1,,A cat jumped onto the chair and lay motionless.,Bir kedi sandalyeye atladı ve hareketsiz yatıyor.
Kütüphane: Sıfatlar & Zarflar,B1-B2 Sık Çıkan Akademik Sıfatlar,motive,"güdü, motif, motive etmek",sıfat,B1,,What was Tom's motive for doing that?,Tom'un bunu yapmasının nedeni neydi?
Kütüphane: Temel Kelimeler (A1-A2),Günlük İsimler ve Mekanlar,mouse,"fare, fare avlamak, fare tutmak",isim,A1,,I need a mouse pad.,Bir fare altlığına ihtiyacım var.
Kütüphane: Akademik İsimler,B2 İleri Akademik İsimler,movement,"hareket, gidiş, saatin parçaları",isim,B2,,He was the leader of the movement.,"O, hareketin lideriydi."
Kütüphane: Akademik İsimler,B1 Temel Akademik İsimler,movie,"film, sinema, sinema filmi",isim,B1,,I'm a movie buff.,Ben bir filmkoliğim.
Kütüphane: Akademik Fiiller,B1 Temel Sınav Fiilleri,much,"fazla, çok, çok şey",fiil,B1,,I don't do much.,Ben fazla yapmam.
Kütüphane: Sıfatlar & Zarflar,B1-B2 Sık Çıkan Akademik Sıfatlar,multi,"birden çok, çoklu, çok",sıfat,B1,,Most computers made today are equipped with multi-core processors.,Bugün yapılan çoğu bilgisayar çok çekirdekli işlemcilerle donatılmıştır.
Kütüphane: Sıfatlar & Zarflar,C1 İleri Niteleme Sıfatları,multicultural,"multikültürel, çok kültürlü",sıfat,C1,,The empirical results of the study were remarkably multicultural.,Çalışmanın ampirik sonuçlarının son derece multikültürel olduğu görüldü.
Kütüphane: Sıfatlar & Zarflar,C1 İleri Niteleme Sıfatları,multifunctional,"çok fonksiyonlu cihaz, çok fonksiyonlu yazıcı, multifonksiyonel peptid",sıfat,C1,,The empirical results of the study were remarkably multifunctional.,Çalışmanın ampirik sonuçlarının son derece çok fonksiyonlu cihaz olduğu görüldü.
Kütüphane: Akademik İsimler,B1 Temel Akademik İsimler,murder,"cinayet işlemek, öldürmek, öldürme",isim,B1,,He is guilty of murder.,O cinayetten suçludur.
Kütüphane: Akademik İsimler,B2 İleri Akademik İsimler,murderer,"katil, kıyacı, cani",isim,B2,,I'm not a murderer.,Ben bir katil değilim.
Kütüphane: Temel Kelimeler (A1-A2),Günlük Eylemler ve Sıfatlar,music,"müzik, ahenk, nağme",sıfat,A1,,I am fond of music.,Ben müziği çok severim.
Kütüphane: Sıfatlar & Zarflar,B1-B2 Sık Çıkan Akademik Sıfatlar,musical,"müzikli, müziğe ait, müzikal",sıfat,B2,,This play is a musical.,Bu oyun bir müzikaldir.
Kütüphane: Temel Kelimeler (A1-A2),Günlük İsimler ve Mekanlar,musician,"müzisyen, şarkıcı, çalgıcı",isim,A1,,Aren't you a musician?,Sen bir müzisyen değil misin?
Kütüphane: Akademik İsimler,B2 İleri Akademik İsimler,musicians,"çalgıcılar, müzisyenler",isim,B2,,Aren't you two musicians?,Siz ikiniz müzisyen değil misiniz?
Kütüphane: Akademik İsimler,B1 Temel Akademik İsimler,must,"gerekmek, -malı, -meli",isim,B1,,I must do it now.,Onu şimdi yapmalıyım.
Kütüphane: Akademik İsimler,B2 İleri Akademik İsimler,mutation,"mutasyon, dönüşme, değişim",isim,B2,,The investigation highlighted the critical role of mutation.,Soruşturma mutasyon kavramının kritik rolünü vurguladı.
Kütüphane: Akademik İsimler,B1 Temel Akademik İsimler,my,"benim, bana ait",isim,B1,,I'm in my car.,Arabamın içindeyim.
Kütüphane: Sıfatlar & Zarflar,C1 İleri Niteleme Sıfatları,mysterious,"esrarengiz, gizemli, anlaşılmaz",sıfat,C1,,Tom's death was mysterious.,Tom'un ölümü gizemliydi.
Kütüphane: Akademik İsimler,B2 İleri Akademik İsimler,mystery,"sır, esrar, gizem",isim,B2,,It's still a mystery.,Hâlâ gizemini koruyor.
Kütüphane: Sıfatlar & Zarflar,B1-B2 Sık Çıkan Akademik Sıfatlar,mystical,"gizemli, gizemcil, esrarlı",sıfat,B2,,The empirical results of the study were remarkably mystical.,Çalışmanın ampirik sonuçlarının son derece gizemli olduğu görüldü.
Kütüphane: Sıfatlar & Zarflar,B1-B2 Sık Çıkan Akademik Sıfatlar,natural,"tabii, doğuştan, natürel",sıfat,B2,,I think it's natural.,Ben bunun doğal olduğunu düşünüyorum.
Kütüphane: Akademik İsimler,"Alan Odaklı İsimler (Sağlık, Fen & Sosyal)",nature,"mahiyet, doğa, tabiat",isim,B1,,He has a mild nature.,Onun ılımlı bir doğası var.
Kütüphane: Akademik Fiiller,B2 İleri Akademik Fiiller,navigate,"gemi ile geçmek, seyretmek, dümen tutmak",fiil,B2,"steer, pilot, maneuver",The research committee agreed to navigate the proposed methodology.,Araştırma komitesi önerilen metodolojiyi gemi ile geçmek konusunda mutabık kaldı.
Kütüphane: Bağlaçlar & Edatlar,Koşul ve Eklemeler,near,"yakın, yakınlaşmak, yaklaşmak",edat,A1,,Don't go near Tom.,Tom'a yaklaşma.
Kütüphane: Sıfatlar & Zarflar,Akademik Zarflar (-ly / Derece),nearly,"hemen hemen, neredeyse, az kaldı",zarf,B1,,A car nearly hit Tom.,Tom'a neredeyse bir araba çarpıyordu.
Kütüphane: Sıfatlar & Zarflar,B1-B2 Sık Çıkan Akademik Sıfatlar,necessary,"gereken, gerekli, gereken şey",sıfat,B2,,I think it's necessary.,Sanırım o gerekli.
Kütüphane: Akademik Fiiller,C1 Üst Düzey Paragraf Fiilleri,necessitate,"gerektirmek, gerekli kılmak, zorunlu kılmak",fiil,C1,,The research committee agreed to necessitate the proposed methodology.,Araştırma komitesi önerilen metodolojiyi gerektirmek konusunda mutabık kaldı.
Kütüphane: Akademik İsimler,B1 Temel Akademik İsimler,need,"ihtiyaç duymak, gerek, gereksinim",isim,B1,,Do I need a tie?,Bir kravata ihtiyacım var mı?
Kütüphane: Sıfatlar & Zarflar,B1-B2 Sık Çıkan Akademik Sıfatlar,needed,"lazım, ihtiyaç duyulan, gerek",sıfat,B1,,I got what I needed.,İhtiyacım olanı aldım.
Kütüphane: Sıfatlar & Zarflar,B1-B2 Sık Çıkan Akademik Sıfatlar,negative,"negatif, olumsuz, menetmek",sıfat,B2,,Don't be so negative.,Bu kadar olumsuz olma.
Kütüphane: Akademik İsimler,C1 Üst Düzey Akademik İsimler,neighborhood,"mahalle, muhit, komşular",isim,C1,,It's a bad neighborhood.,Bu kötü bir mahalle.
Kütüphane: Akademik İsimler,B2 İleri Akademik İsimler,neither,"hiçbir, ikisinden hiçbiri, ne bu ne öteki",isim,B2,,He knows neither of us.,"O, hiçbirimizi tanımaz."
Kütüphane: Akademik İsimler,B2 İleri Akademik İsimler,networks,"kütüphane bilgi ağları, veri depolama ağı, bilgi ağları",isim,B2,,People talk a lot about social networks these days.,İnsanlar bu günlerde sosyal ağlar hakkında çok şey konuşuyorlar.
Kütüphane: Sıfatlar & Zarflar,B1-B2 Sık Çıkan Akademik Sıfatlar,new,"yeni, yeni olan şey, ilk evre",sıfat,B1,,I got a new job.,Yeni bir işim var.
Kütüphane: Sıfatlar & Zarflar,Akademik Zarflar (-ly / Derece),newly,"yeni, yeni olarak, yakın zamanlarda",zarf,B1,,Newly printed books smell good.,Yeni basılmış kitaplar güzel kokuyor.
Kütüphane: Sıfatlar & Zarflar,B1-B2 Sık Çıkan Akademik Sıfatlar,next,"sonraki, bir sonra gelen şey, önümüzdeki",sıfat,B1,,I'm next in line.,Ben sırada bir sonrakiyim.
Kütüphane: Sıfatlar & Zarflar,Akademik Zarflar (-ly / Derece),nicely,"hoşça, hoş, iyi",zarf,B1,,It has worked out nicely.,Bu güzelce işe yaradı.
Kütüphane: Temel Kelimeler (A1-A2),Günlük İsimler ve Mekanlar,night,"gece, gecelemek, gece geçirmek",isim,A1,,I'm a night owl.,Ben bir gece kuşuyum.
Kütüphane: Akademik İsimler,B1 Temel Akademik İsimler,nights,"geceler, geceleri",isim,B1,,We stayed for three nights.,Biz üç gece boyunca kaldık.
Kütüphane: Akademik İsimler,B1 Temel Akademik İsimler,nile,nil nehri,isim,B1,,How long is the Nile River?,Nil Nehrinin uzunluğu ne kadar?
Kütüphane: Temel Kelimeler (A1-A2),Günlük İsimler ve Mekanlar,nine,"dokuz, dokuzu, 9",isim,A1,,I'm on cloud nine.,İçim içime sığmıyor.
Kütüphane: Akademik İsimler,B1 Temel Akademik İsimler,no,"hayır, aleyhte oy, red",isim,B1,,I can't say no.,Ben hayır diyemem.
Kütüphane: Temel Kelimeler (A1-A2),Günlük İsimler ve Mekanlar,nobody,"hiç kimse, bir hiç, hiç",zamir,B1,,I am just a nobody.,Ben bir hiçim.
Kütüphane: Akademik Fiiller,B1 Temel Sınav Fiilleri,noise,"ses, gürültü, gürültü etmek",fiil,B1,,Don't make a noise.,Gürültü yapmayın.
Kütüphane: Sıfatlar & Zarflar,B1-B2 Sık Çıkan Akademik Sıfatlar,noisy,"gürültücü, gürültülü, patırtılı",sıfat,B1,,It's noisy in here.,Burası gürültülü.
Kütüphane: Bağlaçlar & Edatlar,Koşul ve Eklemeler,nor,"ne de, ne, nor operatörü",bağlaç,B1,,He can't see nor hear.,O ne görebilir ne de duyabilir.
Kütüphane: Akademik İsimler,B1 Temel Akademik İsimler,norm,"kaide, standart, düstur",isim,B1,,The investigation highlighted the critical role of norm.,Soruşturma kaide kavramının kritik rolünü vurguladı.
Kütüphane: Sıfatlar & Zarflar,B1-B2 Sık Çıkan Akademik Sıfatlar,normal,"olağan, normal, standart",sıfat,B1,,I'm a normal guy.,Ben normal bir adamım.
Kütüphane: Sıfatlar & Zarflar,Akademik Zarflar (-ly / Derece),normally,"normalde, normal bir şekilde, genelde",zarf,B2,,I don't normally lie.,Normalde yalan söylemem.
Kütüphane: Akademik İsimler,B1 Temel Akademik İsimler,norms,"normlar, sosyal grup için ortak olan davranış veya fikir standartları",isim,B1,,The investigation highlighted the critical role of norms.,Soruşturma normlar kavramının kritik rolünü vurguladı.
Kütüphane: Akademik Fiiller,B1 Temel Sınav Fiilleri,not,"olumsuzluk, hükümsüzlük, gayri",fiil,B1,,I'm not a cop.,Ben bir polis değilim.
Kütüphane: Sıfatlar & Zarflar,B1-B2 Sık Çıkan Akademik Sıfatlar,notable,"göze çarpan, dikkate değer, tanınmış kimse",sıfat,B2,,Statues of Buddha are notable works of Japanese art.,Buda heykelleri Japon sanatının önemli eserleridirler.
Kütüphane: Bağlaçlar & Edatlar,Zıtlık ve Karşılaştırma,notwithstanding,"buna rağmen, bağlı olmaksızın, gerçi",bağlaç,B2,,"Notwithstanding rigorous clinical testing, some uncertainty remained.",Kapsamlı klinik testlere rağmen / esnasında (buna rağmen) bazı belirsizlikler devam etti.
Kütüphane: Sıfatlar & Zarflar,C1 İleri Niteleme Sıfatları,nourishing,"besi, besleyici, besin değeri yüksek",sıfat,C1,,This food's not nourishing enough.,Bu yiyecek yeterince besleyici değil.
Kütüphane: Sıfatlar & Zarflar,B1-B2 Sık Çıkan Akademik Sıfatlar,novel,"roman, acayip, yeni",sıfat,B1,,It's just a novel.,Bu sadece bir roman.
Kütüphane: Akademik Fiiller,B1 Temel Sınav Fiilleri,now,"şimdi, şu anda, şimdiki zaman",fiil,B1,,I'm a man now.,Ben artık bir erkeğim.
Kütüphane: Akademik İsimler,B1 Temel Akademik İsimler,number,"numaralamak, saymak, sayı",isim,B1,,Here's Tom's number.,İşte Tom'un numarası.
Kütüphane: Akademik İsimler,B2 İleri Akademik İsimler,numbers,"şiir, çokluk, sayılar",isim,B2,,Are you good with numbers?,Sayılarla aran iyi mi?
Kütüphane: Sıfatlar & Zarflar,B1-B2 Sık Çıkan Akademik Sıfatlar,numerous,"sayısız, birçok, pek çok",sıfat,B2,,I've done that numerous times.,Bunu defalarca yaptım.
Kütüphane: Akademik İsimler,B2 İleri Akademik İsimler,nursing,"bakma, doğum, emzirme",isim,B2,,"Your mother is in a nursing home, isn't she?","Annen bir huzur evinde, değil mi?"
Kütüphane: Akademik İsimler,B2 İleri Akademik İsimler,nurturing,"besleme, büyütme, anaç",isim,B2,,The investigation highlighted the critical role of nurturing.,Soruşturma besleme kavramının kritik rolünü vurguladı.
Kütüphane: Akademik İsimler,B2 İleri Akademik İsimler,nutrient,"besin maddesi, gıda, besleyici madde",isim,B2,,Fresh vegetables contain many nutrients.,Taze sebzeler birçok besin içerir.
Kütüphane: Sıfatlar & Zarflar,C1 İleri Niteleme Sıfatları,nutritional,"beslenme ile ilgili, nutrisyonel, besin",sıfat,C1,,Sugary drinks have no nutritional value and contribute significantly to weight gain.,Şekerli içeceklerin hiçbir besin değeri yoktur ve kilo almaya önemli ölçüde etki ederler.
Kütüphane: Akademik İsimler,C1 Üst Düzey Akademik İsimler,nutritionist,"diyetisyen, beslenme uzmanı, nütritiyonist",isim,C1,,The investigation highlighted the critical role of nutritionist.,Soruşturma diyetisyen kavramının kritik rolünü vurguladı.
Kütüphane: Akademik İsimler,B1 Temel Akademik İsimler,ob,"obi nehri, ob, doğum ve gebelik bilimi",isim,B1,,The investigation highlighted the critical role of ob.,Soruşturma obi nehri kavramının kritik rolünü vurguladı.
Kütüphane: Akademik İsimler,B1 Temel Akademik İsimler,object,"itiraz etmek, razı olmamak, karşı çıkmak",isim,B1,,That wasn't my object.,Benim amacım o değildi.
Kütüphane: Akademik İsimler,B2 İleri Akademik İsimler,objection,"mahzur, karşı gelme, itiraz",isim,B2,,Do you have any objection?,Herhangi bir itirazınız var mı?
Kütüphane: Sıfatlar & Zarflar,C1 İleri Niteleme Sıfatları,obligatory,"mecburi, zorunlu, vacip",sıfat,C1,,The empirical results of the study were remarkably obligatory.,Çalışmanın ampirik sonuçlarının son derece mecburi olduğu görüldü.
Kütüphane: Sıfatlar & Zarflar,B1-B2 Sık Çıkan Akademik Sıfatlar,obscure,"saklamak, gizlemek, karartmak",sıfat,B2,,The meaning is still obscure to me.,Anlam benim için hâlâ anlaşılmaz.
Kütüphane: Akademik İsimler,C1 Üst Düzey Akademik İsimler,observation,"gözetleme, gözlem, rasat",isim,C1,,Can I make one observation?,Ben bir gözlem yapabilir miyim?
Kütüphane: Akademik Fiiller,B2 İleri Akademik Fiiller,observe,"gözlemlemek, gözlem yapmak, gözetlemek",fiil,B2,,I'm just here to observe.,Ben sadece gözlemek için buradayım.
Kütüphane: Sıfatlar & Zarflar,B1-B2 Sık Çıkan Akademik Sıfatlar,observed,"gözlenmiş, gözlenen",sıfat,B2,,I noticed I was being observed.,Gözlenmekte olduğumu fark ettim.
Kütüphane: Akademik İsimler,B2 İleri Akademik İsimler,obstacle,"mani, engel, tebelleş",isim,B2,,Bad weather is no obstacle.,Kötü hava engel değildir.
Kütüphane: Akademik Fiiller,B2 İleri Akademik Fiiller,obstruct,"engellemek, menetmeye çalışmak, tıkanmak",fiil,B2,,A large pillar obstructs the view of the lake.,Büyük bir direk göl manzarasını engelliyor.
Kütüphane: Akademik Fiiller,B1 Temel Sınav Fiilleri,obtain,"edinmek, elde etmek, almak",fiil,B1,,It was easy to obtain.,Onu elde etmek kolaydı.
Kütüphane: Sıfatlar & Zarflar,B1-B2 Sık Çıkan Akademik Sıfatlar,obtained,"elde edilen, elde edilmiş, elde edildi",sıfat,B2,,I obtained the painting at an auction.,Bir açık artırmada tablo satın aldım.
Kütüphane: Akademik İsimler,B2 İleri Akademik İsimler,obtaining,"edinme, temin",isim,B2,,The investigation highlighted the critical role of obtaining.,Soruşturma edinme kavramının kritik rolünü vurguladı.
Kütüphane: Akademik İsimler,"Alan Odaklı İsimler (Sağlık, Fen & Sosyal)",ocean,"okyanus, umman, derya",isim,B1,,I can smell the ocean.,Okyanusun kokusunu alabiliyorum.
Kütüphane: Bağlaçlar & Edatlar,Koşul ve Eklemeler,of,"karşı, olan, hakkında",edat,A1,,I'm one of you.,Ben sizden biriyim.
Kütüphane: Bağlaçlar & Edatlar,Koşul ve Eklemeler,off,"kapalı, dışında, kalkmak",edat,B1,,I'm off to bed.,Yatmaya gidiyorum.
Kütüphane: Akademik İsimler,B2 İleri Akademik İsimler,offenses,"siyasal suçlar ve suçlular, çevreye karşı suçlar, mala karşı suçlar",isim,B2,,The investigation highlighted the critical role of offenses.,Soruşturma siyasal suçlar ve suçlular kavramının kritik rolünü vurguladı.
Kütüphane: Akademik İsimler,B1 Temel Akademik İsimler,offer,"teklif vermek, önermek, teklif etmek",isim,B1,,I got a job offer.,Bir iş teklifi aldım.
Kütüphane: Akademik İsimler,B1 Temel Akademik İsimler,oil,"yağ, yağ çekmek, yağcılık yapmak",isim,B1,,Give me the olive oil.,Bana zeytinyağı ver.
Kütüphane: Akademik İsimler,B1 Temel Akademik İsimler,oils,yağlar,isim,B1,,The investigation highlighted the critical role of oils.,Soruşturma yağlar kavramının kritik rolünü vurguladı.
Kütüphane: Sıfatlar & Zarflar,B1-B2 Sık Çıkan Akademik Sıfatlar,old,"eskimiş, eski, yaşlı",sıfat,B1,,I'm an old man.,Ben yaşlı bir adamım.
Kütüphane: Sıfatlar & Zarflar,B1-B2 Sık Çıkan Akademik Sıfatlar,olive,"zeytin, zeytin yeşili, zeytin rengi",sıfat,B1,,Give me the olive oil.,Bana zeytinyağı ver.
Kütüphane: Sıfatlar & Zarflar,B1-B2 Sık Çıkan Akademik Sıfatlar,olympic,olimpik,sıfat,B2,,He took part in the Olympic Games.,Olimpiyat oyunlarına katıldı.
Kütüphane: Bağlaçlar & Edatlar,Koşul ve Eklemeler,on,"üstünde, üzerinde, yanmak",edat,A1,,I can't go on.,Ben devam edemem.
Kütüphane: Akademik İsimler,B1 Temel Akademik İsimler,one,"bir, tek, biri",isim,B1,,I'm one of you.,Ben sizden biriyim.
Kütüphane: Sıfatlar & Zarflar,B1-B2 Sık Çıkan Akademik Sıfatlar,ongoing,"süregiden, sürmekte olan, süregitmekte olan",sıfat,B2,,It's an ongoing process.,Bu devam eden bir süreç.
Kütüphane: Akademik Fiiller,B1 Temel Sınav Fiilleri,only,"tek, sırf, yalnızca",fiil,B1,,I'm only a man.,Ben sadece bir insanım.
Kütüphane: Bağlaçlar & Edatlar,Koşul ve Eklemeler,onto,"üstüne, üzerine, onto",edat,B1,,He jumped onto the table.,O masanın üstüne atladı.
Kütüphane: Temel Kelimeler (A1-A2),Günlük Eylemler ve Sıfatlar,open,"açılmak, açmak, açık",fiil,A1,,Let's open it up.,Bunu açalım.
Kütüphane: Sıfatlar & Zarflar,Akademik Zarflar (-ly / Derece),openly,"açıkça, resmen, açık",zarf,B1,"clearly, frankly, candidly",He openly confessed his faults.,Hatalarını açıkça itiraf etti.
Kütüphane: Akademik Fiiller,B2 İleri Akademik Fiiller,operate,"ameliyat etmek, çalıştırmak, işletmek",fiil,B2,,We have to operate immediately.,Derhal ameliyat etmek zorundayız.
Kütüphane: Akademik İsimler,B2 İleri Akademik İsimler,operating,"çalıştırma, işletme, ameliyat",isim,B2,,Carry her to the operating room.,Onu ameliyathaneye taşı.
Kütüphane: Akademik İsimler,B2 İleri Akademik İsimler,operation,"operasyon, işletme, harekat",isim,B2,,Do I need an operation?,Ameliyat olmam gerekiyor mu?
Kütüphane: Akademik İsimler,B2 İleri Akademik İsimler,opinion,"kanaat, kanı, düşünce",isim,B2,,What's Tom's opinion?,Tom'un fikri nedir?
Kütüphane: Akademik İsimler,C1 Üst Düzey Akademik İsimler,opportunities,"fırsatlar, imkanlar",isim,C1,,Don't let opportunities pass by.,Fırsatların geçip gitmesine izin vermeyin.
Kütüphane: Akademik İsimler,C1 Üst Düzey Akademik İsimler,opportunity,"olanak, imkan, fırsat",isim,C1,,It's a huge opportunity.,O büyük bir fırsat.
Kütüphane: Sıfatlar & Zarflar,B1-B2 Sık Çıkan Akademik Sıfatlar,opposite,"zıt, aksi, karşıt",sıfat,B2,,It'll be the opposite.,Bunun tam tersi olacak.
Kütüphane: Sıfatlar & Zarflar,B1-B2 Sık Çıkan Akademik Sıfatlar,optimal,"uygun, ideal, en uygun",sıfat,B2,,Finding an optimal solution will take some time.,En uygun çözümü bulmak biraz zaman alacak.
Kütüphane: Sıfatlar & Zarflar,B1-B2 Sık Çıkan Akademik Sıfatlar,optimum,"en uygun durum, ideal, optimum",sıfat,B2,,The empirical results of the study were remarkably optimum.,Çalışmanın ampirik sonuçlarının son derece en uygun durum olduğu görüldü.
Kütüphane: Akademik İsimler,B1 Temel Akademik İsimler,option,"seçenek, oy, şık",isim,B1,,It's our only option.,Tek seçeneğimiz.
Kütüphane: Akademik İsimler,B2 İleri Akademik İsimler,options,"opsiyonlar, satın alma veya satma hakkı, seçenekler",isim,B2,,I'm out of options.,Benim seçeneklerim yok.
Kütüphane: Bağlaçlar & Edatlar,Koşul ve Eklemeler,or,"ya da, veya, altın sarısı",bağlaç,B1,,It's now or never.,Ya şimdi ya da asla.
Kütüphane: Akademik İsimler,B1 Temel Akademik İsimler,order,"sipariş vermek, emretmek, buyurmak",isim,B1,,I didn't order it.,Onu sipariş etmedim.
Kütüphane: Sıfatlar & Zarflar,B1-B2 Sık Çıkan Akademik Sıfatlar,ordered,"sıralı, ısmarlama, düzgün",sıfat,B2,,I just ordered a beer.,Sadece bir bira ısmarladım.
Kütüphane: Sıfatlar & Zarflar,Akademik Zarflar (-ly / Derece),orderly,"yazıcı, hastane hademesi, emir eri",zarf,B2,,The empirical results of the study were remarkably orderly.,Çalışmanın ampirik sonuçlarının son derece yazıcı olduğu görüldü.
Kütüphane: Sıfatlar & Zarflar,B1-B2 Sık Çıkan Akademik Sıfatlar,organized,"teşkilatlı, organize olmuş, tertipli",sıfat,B2,,I'm not very organized.,Çok tertipli değilim.
Kütüphane: Akademik İsimler,"Alan Odaklı İsimler (Sağlık, Fen & Sosyal)",organs,aza,isim,B1,,No vital organs were damaged.,Hiçbir hayati organ hasar görmedi.
Kütüphane: Akademik Fiiller,B1 Temel Sınav Fiilleri,ought,"gerekli, lazım, gerekir",fiil,B1,,I ought to go now.,Şimdi gitmek zorundayım.
Kütüphane: Akademik İsimler,B1 Temel Akademik İsimler,our,bizim,isim,B1,,We're on our own.,Kendi başımızayız.
Kütüphane: Bağlaçlar & Edatlar,Koşul ve Eklemeler,out,"çıkış, dışarıda, dışarı",edat,B1,,I can't go out.,Ben dışarı çıkamam.
Kütüphane: Akademik İsimler,B2 İleri Akademik İsimler,outcome,"netice, sonuç, sonuç ürün",isim,B2,,What'll the outcome be?,Sonuç ne olacak?
Kütüphane: Akademik İsimler,B2 İleri Akademik İsimler,outcomes,sonuçlar,isim,B2,,The investigation highlighted the critical role of outcomes.,Soruşturma sonuçlar kavramının kritik rolünü vurguladı.
Kütüphane: Akademik İsimler,B2 İleri Akademik İsimler,outlook,"görünüm, bakış açısı, olasılık",isim,B2,,The outlook for our business isn't good.,İşimizin geleceği iyi değil.
Kütüphane: Akademik İsimler,B1 Temel Akademik İsimler,output,"output/outputted - output/outputted, faaliyet, ürün",isim,B1,,The output at this factory has increased by 20%.,Bu fabrikada üretim %20 oranında arttı.
Kütüphane: Bağlaçlar & Edatlar,Koşul ve Eklemeler,outside,"dıştan, dışarı, dışarısı",edat,B2,,I didn't go outside.,Ben dışarıya gitmedim.
Kütüphane: Sıfatlar & Zarflar,C1 İleri Niteleme Sıfatları,outstanding,"üstün, göze çarpan, seçkin",sıfat,C1,,She is an outstanding poet.,O seçkin bir şairdir.
Kütüphane: Bağlaçlar & Edatlar,Koşul ve Eklemeler,over,"bitmiş, üzerine, üstüne",edat,B1,,I'm not over it.,Bunu atlatmış değilim.
Kütüphane: Sıfatlar & Zarflar,B1-B2 Sık Çıkan Akademik Sıfatlar,overall,"bir uçtan bir uca, etraflı, tüm",sıfat,B2,,Where can I buy overalls?,Tulumları nereden alabilirim?
Kütüphane: Akademik İsimler,B2 İleri Akademik İsimler,oversight,"gözetim, nezaret, hata",isim,B2,,That is a serious oversight.,O ciddi bir ihmaldir.
Kütüphane: Akademik İsimler,B2 İleri Akademik İsimler,overtime,"fazla mesai için ödenen ücret, fazla mesai, mesai",isim,B2,,Do you often work overtime?,Sık sık mesai yapıyor musunuz?
Kütüphane: Sıfatlar & Zarflar,B1-B2 Sık Çıkan Akademik Sıfatlar,owing,"ödenmemiş, borçlanma, borçlu",sıfat,B1,,The dam burst owing to the heavy rain.,Yoğun yağış sebebiyle baraj taştı.
Kütüphane: Akademik Fiiller,B1 Temel Sınav Fiilleri,own,"sahip olmak, kendi, itiraf etmek",fiil,B1,,I'm on my own.,Ben kendi başımayım.
Kütüphane: Temel Kelimeler (A1-A2),Günlük İsimler ve Mekanlar,paint,"boyamak, boya, portresini yapmak",isim,A1,,I have to paint it.,Onu boyamak zorundayım.
Kütüphane: Akademik İsimler,"Alan Odaklı İsimler (Sağlık, Fen & Sosyal)",painting,"tablo, resim, ressamlık",isim,B2,,It's only a painting.,Bu sadece bir tablo.
Kütüphane: Akademik İsimler,"Alan Odaklı İsimler (Sağlık, Fen & Sosyal)",paintings,"tablo, resim, ressamlık",isim,B2,,Did you see the paintings?,Tabloları gördünüz mü?
Kütüphane: Akademik İsimler,B1 Temel Akademik İsimler,palm,"palmiye, avuç içi, avuç",isim,B1,,Let me see your palm.,Avucunu görmeme izin ver.
Kütüphane: Akademik İsimler,B1 Temel Akademik İsimler,panel,"pano, panellerle süslemek, lambri ile kaplamak",isim,B1,,A panel of experts discussed the plan.,Uzmanlardan oluşan bir kurul planı tartıştı.
Kütüphane: Akademik İsimler,B1 Temel Akademik İsimler,panels,"çelik levhalara uygulanan emaye kaplamalar, cam paneller, damı katlanabilen vagon",isim,B1,,Do you use solar panels?,Güneş panelleri kullanıyor musunuz?
Kütüphane: Sıfatlar & Zarflar,B1-B2 Sık Çıkan Akademik Sıfatlar,parallel,"aynı doğrultuda olan, paralel, benzetmek",sıfat,B2,,This line is parallel to that.,Bu çizgi ona paraleldir.
Kütüphane: Temel Kelimeler (A1-A2),Günlük İsimler ve Mekanlar,park,"park etmek, park, park yapmak",isim,A1,,I'm in the park.,Ben parktayım.
Kütüphane: Sıfatlar & Zarflar,C1 İleri Niteleme Sıfatları,particular,"özel, belirli, nokta",sıfat,C1,,She's particular about food.,Yemek konusunda çok titizdir.
Kütüphane: Temel Kelimeler (A1-A2),Günlük İsimler ve Mekanlar,party,"taraf, parti, kutlamak",isim,A1,,It wasn't a party.,O bir parti değildi.
Kütüphane: Akademik Fiiller,B1 Temel Sınav Fiilleri,pass,"geçirmek, geçmek, geçiş izni",fiil,B1,,We'll pass it on.,Onu vereceğiz.
Kütüphane: Sıfatlar & Zarflar,Akademik Zarflar (-ly / Derece),passionately,"hararetle, tutkuyla",zarf,C1,,"Even if you go away, I'll still passionately love you.","Uzaklara gitsen bile, seni yine de tutkuyla seveceğim."
Kütüphane: Bağlaçlar & Edatlar,Zaman ve Süreç Edatları,past,"geçmiş, geçmiş zaman, bir kimsenin geçmişi",edat,B1,,It's past my curfew.,O saatte dışarı çıkmam yasak.
Kütüphane: Akademik İsimler,B1 Temel Akademik İsimler,path,"yol, pist, çığır",isim,B1,,I'll take this path.,Ben bu yoldan gideceğim.
Kütüphane: Sıfatlar & Zarflar,B1-B2 Sık Çıkan Akademik Sıfatlar,patient,"hasta, sabırlı, mütehammil",sıfat,B2,,I'm a patient man.,Ben sabırlı bir adamım.
Kütüphane: Akademik İsimler,"Alan Odaklı İsimler (Sağlık, Fen & Sosyal)",patients,"hastalar, hasta ve yaralılar",isim,B2,,I have a lot of patients.,Benim bir sürü hatam var.
Kütüphane: Akademik Fiiller,B1 Temel Sınav Fiilleri,patrol,"devriye, devriye gezmek, kol gezmek",fiil,B1,,I'm the patrol leader.,Ben devriye lideriyim.
Kütüphane: Akademik İsimler,B2 İleri Akademik İsimler,pattern,"modele göre yapmak, model, desen",isim,B2,,I can see a pattern.,Ben bir desen görebiliyorum.
Kütüphane: Akademik İsimler,B2 İleri Akademik İsimler,patterns,modeller,isim,B2,,Humans and cats have very different sleeping patterns.,İnsanlar ve kediler çok farklı uyku düzenlerine sahiptir.
Kütüphane: Akademik İsimler,B1 Temel Akademik İsimler,paul,idaho eyaletinde şehir,isim,B1,,One of Jesus' disciples was named Paul.,İsa'nın havarilerinden birinin adı Paulus'tu.
Kütüphane: Akademik Fiiller,B1 Temel Sınav Fiilleri,pave,"döşemek, asfalt kaplamak, kaldırım döşemek",fiil,B1,,The street is paved with asphalt.,Cadde asfalt ile kaplanmıştır.
Kütüphane: Akademik İsimler,B1 Temel Akademik İsimler,paving,"yol yüzeyi, taş döşeme, yol döşeme",isim,B1,,The investigation highlighted the critical role of paving.,Soruşturma yol yüzeyi kavramının kritik rolünü vurguladı.
Kütüphane: Akademik Fiiller,B1 Temel Sınav Fiilleri,pay,"ödemek, ödeme, ücret",fiil,B1,,I can't pay Tom.,Tom'a para ödeyemem.
Kütüphane: Sıfatlar & Zarflar,B1-B2 Sık Çıkan Akademik Sıfatlar,paying,"tediye, ücret, paralı",sıfat,B1,,I don't mind paying.,Ödemeye itirazım yok.
Kütüphane: Akademik İsimler,B1 Temel Akademik İsimler,pear,"armut, çong, kamboçya ve tayland’da yaşayan etnik bir grup",isim,B1,,I'm eating a pear.,Bir armut yiyorum.
Kütüphane: Akademik İsimler,B1 Temel Akademik İsimler,people,"insanlar, ulus, halk",isim,B1,,How do people do it?,İnsanlar bunu nasıl yapar?
Kütüphane: Akademik İsimler,B2 İleri Akademik İsimler,peppers,biber,isim,B2,,I don't like green peppers.,Yeşil biberden hoşlanmam.
Kütüphane: Bağlaçlar & Edatlar,Koşul ve Eklemeler,per,"her, beher, rücuen",edat,B1,,What is the rate per day?,Günlük oran nedir?
Kütüphane: Akademik İsimler,C1 Üst Düzey Akademik İsimler,perception,"algı, algılanma, feraset",isim,C1,,Maybe it's a question of perception.,Belki bu bir algılama sorunudur.
Kütüphane: Sıfatlar & Zarflar,B1-B2 Sık Çıkan Akademik Sıfatlar,perfect,"kusursuz, mükemmel, mükemmelleştirmek",sıfat,B2,,It's a perfect day.,Mükemmel bir gün.
Kütüphane: Akademik Fiiller,B2 İleri Akademik Fiiller,perform,"rol yapmak, yapmak, yerine getirmek",fiil,B2,conduct,You must perform your duty.,Görevini yerine getirmelisin.
Kütüphane: Akademik İsimler,C1 Üst Düzey Akademik İsimler,performance,"performans, oynanma, gösteri",isim,C1,,I loved Tom's performance.,Tom'un performansını sevdim.
Kütüphane: Sıfatlar & Zarflar,B1-B2 Sık Çıkan Akademik Sıfatlar,perilous,"vahim, korku, çok tehlikeli",sıfat,B2,,The empirical results of the study were remarkably perilous.,Çalışmanın ampirik sonuçlarının son derece vahim olduğu görüldü.
Kütüphane: Akademik İsimler,B1 Temel Akademik İsimler,period,"devir, dönem, çağ",isim,B1,,We have French third period.,3. dönemde Fransızca dersimiz var.
Kütüphane: Sıfatlar & Zarflar,C1 İleri Niteleme Sıfatları,peripheral,"çevresel, periferik, çevre",sıfat,C1,,The empirical results of the study were remarkably peripheral.,Çalışmanın ampirik sonuçlarının son derece çevresel olduğu görüldü.
Kütüphane: Sıfatlar & Zarflar,B1-B2 Sık Çıkan Akademik Sıfatlar,permanent,"daimi, kalıcı, perma",sıfat,B2,,I have a permanent contract.,Kalıcı bir sözleşmem var.
Kütüphane: Akademik İsimler,B1 Temel Akademik İsimler,permit,"izin vermek, ruhsat, izin",isim,B1,,I won't permit it.,Ona izin vermeyeceğim.
Kütüphane: Sıfatlar & Zarflar,C1 İleri Niteleme Sıfatları,persistent,"ısrar eden, ısrarlı, ısrarcı",sıfat,C1,"constant, relentless, determined, tenacious",I can be very persistent.,Çok ısrarcı olabilirim.
Kütüphane: Temel Kelimeler (A1-A2),Günlük İsimler ve Mekanlar,person,"kişi, şahıs, kimse",isim,A1,,I'm a cat person.,Kediciyimdir.
Kütüphane: Sıfatlar & Zarflar,B1-B2 Sık Çıkan Akademik Sıfatlar,personal,"kişisel, özel, şahsi",sıfat,B2,,I think it's personal.,Bence bu kişiye özel.
Kütüphane: Akademik İsimler,C1 Üst Düzey Akademik İsimler,personality,"kişilik, şahsiyet, önemli kişi",isim,C1,,I like Tom's personality.,Tom'un kişiliğini seviyorum.
Kütüphane: Sıfatlar & Zarflar,C1 İleri Niteleme Sıfatları,perspective,"bakış açısı, perspektif, derinlemesine inceleme yeteneği",sıfat,C1,,Let's keep it in perspective.,Ona bir bütün olarak bakalım.
Kütüphane: Akademik Fiiller,B2 İleri Akademik Fiiller,persuade,"ikna etmek, razı etmek, aklını çelmek",fiil,B2,,He tried to persuade her.,"O, onu ikna etmeye çalıştı."
Kütüphane: Sıfatlar & Zarflar,B1-B2 Sık Çıkan Akademik Sıfatlar,persuaded,"ikna edilen, ikna edilmiş",sıfat,B2,,I think I've persuaded Tom.,Sanırım Tom'u ikna ettim.
Kütüphane: Akademik İsimler,C1 Üst Düzey Akademik İsimler,persuasion,"ikna etme, inandırma, ikna",isim,C1,,The investigation highlighted the critical role of persuasion.,Soruşturma ikna etme kavramının kritik rolünü vurguladı.
Kütüphane: Akademik İsimler,B1 Temel Akademik İsimler,pet,"evde beslenen hayvan, ev hayvanı, evcil hayvan",isim,B1,,Do you have a pet?,Bir evcil hayvanın var mı?
Kütüphane: Akademik İsimler,B1 Temel Akademik İsimler,petrol,"petrol, benzin",isim,B1,,The investigation highlighted the critical role of petrol.,Soruşturma petrol kavramının kritik rolünü vurguladı.
Kütüphane: Sıfatlar & Zarflar,B1-B2 Sık Çıkan Akademik Sıfatlar,petty,"ehemmiyetsiz, cüzi, olağan",sıfat,B1,,Don't be so petty.,Kıllık yapma.
Kütüphane: Akademik İsimler,C1 Üst Düzey Akademik İsimler,pharmacist,eczacı,isim,C1,,You should be a pharmacist.,Sen bir eczacı olmalısın.
Kütüphane: Akademik İsimler,C1 Üst Düzey Akademik İsimler,phenomenon,"algılanabilen şey, olağanüstülük, olgu",isim,C1,,It's a normal phenomenon.,Bu normal bir olgudur.
Kütüphane: Akademik İsimler,B1 Temel Akademik İsimler,photo,"foto, fotoğraflamak, resim vermek",isim,B1,,I sent you a photo.,Sana bir fotoğraf gönderdim.
Kütüphane: Akademik İsimler,C1 Üst Düzey Akademik İsimler,photosynthesis,"fotosentez, ışılbireşim, ışık yardımı ile besin biriktirme süreçi",isim,C1,,The investigation highlighted the critical role of photosynthesis.,Soruşturma fotosentez kavramının kritik rolünü vurguladı.
Kütüphane: Sıfatlar & Zarflar,B1-B2 Sık Çıkan Akademik Sıfatlar,physical,"bedensel, muayene, bedeni",sıfat,B2,,I had a physical checkup.,Ben bir sağlık kontrolü yaptırdım.
Kütüphane: Akademik İsimler,"Alan Odaklı İsimler (Sağlık, Fen & Sosyal)",physician,"tıp adamı, hekim, tabip",isim,B2,,He is not a physician.,O bir doktor değil.
Kütüphane: Akademik İsimler,"Alan Odaklı İsimler (Sağlık, Fen & Sosyal)",physics,fizik,isim,B2,,I got a B in physics.,Fizikten B aldım.
Kütüphane: Sıfatlar & Zarflar,C1 İleri Niteleme Sıfatları,physiological,"işlevbilimsel, diriksel, fizyolojik",sıfat,C1,,The empirical results of the study were remarkably physiological.,Çalışmanın ampirik sonuçlarının son derece işlevbilimsel olduğu görüldü.
Kütüphane: Akademik İsimler,B1 Temel Akademik İsimler,piano,"piyano çalgı, piyano, hafif",isim,B1,,It's an old piano.,O eski bir piyano.
Kütüphane: Temel Kelimeler (A1-A2),Günlük İsimler ve Mekanlar,picture,"resim, resmetmek, yansıtmak",isim,A1,,Can I get a picture?,Bir fotoğraf çekebilir miyim?
Kütüphane: Akademik İsimler,B1 Temel Akademik İsimler,pile,"yığın, istif etmek, tepeleme doldurmak",isim,B1,,There's a big pile of mail on your desk.,Masanızda büyük bir yığın posta var.
Kütüphane: Akademik İsimler,B1 Temel Akademik İsimler,pilots,"türk jet pilotları, hava yolu nakil pilot lisansı, ticari pilot lisansı",isim,B1,,I know lots of pilots.,Bir sürü pilot tanıyorum.
Kütüphane: Sıfatlar & Zarflar,B1-B2 Sık Çıkan Akademik Sıfatlar,pivotal,"eksensel, eksen, esas",sıfat,B2,,The empirical results of the study were remarkably pivotal.,Çalışmanın ampirik sonuçlarının son derece eksensel olduğu görüldü.
Kütüphane: Akademik İsimler,B1 Temel Akademik İsimler,pizza,pizza,isim,B1,,I don't like pizza.,Pizza sevmiyorum.
Kütüphane: Temel Kelimeler (A1-A2),Günlük İsimler ve Mekanlar,place,"koymak, oturtmak, yerleştirmek",isim,A1,,I can't place him.,Kim olduğunu hatırlamıyorum.
Kütüphane: Akademik İsimler,B2 İleri Akademik İsimler,placing,"tahsisli satış, yerleştirme, yerine koyma",isim,B2,,I'm placing you under arrest.,Seni tutukluyorum.
Kütüphane: Akademik İsimler,B1 Temel Akademik İsimler,plan,"planlamak, tasarlamak, plan",isim,B1,,I've got a plan.,Bir planım var.
Kütüphane: Temel Kelimeler (A1-A2),Günlük İsimler ve Mekanlar,plane,"düzlemek, düz, düzlem",isim,A1,,I'll go by plane.,Uçakla gideceğim.
Kütüphane: Akademik İsimler,"Alan Odaklı İsimler (Sağlık, Fen & Sosyal)",plant,"bitki, tesis, fabrika",isim,B1,,Did you plant this tree?,Bu ağacı sen mi diktin?
Kütüphane: Temel Kelimeler (A1-A2),Günlük Eylemler ve Sıfatlar,plate,"plaka, tabak, levha",fiil,A1,,This is Tom's plate.,Bu Tom'un tabağı.
Kütüphane: Sıfatlar & Zarflar,B1-B2 Sık Çıkan Akademik Sıfatlar,plausible,"makul, olası, akla yatkın",sıfat,B2,,It's a plausible story.,"O, inandırıcı bir hikayedir."
Kütüphane: Temel Kelimeler (A1-A2),Günlük İsimler ve Mekanlar,play,"oynamak, çalmak, piyes",isim,A1,,I play in a band.,Ben bir grupta çalıyorum.
Kütüphane: Akademik İsimler,B1 Temel Akademik İsimler,plays,oyunlar,isim,B1,,He plays chess very well.,Çok iyi satranç oynar.
Kütüphane: Akademik Fiiller,B1 Temel Sınav Fiilleri,please,"memnun etmek, lütfen, gönlünü hoş etmek",fiil,B1,,I'm easy to please.,Beni memnun etmek kolaydır.
Kütüphane: Akademik İsimler,B1 Temel Akademik İsimler,point,"nokta, puan, uç",isim,B1,,He's got a point.,O haklı.
Kütüphane: Akademik İsimler,B1 Temel Akademik İsimler,poison,"zehirlemek, zehir, otalamak",isim,B1,,I didn't poison Tom.,Tom'u zehirlemedim.
Kütüphane: Sıfatlar & Zarflar,B1-B2 Sık Çıkan Akademik Sıfatlar,poisonous,"zehirli, kötü niyetli, ağılı",sıfat,B2,,This is a poisonous mushroom.,Bu zehirli bir mantar.
Kütüphane: Sıfatlar & Zarflar,B1-B2 Sık Çıkan Akademik Sıfatlar,polar,"ucay, zıt, kutup",sıfat,B1,,The polar bears are dying.,Kutup ayıları ölüyor.
Kütüphane: Temel Kelimeler (A1-A2),Günlük Eylemler ve Sıfatlar,police,"polis, inzibat altına almak, güvenliği sağlamak",fiil,A1,,I'm not the police.,Ben polis değilim.
Kütüphane: Sıfatlar & Zarflar,Akademik Zarflar (-ly / Derece),politely,"kibarca, nezaketle, nazikçe",zarf,B2,,She bowed to me politely.,O kibarca bana selam verdi.
Kütüphane: Sıfatlar & Zarflar,B1-B2 Sık Çıkan Akademik Sıfatlar,politic,"politik, basiretli, kurnaz",sıfat,B2,,I don't like politics.,Ben siyaseti sevmiyorum.
Kütüphane: Sıfatlar & Zarflar,B1-B2 Sık Çıkan Akademik Sıfatlar,political,"politik, siyasi, siyasal",sıfat,B2,,He had many political enemies.,Onun çok sayıda siyasi düşmanları vardı.
Kütüphane: Temel Kelimeler (A1-A2),Günlük Eylemler ve Sıfatlar,poor,"kötü, fakir, zavallı",sıfat,A1,,I used to be poor.,Eskiden fakirdim.
Kütüphane: Akademik İsimler,C1 Üst Düzey Akademik İsimler,population,"nüfus, ahali, sekene",isim,C1,,What's Boston's population?,Boston'un nüfusu nedir?
Kütüphane: Akademik İsimler,B1 Temel Akademik İsimler,porch,"portik, sundurma veranda, giriş",isim,B1,,I'm on the porch.,Sundurmadayım.
Kütüphane: Akademik İsimler,B2 İleri Akademik İsimler,position,"mevki, pozisyon, konum",isim,B2,,He's out of position.,O yerinde değil.
Kütüphane: Sıfatlar & Zarflar,B1-B2 Sık Çıkan Akademik Sıfatlar,positive,"pozitif, artı, olumlu",sıfat,B2,,I can't be positive.,Olumlu olamıyorum.
Kütüphane: Sıfatlar & Zarflar,B1-B2 Sık Çıkan Akademik Sıfatlar,possible,"olabilir, olanaklı, muhtemel",sıfat,B2,,It won't be possible.,Mümkün olmayacak.
Kütüphane: Akademik Fiiller,B2 İleri Akademik Fiiller,postpone,"ertelemek, ötelemek, rafa koymak",fiil,B2,,Can we postpone the trip?,Seyahati erteleyebilir miyiz?
Kütüphane: Sıfatlar & Zarflar,B1-B2 Sık Çıkan Akademik Sıfatlar,potent,"cinsel gücü yüksek, inandırıcı, nüfuzlu",sıfat,B1,,The empirical results of the study were remarkably potent.,Çalışmanın ampirik sonuçlarının son derece cinsel gücü yüksek olduğu görüldü.
Kütüphane: Sıfatlar & Zarflar,B1-B2 Sık Çıkan Akademik Sıfatlar,potential,"potansiyel, olası, güç",sıfat,B2,,He is a potential leader.,O potansiyel bir liderdir.
Kütüphane: Sıfatlar & Zarflar,Akademik Zarflar (-ly / Derece),potently,"yoğun bir şekilde, güçlü bir şekilde",zarf,B2,,The empirical results of the study were remarkably potently.,Çalışmanın ampirik sonuçlarının son derece yoğun bir şekilde olduğu görüldü.
Kütüphane: Akademik İsimler,B1 Temel Akademik İsimler,power,"yetki, güç, kuvvet",isim,B1,,I have no will power.,Benim irade gücüm yok.
Kütüphane: Sıfatlar & Zarflar,B1-B2 Sık Çıkan Akademik Sıfatlar,powered,"motorla tahrik edilen, tahrikli",sıfat,B2,,I wish I had solar-powered car.,Keşke güneş enerjili arabam olsa.
Kütüphane: Sıfatlar & Zarflar,B1-B2 Sık Çıkan Akademik Sıfatlar,powerful,"güçlü, kuvvetli, muhteşem",sıfat,B2,,He's rich and powerful.,"O, zengin ve güçlüdür."
Kütüphane: Sıfatlar & Zarflar,B1-B2 Sık Çıkan Akademik Sıfatlar,practical,"tatbiki, kullanışlı, pratik",sıfat,B2,,I never was very practical.,Ben asla çok pratik değildim.
Kütüphane: Akademik İsimler,C1 Üst Düzey Akademik İsimler,practicality,"kullanışlılık, uygulanabilirlik, pratiklik",isim,C1,,He is inclined to look at everything from the standpoint of its practicality and is neither stingy nor extravagant.,O her şeye pratikliği bakımından bakma eğilimindedir ve ne pinti ne de savurgandır.
Kütüphane: Akademik İsimler,B2 İleri Akademik İsimler,practice,"uygulamak, alıştırma yapmak, yapmak",isim,B2,apply,I'm out of practice.,Ben hamlamışım.
Kütüphane: Akademik İsimler,C1 Üst Düzey Akademik İsimler,precaution,"önlem, tedbir, ihtiyat",isim,C1,,It's just a precaution.,Bu sadece bir önlem.
Kütüphane: Akademik İsimler,C1 Üst Düzey Akademik İsimler,precautions,önlemler,isim,C1,,Didn't you take precautions?,Önlemler almadın mı?
Kütüphane: Akademik Fiiller,B2 İleri Akademik Fiiller,precise,"kesin, kesinlik, titizlikle yapılmış",fiil,B2,,My watch is very precise.,Saatim çok dakik.
Kütüphane: Sıfatlar & Zarflar,Akademik Zarflar (-ly / Derece),precisely,"açık olarak, tam, belli",zarf,B2,,What precisely did you do?,Tam olarak ne yaptın?
Kütüphane: Akademik Fiiller,B2 İleri Akademik Fiiller,predict,"öngörmek, önceden söylemek, tahmin etmek",fiil,B2,,I can predict the future.,Geleceği tahmin edebilirim.
Kütüphane: Akademik İsimler,C1 Üst Düzey Akademik İsimler,predictions,"tahminler, kehanetler",isim,C1,,I'm making no predictions.,Tahmin yapmıyorum.
Kütüphane: Akademik İsimler,C1 Üst Düzey Akademik İsimler,prejudgment,"önyargı, yargılamadan verilen hüküm, peşin hüküm",isim,C1,,The investigation highlighted the critical role of prejudgment.,Soruşturma önyargı kavramının kritik rolünü vurguladı.
Kütüphane: Akademik İsimler,B2 İleri Akademik İsimler,prejudice,"önyargı, zayıflatmak, haksız hüküm verdirmek",isim,B2,,Prejudice will continue to exist.,Önyargı var olmaya devam edecektir.
Kütüphane: Akademik Fiiller,B2 İleri Akademik Fiiller,prepare,"hazırlamak, düzmek, pişirmek",fiil,B2,,I need time to prepare.,Hazırlanmak için zamana ihtiyacım var.
Kütüphane: Akademik İsimler,B2 İleri Akademik İsimler,presence,"mevcudiyet, buradalık, oluş",isim,B2,,I can feel Tom's presence.,Tom'un mevcudiyetini hissedebiliyorum.
Kütüphane: Akademik Fiiller,B2 İleri Akademik Fiiller,present,"sunmak, takdim etmek, şimdiki zaman",fiil,B2,,I got you a present.,Sana bir hediye aldım.
Kütüphane: Akademik İsimler,C1 Üst Düzey Akademik İsimler,presentation,"sunum, sahneleme, arz",isim,C1,,How did the presentation go?,Sunum nasıl gitti?
Kütüphane: Akademik İsimler,C1 Üst Düzey Akademik İsimler,presentations,sunular,isim,C1,,The investigation highlighted the critical role of presentations.,Soruşturma sunular kavramının kritik rolünü vurguladı.
Kütüphane: Akademik Fiiller,B2 İleri Akademik Fiiller,preserve,"muhafaza etmek, korumak, zarardan korumak",fiil,B2,,Refrigerators help to preserve food.,Buzdolapları gıdanın korunmasına yardımcı olur.
Kütüphane: Akademik İsimler,B1 Temel Akademik İsimler,press,"basmak, bastırmak, baskı yapmak",isim,B1,,Don't press your luck.,Şansını zorlama.
Kütüphane: Akademik İsimler,B2 İleri Akademik İsimler,pressure,"basınç, baskı, zorlamak",isim,B2,,My blood pressure is low.,Kan basıncım düşük.
Kütüphane: Sıfatlar & Zarflar,B1-B2 Sık Çıkan Akademik Sıfatlar,prevalent,"yaygın, olagelen, etkili",sıfat,B2,,Colds are prevalent this winter.,"Soğuk algınlığı, bu kış yaygındır."
Kütüphane: Akademik Fiiller,B2 İleri Akademik Fiiller,prevent,"engellemek, önlemek, engel olmak",fiil,B2,,I can prevent all that.,Onun hepsini engelleyebilirim.
Kütüphane: Sıfatlar & Zarflar,C1 İleri Niteleme Sıfatları,preventing,"önleyen, engelleyen",sıfat,C1,,Nothing's preventing you from leaving.,Hiçbir şey sizin gitmenizi engellemiyor.
Kütüphane: Akademik İsimler,C1 Üst Düzey Akademik İsimler,prevention,"menetme, önlem, engelleme",isim,C1,,Prevention is the best medicine.,Korunmak en iyi ilaçtır.
Kütüphane: Sıfatlar & Zarflar,C1 İleri Niteleme Sıfatları,preventive,"önleyici, önleyici ilaç, önlem",sıfat,C1,,Preventive measures are much more effective than the actual treatment.,Önleyici tedbirler gerçek tedaviden çok daha etkilidir.
Kütüphane: Sıfatlar & Zarflar,Akademik Zarflar (-ly / Derece),previously,"önceden, daha önce, evvelce",zarf,C1,,The empirical results of the study were remarkably previously.,Çalışmanın ampirik sonuçlarının son derece önceden olduğu görüldü.
Kütüphane: Akademik İsimler,"Alan Odaklı İsimler (Sağlık, Fen & Sosyal)",price,"bedel, fiyat, ücret",isim,B1,,I'll pay any price.,Ben herhangi bir fiyatı öderim.
Kütüphane: Akademik İsimler,B1 Temel Akademik İsimler,prior,"önceden, daha önce olan, daha erken olan",isim,B1,,I have a prior engagement.,Bir randevum var.
Kütüphane: Akademik İsimler,B1 Temel Akademik İsimler,prison,"hapishane, cezaevi, hapis",isim,B1,,I'm at the prison.,Hapishanedeyim.
Kütüphane: Akademik İsimler,B2 İleri Akademik İsimler,prisoner,"esir, tutuklu, tutsak",isim,B2,,I was once a prisoner.,Ben bir zamanlar bir mahkumdum.
Kütüphane: Akademik İsimler,B2 İleri Akademik İsimler,prisoners,mahkumlar,isim,B2,,Don't take any prisoners.,Hiçbir mahkûmu götürmeyin.
Kütüphane: Akademik Fiiller,B2 İleri Akademik Fiiller,private,"er, mahrem, özel",fiil,B2,,It's a private joke.,Bu özel bir şaka.
Kütüphane: Sıfatlar & Zarflar,B1-B2 Sık Çıkan Akademik Sıfatlar,probable,"olası, muhtemel, olasılı",sıfat,B2,,How probable is that to happen?,Onun olması ne kadar muhtemel?
Kütüphane: Akademik İsimler,B2 İleri Akademik İsimler,problem,"problem, mesele, sorun",isim,B2,,I've got a problem.,Bir sorunum var.
Kütüphane: Akademik İsimler,B2 İleri Akademik İsimler,procedure,"prosedür, yöntem, ameliye",isim,B2,,It's a routine procedure.,Bu rutin bir işlemdir.
Kütüphane: Akademik Fiiller,B2 İleri Akademik Fiiller,proceed,"ilerlemek, devam etmek, çıkmak",fiil,B2,,I'm ready to proceed.,Devam etmeye hazırım.
Kütüphane: Akademik İsimler,B2 İleri Akademik İsimler,process,"işlemek, işlem, süreç",isim,B2,,It's a long process.,Bu uzun bir süreçtir.
Kütüphane: Akademik Fiiller,B2 İleri Akademik Fiiller,produce,"üretmek, imal etmek, çıkarmak",fiil,B2,,These fields produce fine crops.,Bu tarlalar güzel ekinler üretir.
Kütüphane: Sıfatlar & Zarflar,B1-B2 Sık Çıkan Akademik Sıfatlar,produced,"üretmek, üretilen, üretilmiş",sıfat,B2,,My efforts produced no results.,Çabalarım hiç sonuç vermedi.
Kütüphane: Akademik İsimler,C1 Üst Düzey Akademik İsimler,production,"üretme, yapım, imal",isim,C1,,Production of rice has decreased.,Pirinç üretimi azaldı.
Kütüphane: Sıfatlar & Zarflar,C1 İleri Niteleme Sıfatları,productive,"üretken, verimli, kazançlı",sıfat,C1,,I hope you had a productive day.,Umarım üretken bir gün geçirdiniz.
Kütüphane: Akademik İsimler,C1 Üst Düzey Akademik İsimler,professionals,profesyonel,isim,C1,,Leave it to the professionals.,Bunu profesyonellere bırak.
Kütüphane: Akademik İsimler,B2 İleri Akademik İsimler,programs,programlar,isim,B2,,I like news programs on TV.,Televizyonda haber programlarını severim.
Kütüphane: Akademik İsimler,B2 İleri Akademik İsimler,progress,"gelişmek, gelişim göstermek, ilerlemek",isim,B2,,I've made some progress.,Biraz ilerleme kaydettim.
Kütüphane: Akademik Fiiller,C1 Üst Düzey Paragraf Fiilleri,progressed,"zaman ilerledikçe, zaman geçtikçe, ilerletilmiş harita",fiil,C1,,The research committee agreed to progressed the proposed methodology.,Araştırma komitesi önerilen metodolojiyi zaman ilerledikçe konusunda mutabık kaldı.
Kütüphane: Akademik İsimler,C1 Üst Düzey Akademik İsimler,progression,"ilerleme, devamlılık, sıra",isim,C1,,What's the chord progression?,Akort ilerlemesi nedir?
Kütüphane: Sıfatlar & Zarflar,C1 İleri Niteleme Sıfatları,progressive,"ileri düşünceli kimse, müterakki, ilerleyici",sıfat,C1,,His policies were too progressive.,Onun politikaları çok yenilikçi idi.
Kütüphane: Sıfatlar & Zarflar,Akademik Zarflar (-ly / Derece),progressively,"devamlı olarak, ilerledikçe, artan bir şekilde",zarf,C1,,The empirical results of the study were remarkably progressively.,Çalışmanın ampirik sonuçlarının son derece devamlı olarak olduğu görüldü.
Kütüphane: Akademik Fiiller,B2 İleri Akademik Fiiller,prohibit,"önlemek, önüne geçmek, yasak etmek",fiil,B2,,The law prohibits minors from smoking.,"Kanun, yaşı küçük olanların sigara içmesini yasaklıyor."
Kütüphane: Sıfatlar & Zarflar,B1-B2 Sık Çıkan Akademik Sıfatlar,prominent,"öne çıkan, çıkıntılı, önde gelen",sıfat,B2,,He felt ill at ease among prominent scholars.,Seçkin bilim adamları arasında huzursuz hissetti.
Kütüphane: Akademik Fiiller,B2 İleri Akademik Fiiller,promise,"söz vermek, söz, vadetmek",fiil,B2,,I promise I'll try.,Deneyeceğime söz veriyorum.
Kütüphane: Akademik Fiiller,B2 İleri Akademik Fiiller,promote,"tanıtımını yapmak, desteklemek, terfi ettirmek",fiil,B2,foster,His job is to promote sales.,Onun işi satışları yükseltmektir.
Kütüphane: Akademik İsimler,B2 İleri Akademik İsimler,promoting,"yükseltme, terfi ettirme",isim,B2,,The company is promoting a new car on TV.,Şirket televizyonda yeni bir araba tanıtımı yapıyor.
Kütüphane: Akademik İsimler,B1 Temel Akademik İsimler,proof,"kanıt, ispat, dayanıklı hale getirmek",isim,B1,,Don't you want proof?,Kanıt istemiyor musun?
Kütüphane: Akademik İsimler,B1 Temel Akademik İsimler,proper,"uygun, münasip, rabıtalı",isim,B1,,I'll go get the proper forms.,Uygun formları almaya gideceğim.
Kütüphane: Sıfatlar & Zarflar,Akademik Zarflar (-ly / Derece),properly,"uygun bir şekilde, doğru dürüst, düzgün bir şekilde",zarf,B2,,Let's do this properly.,Hadi bunu doğru düzgün yapalım.
Kütüphane: Akademik İsimler,C1 Üst Düzey Akademik İsimler,proportion,"orantı, oran, ayarlamak",isim,C1,,Each man's pay was in proportion to his work.,Her birinin ödemesi onun eseri ile orantılıydı.
Kütüphane: Akademik İsimler,B2 İleri Akademik İsimler,prospect,"olasılık, maden aramak, altın aramak",isim,B2,,It's a depressing prospect.,Çok iç karartıcı bir ihtimal.
Kütüphane: Akademik Fiiller,B2 İleri Akademik Fiiller,protect,"korumak, himaye etmek, muhafaza etmek",fiil,B2,,I can't protect Tom.,Tom'u koruyamam.
Kütüphane: Akademik İsimler,C1 Üst Düzey Akademik İsimler,protection,"himaye, koruma, korunma",isim,C1,,I don't need protection.,Korumaya ihtiyacım yok.
Kütüphane: Sıfatlar & Zarflar,C1 İleri Niteleme Sıfatları,protective,"koruyucu, sahip çıkan, koruma",sıfat,C1,,He's very protective of him.,O kendine karşı çok koruyucu.
Kütüphane: Akademik İsimler,B2 İleri Akademik İsimler,proteins,proteinler,isim,B2,,The investigation highlighted the critical role of proteins.,Soruşturma proteinler kavramının kritik rolünü vurguladı.
Kütüphane: Akademik Fiiller,B2 İleri Akademik Fiiller,protest,"protesto, karşı çıkmak, itiraz etmek",fiil,B2,,Aren't you going to protest?,Protesto etmeyecek misin?
Kütüphane: Akademik İsimler,B2 İleri Akademik İsimler,protests,protestolar,isim,B2,,The protests have died down.,Protestolar bitti.
Kütüphane: Akademik Fiiller,B1 Temel Sınav Fiilleri,prove,"kanıtlamak, ispat etmek, proved - proven/proved",fiil,B1,,I can't prove it.,Onu ispat edemem.
Kütüphane: Sıfatlar & Zarflar,B1-B2 Sık Çıkan Akademik Sıfatlar,proven,"kanıtlanmış, kanıtlı, ispatlı",sıfat,B1,,It's a proven fact.,O kanıtlanmış bir gerçek.
Kütüphane: Akademik Fiiller,B2 İleri Akademik Fiiller,provide,"sağlamak, temin etmek, donatmak",fiil,B2,,Cows provide us with milk.,İnekler bize süt sağlar.
Kütüphane: Bağlaçlar & Edatlar,Koşul ve Eklemeler,providing,"temin etme, sağlama, eğer",bağlaç,B2,,We're providing an affordable service.,Uygun fiyatlı bir hizmet sağlıyoruz.
Kütüphane: Sıfatlar & Zarflar,C1 İleri Niteleme Sıfatları,psychological,"ruhbilimsel, ruhi, tinbilimsel",sıfat,C1,,The doctor thinks Tom's problem is psychological.,Doktor Tom'un sorununun psikolojik olduğunu düşünüyor.
Kütüphane: Akademik İsimler,C1 Üst Düzey Akademik İsimler,psychology,"ruh bilimi, psikoloji, tinbilim",isim,C1,,I have a degree in psychology.,Psikoloji diplomam var.
Kütüphane: Akademik İsimler,B2 İleri Akademik İsimler,publicity,"tanıtım, ilan, propaganda",isim,B2,,It was a publicity stunt.,O bir tanıtım dublörlüğüydü.
Kütüphane: Akademik İsimler,B1 Temel Akademik İsimler,pull,"çekmek, kalkmak, hareket etmek",isim,B1,,Don't pull my leg!,Benimle dalga geçme!
Kütüphane: Sıfatlar & Zarflar,B1-B2 Sık Çıkan Akademik Sıfatlar,punitive,"cezalandırıcı, ceza, cezayı gerektiren",sıfat,B2,,The empirical results of the study were remarkably punitive.,Çalışmanın ampirik sonuçlarının son derece cezalandırıcı olduğu görüldü.
Kütüphane: Akademik İsimler,B1 Temel Akademik İsimler,pupil,"öğrenci, öğrenci öğretmen, stajyer",isim,B1,,Tom's pupils are dilated.,Tom'un göz bebekleri büyümüş.
Kütüphane: Sıfatlar & Zarflar,C1 İleri Niteleme Sıfatları,purchasable,"alınabilir, satın alınabilir, satın alınır",sıfat,C1,,The empirical results of the study were remarkably purchasable.,Çalışmanın ampirik sonuçlarının son derece alınabilir olduğu görüldü.
Kütüphane: Akademik İsimler,B2 İleri Akademik İsimler,purchase,"satın almak, satın alma, alım",isim,B2,,Thank you for your purchase.,Satın almanız için teşekkür ederim.
Kütüphane: Sıfatlar & Zarflar,Akademik Zarflar (-ly / Derece),purposely,"kasti olarak, inadına, kasten",zarf,B2,,Did you do that purposely?,Onu kasıtlı olarak mı yaptın?
Kütüphane: Akademik Fiiller,B1 Temel Sınav Fiilleri,push,"itelemek, itmek, kakmak",fiil,B1,,Let's not push it.,Onu itmeyelim.
Kütüphane: Akademik Fiiller,B1 Temel Sınav Fiilleri,put,"koymak, put - put, hamletmek",fiil,B1,,I put on a tie.,Bir kravat taktım.
Kütüphane: Akademik İsimler,B2 İleri Akademik İsimler,putting,"yerleştirme, koyma",isim,B2,,He's putting on airs.,O fiyaka yapıyor.
Kütüphane: Akademik İsimler,B1 Temel Akademik İsimler,puzzle,"bulmaca, bilmece, şaşırmak",isim,B1,,I'm solving a puzzle.,Bir bulmaca çözüyorum.
Kütüphane: Sıfatlar & Zarflar,B1-B2 Sık Çıkan Akademik Sıfatlar,puzzled,"şaşkın, şaşırmış, karışmış",sıfat,B2,,I'm a little puzzled.,Biraz şaşkınım.
Kütüphane: Sıfatlar & Zarflar,B1-B2 Sık Çıkan Akademik Sıfatlar,puzzling,"kafa karıştırıcı, muammalı, anlaşılmaz",sıfat,B2,,It was puzzling to me.,Benim için şaşırtıcıydı.
Kütüphane: Sıfatlar & Zarflar,B1-B2 Sık Çıkan Akademik Sıfatlar,qualified,"nitelikli, vasıflı, kalifiye",sıfat,B2,,Am I qualified to do that?,Onu yapmak için nitelikli miyim?
Kütüphane: Akademik İsimler,B2 İleri Akademik İsimler,quality,"kalite, nitelik, kaliteli",isim,B2,,I prefer quality to quantity.,Kaliteyi miktara tercih ederim.
Kütüphane: Akademik İsimler,B2 İleri Akademik İsimler,quantity,"nicelik, miktar, azlık çokluk",isim,B2,,I prefer quality to quantity.,Kaliteyi miktara tercih ederim.
Kütüphane: Akademik İsimler,B2 İleri Akademik İsimler,quantum,"pay, hisse, kuantum",isim,B2,,The investigation highlighted the critical role of quantum.,Soruşturma pay kavramının kritik rolünü vurguladı.
Kütüphane: Akademik İsimler,B2 İleri Akademik İsimler,quarter,"çeyrek, yerleştirmek, dörde bölmek",isim,B2,,It's a quarter to two.,İkiye çeyrek var.
Kütüphane: Akademik İsimler,B2 İleri Akademik İsimler,question,"soru, sorular sormak, sorgulamak",isim,B2,,I've got a question.,Benim bir sorum var.
Kütüphane: Sıfatlar & Zarflar,B1-B2 Sık Çıkan Akademik Sıfatlar,quick,"süratli, hızlı, çabuk",sıfat,B1,,I ate a quick lunch.,Hızlı bir öğle yemeği yedim.
Kütüphane: Akademik İsimler,B2 İleri Akademik İsimler,quicker,"hızlı, daha hızlı, daha çabuk",isim,B2,,You're quicker than me.,Benden daha hızlısın.
Kütüphane: Sıfatlar & Zarflar,Akademik Zarflar (-ly / Derece),quickly,"hızla, aceleyle, süratle",zarf,B2,,I had to act quickly.,Çabuk hareket etmek zorunda kaldım.
Kütüphane: Akademik Fiiller,B1 Temel Sınav Fiilleri,quite,"epeyce, pek, epey",fiil,B1,,It's quite a mess.,Büyük bir karışıklık oldu.
Kütüphane: Akademik İsimler,B1 Temel Akademik İsimler,quiz,"sınav yapmak, çok soru sormak, sorgulamak",isim,B1,,We had a quiz today.,Biz bugün bir sınav olduk.
Kütüphane: Temel Kelimeler (A1-A2),Günlük İsimler ve Mekanlar,rain,"yağmur yağmak, yağmur, yağmur gibi yağdırmak",isim,A1,,I don't like rain.,Yağmuru sevmem
Kütüphane: Sıfatlar & Zarflar,B1-B2 Sık Çıkan Akademik Sıfatlar,rainy,"yağmurlu, yağışlı",sıfat,B1,,It's a rainy day.,Yağmurlu bir gün.
Kütüphane: Akademik İsimler,B1 Temel Akademik İsimler,range,"silsile, sıra, çeşitlilik",isim,B1,,It's hard to tell at this range.,Bu mesafeden söylemek zor.
Kütüphane: Akademik İsimler,B2 İleri Akademik İsimler,ranging,"değişme, serbestçe dolaşan, dolaşıp duran",isim,B2,,Many boys and girls ranging from 12 to 18 entered the contest.,12 ila 18 arasında değişiklik gösteren birçok erkek ve kız yarışmaya katıldı.
Kütüphane: Sıfatlar & Zarflar,B1-B2 Sık Çıkan Akademik Sıfatlar,rapid,"ani, hızlı, kuduruk",sıfat,B1,,He has made rapid progress in English.,"O, İngilizcede hızlı bir gelişme yaptı."
Kütüphane: Sıfatlar & Zarflar,Akademik Zarflar (-ly / Derece),rapidly,"hızla, süratle, çarçabuk",zarf,B2,,She tends to speak rapidly.,"O, hızlı konuşmaya eğilimlidir."
Kütüphane: Akademik İsimler,B1 Temel Akademik İsimler,rate,"kur, oran, addetmek",isim,B1,,That's the going rate.,"O, gidiş oranıdır."
Kütüphane: Akademik İsimler,B1 Temel Akademik İsimler,rates,"bedeller, fiyat listesi, yerel yönetim tarafından toplanan vergi/vergiler",isim,B1,,Interest rates are going up.,Faiz oranları artıyor.
Kütüphane: Akademik İsimler,B1 Temel Akademik İsimler,ratio,"oran, orantı, nispet",isim,B1,,The investigation highlighted the critical role of ratio.,Soruşturma oran kavramının kritik rolünü vurguladı.
Kütüphane: Akademik İsimler,B1 Temel Akademik İsimler,ray,"ışın, ışın tedavisi yapmak, ışımak",isim,B1,,Let's take an X-ray just in case.,Her ihtimale karşı bir film çekelim.
Kütüphane: Akademik Fiiller,B1 Temel Sınav Fiilleri,reach,"ulaşmak, ermek, erişmek",fiil,B1,,I can't reach it.,Ben ona ulaşamam.
Kütüphane: Akademik İsimler,C1 Üst Düzey Akademik İsimler,reachability,"ulaşılabilirlik, erişilebilirlik",isim,C1,,The investigation highlighted the critical role of reachability.,Soruşturma ulaşılabilirlik kavramının kritik rolünü vurguladı.
Kütüphane: Sıfatlar & Zarflar,B1-B2 Sık Çıkan Akademik Sıfatlar,reachable,"ulaşılabilir, erişebilir, varılabilir",sıfat,B2,,The empirical results of the study were remarkably reachable.,Çalışmanın ampirik sonuçlarının son derece ulaşılabilir olduğu görüldü.
Kütüphane: Akademik Fiiller,B1 Temel Sınav Fiilleri,react,"tepki göstermek, tepkimek, tepki vermek",fiil,B1,,I tried not to react.,Ben tepki göstermemeye çalıştım.
Kütüphane: Akademik İsimler,B2 İleri Akademik İsimler,reaction,"tepkime, reaksiyon, tepki",isim,B2,,What was Tom's reaction?,Tom'un tepkisi neydi?
Kütüphane: Sıfatlar & Zarflar,Akademik Zarflar (-ly / Derece),readily,"kolaylıkla, rahatlıkla, hemen anında",zarf,B2,,He readily agreed to it.,O onu kolayca kabul etti.
Kütüphane: Akademik İsimler,B2 İleri Akademik İsimler,reading,"okuma, mana, yorum",isim,B2,,I'm reading a book.,Bir kitap okuyorum.
Kütüphane: Sıfatlar & Zarflar,B1-B2 Sık Çıkan Akademik Sıfatlar,ready,"hazır, hazırlamak, peşin para",sıfat,B1,,I'm ready to go.,Gitmeye hazırım.
Kütüphane: Sıfatlar & Zarflar,Akademik Zarflar (-ly / Derece),really,"hakikaten, gerçekten, cidden",zarf,B1,,It's really a must.,Bu gerçekten bir zorunluluktur.
Kütüphane: Akademik İsimler,B1 Temel Akademik İsimler,realm,"krallık, alem, memleket",isim,B1,,The investigation highlighted the critical role of realm.,Soruşturma krallık kavramının kritik rolünü vurguladı.
Kütüphane: Akademik İsimler,B1 Temel Akademik İsimler,reason,"sebep, akıl, gerekçe",isim,B1,,Do I need a reason?,Bir nedene ihtiyacım var mı?
Kütüphane: Sıfatlar & Zarflar,B1-B2 Sık Çıkan Akademik Sıfatlar,receive,"teslim almak, almak, anlamak",sıfat,B2,,How much will I receive?,Ne kadar alacağım?
Kütüphane: Akademik İsimler,B2 İleri Akademik İsimler,receiving,"alış, karşılama, alma",isim,B2,,I keep receiving unwanted emails.,İstemediğim e-postaları almaya devam ediyorum.
Kütüphane: Sıfatlar & Zarflar,B1-B2 Sık Çıkan Akademik Sıfatlar,recent,"son, yeni, taze",sıfat,B1,,Is it a recent picture?,O yeni bir resim mi?
Kütüphane: Akademik Fiiller,B2 İleri Akademik Fiiller,recognize,"tanımak, haklı bulmak, bilmek",fiil,B2,,I don't recognize it.,Onu tanımıyorum.
Kütüphane: Akademik Fiiller,B2 İleri Akademik Fiiller,recommend,"tavsiye etmek, salık vermek, önermek",fiil,B2,,I don't recommend it.,Onu tavsiye etmiyorum.
Kütüphane: Akademik İsimler,C1 Üst Düzey Akademik İsimler,recommendation,"tavsiye, tavsiyename, iş başarı belgesi",isim,C1,,Do you have a recommendation?,Bir tavsiyen var mı?
Kütüphane: Sıfatlar & Zarflar,C1 İleri Niteleme Sıfatları,recommended,"tavsiye edilmiş, tavsiye edilen, önerilen",sıfat,C1,,I'll do as you recommended.,Senin tavsiye ettiğin gibi yapacağım.
Kütüphane: Akademik İsimler,B2 İleri Akademik İsimler,recover,"kurtarmak, iyileşmek, sağalmak",isim,B2,heal,I'm sure you'll recover.,Eminim iyileşeceksin.
Kütüphane: Akademik İsimler,C1 Üst Düzey Akademik İsimler,recovering,"ihya, geri alma, kendine gelme",isim,C1,,He has no chance of recovering.,Onun iyileşme şansı yok.
Kütüphane: Akademik İsimler,B2 İleri Akademik İsimler,recovery,"kurtulma, atlatma, toparlanma",isim,B2,,He made a speedy recovery.,O hızlı bir iyileşme yaptı.
Kütüphane: Sıfatlar & Zarflar,B1-B2 Sık Çıkan Akademik Sıfatlar,recurrent,"reküren, devirli, geri dönen",sıfat,B2,,The empirical results of the study were remarkably recurrent.,Çalışmanın ampirik sonuçlarının son derece reküren olduğu görüldü.
Kütüphane: Akademik Fiiller,B1 Temel Sınav Fiilleri,reduce,"dönüştürmek, kısmak, kırmak",fiil,B1,diminish,He was able to reduce taxes.,"O, vergileri azaltabildi."
Kütüphane: Akademik İsimler,B2 İleri Akademik İsimler,reducing,"eksiltme, kısma, zayıflama",isim,B2,,Karaoke is good for reducing stress.,Karaoke stresi azaltmak için iyidir.
Kütüphane: Akademik Fiiller,B1 Temel Sınav Fiilleri,reform,"reform yapmak, yeniden düzenlemek, adam olmak",fiil,B1,,The new law was a major reform.,Yeni yasa büyük bir reformdu.
Kütüphane: Akademik İsimler,B2 İleri Akademik İsimler,reformer,"reformcu, yenilikçi, düzelten kimse",isim,B2,,The investigation highlighted the critical role of reformer.,Soruşturma reformcu kavramının kritik rolünü vurguladı.
Kütüphane: Akademik İsimler,B2 İleri Akademik İsimler,reformist,"reformcu, ıslahatçı, yenilikçi",isim,B2,,The investigation highlighted the critical role of reformist.,Soruşturma reformcu kavramının kritik rolünü vurguladı.
Kütüphane: Akademik Fiiller,B2 İleri Akademik Fiiller,refrain,"kendini tutmak, çekinmek, geri durmak",fiil,B2,,You should refrain from smoking.,Sigara içmekten çekinmelisin.
Kütüphane: Akademik Fiiller,B1 Temel Sınav Fiilleri,refuse,"geri çevirmek, reddetmek, imtina etmek",fiil,B1,,I refuse to do it.,Ben onu yapmayı reddediyorum.
Kütüphane: Akademik İsimler,B1 Temel Akademik İsimler,region,"bölge, yöre, ülke",isim,B1,,We found gold in that region.,Bu bölgede altın bulduk.
Kütüphane: Sıfatlar & Zarflar,B1-B2 Sık Çıkan Akademik Sıfatlar,regional,"bölgesel, bölgesel kurum, mevzii",sıfat,B2,,Fried spiders are a regional delicacy in Cambodia.,"Kızarmış örümcek, Kamboçya'da bölgesel bir yiyecektir."
Kütüphane: Sıfatlar & Zarflar,B1-B2 Sık Çıkan Akademik Sıfatlar,regular,"müdavim, muntazam, düzenli",sıfat,B2,,She is a regular beauty.,O düzenli bir güzellik.
Kütüphane: Sıfatlar & Zarflar,Akademik Zarflar (-ly / Derece),regularly,"düzenli olarak, sürekli, devamlı olarak",zarf,B2,,Do you work out regularly?,Düzenli çalışıyor musunuz?
Kütüphane: Akademik İsimler,"Alan Odaklı İsimler (Sağlık, Fen & Sosyal)",regulation,"düzenleme, nizam, regülasyon",isim,C1,,"The regulation was abolished, but then it was reenacted.",Düzenleme kaldırıldı ama sonra yeniden yürürlüğe kondu.
Kütüphane: Akademik Fiiller,B1 Temel Sınav Fiilleri,rehab,"rehabilitasyon, rehabilite etmek, iyileştirmek",fiil,B1,,I don't want to go to rehab.,Rehabilitasyona gitmek istemiyorum.
Kütüphane: Akademik İsimler,C1 Üst Düzey Akademik İsimler,rehabilitation,"rehabilitasyon, ıslah, haklarını geri verme",isim,C1,,Making amends is the first step toward rehabilitation.,Telafi etmek rehabilitasyona doğru ilk adımdır.
Kütüphane: Akademik Fiiller,B1 Temel Sınav Fiilleri,reject,"geri çevirmek, reddetmek, kabul etmemek",fiil,B1,,He got them to reject it.,O onlara onu geri çevirtti.
Kütüphane: Akademik İsimler,C1 Üst Düzey Akademik İsimler,relativity,"izafiyet, bağıntıcılık, mensubiyet",isim,C1,,Few scientists understand the theory of relativity.,Görecelik teorisini az sayıda bilimci anlıyor.
Kütüphane: Akademik Fiiller,B1 Temel Sınav Fiilleri,relax,"rahatlamak, rahatlatmak, dinlenmek",fiil,B1,,I've got to relax.,Rahatlamalıyım.
Kütüphane: Akademik İsimler,C1 Üst Düzey Akademik İsimler,relaxation,"dinlenme, relaksasyon, istirahat",isim,C1,,What do you do for relaxation?,Rahatlamak için ne yapıyorsun?
Kütüphane: Sıfatlar & Zarflar,B1-B2 Sık Çıkan Akademik Sıfatlar,relaxed,"rahatlamış, gevşemiş, rahat",sıfat,B2,,I feel relaxed with Tom.,Ben Tom'la rahat hissediyorum.
Kütüphane: Sıfatlar & Zarflar,B1-B2 Sık Çıkan Akademik Sıfatlar,relaxing,"dinlendirici, rahatlatıcı, gevşetici",sıfat,B2,,He's relaxing at home.,"O, evde dinleniyor."
Kütüphane: Akademik İsimler,B2 İleri Akademik İsimler,release,"piyasaya sunmak, piyasaya sürmek, satışa çıkarmak",isim,B2,,Don't release that dog.,O köpeği serbest bırakmayın.
Kütüphane: Akademik İsimler,B2 İleri Akademik İsimler,releasing,"salma, serbest bırakma, serbest bırakan",isim,B2,,I'm releasing the prisoners.,Tutukluları serbest bırakıyorum.
Kütüphane: Akademik İsimler,B2 İleri Akademik İsimler,relevance,"ilgi, alaka, bağıntılılık",isim,B2,,I don't see the relevance.,Ben alakayı görmüyorum.
Kütüphane: Sıfatlar & Zarflar,B1-B2 Sık Çıkan Akademik Sıfatlar,reliable,"güvenilir, itimat edilir, güven telkin eden",sıfat,B2,,I think it's reliable.,Sanırım bu güvenilir.
Kütüphane: Akademik İsimler,B2 İleri Akademik İsimler,reliance,"güven, güvenç, güvenme",isim,B2,,The investigation highlighted the critical role of reliance.,Soruşturma güven kavramının kritik rolünü vurguladı.
Kütüphane: Sıfatlar & Zarflar,B1-B2 Sık Çıkan Akademik Sıfatlar,religious,"dinsel, dini, dindar",sıfat,B2,,I'm not very religious.,Ben çok dindar değilim.
Kütüphane: Akademik Fiiller,B1 Temel Sınav Fiilleri,rely,"güvenmek, dayanmak, inanmak",fiil,B1,,Can I rely on you?,Sana güvenebilir miyim?
Kütüphane: Akademik Fiiller,B2 İleri Akademik Fiiller,relying,"istinat, istinaden, güvenerek",fiil,B2,,Everybody is relying on you.,Herkes size güveniyor.
Kütüphane: Akademik Fiiller,B1 Temel Sınav Fiilleri,remain,"geriye kalmak, kalmak, artmak",fiil,B1,,I will remain at home.,Evde kalacağım.
Kütüphane: Akademik Fiiller,B2 İleri Akademik Fiiller,remained,"kaldı, geriye kalan",fiil,B2,,He remained a poor man.,"O, fakir bir adam kaldı."
Kütüphane: Akademik İsimler,B2 İleri Akademik İsimler,remains,"kalıntılar, artıklar, ceset",isim,B2,,He remains sick in bed.,"O, hastalıktan yatağa düştü."
Kütüphane: Sıfatlar & Zarflar,C1 İleri Niteleme Sıfatları,remarkable,"dikkat çekici, göze çarpan, dikkate değer",sıfat,C1,,You're the remarkable one.,Sen dikkat çekici birisin.
Kütüphane: Akademik İsimler,B1 Temel Akademik İsimler,remedy,"deva, çare, çare bulmak",isim,B1,"cure, treatment",I have a remedy for that.,Bunun için bir çarem var.
Kütüphane: Sıfatlar & Zarflar,B1-B2 Sık Çıkan Akademik Sıfatlar,remote,"uzak, naklen yayın, uzakta olan şey",sıfat,B1,,Do you have the remote?,Uzaktan kumandan var mı?
Kütüphane: Sıfatlar & Zarflar,B1-B2 Sık Çıkan Akademik Sıfatlar,renewable,"yenilenebilir, temdit edilebilir, uzatılabilir",sıfat,B2,,We must develop renewable energy sources.,Yenilenebilir enerji kaynaklarımızı geliştirmeliyiz.
Kütüphane: Akademik Fiiller,B1 Temel Sınav Fiilleri,repeat,"yinelemek, tekrarlamak, yenilemek",fiil,B1,,I have to repeat it.,Onu tekrarlamam gerekiyor.
Kütüphane: Akademik Fiiller,B1 Temel Sınav Fiilleri,repel,"püskürtmek, geçirmemek, itelemek",fiil,B1,,The scent of cedar repels moths.,Sedir kokusu güveleri iter.
Kütüphane: Sıfatlar & Zarflar,C1 İleri Niteleme Sıfatları,repetitious,"tekrarlayan, tekrarlayıp duran, tekrarlarla dolu",sıfat,C1,,The empirical results of the study were remarkably repetitious.,Çalışmanın ampirik sonuçlarının son derece tekrarlayan olduğu görüldü.
Kütüphane: Sıfatlar & Zarflar,C1 İleri Niteleme Sıfatları,repetitive,"tekrarlayıp duran, tekrarlı, tekrarlanan",sıfat,C1,,We must try not to be repetitive.,Tekrarcı olmamaya çalışmalıyız.
Kütüphane: Sıfatlar & Zarflar,Akademik Zarflar (-ly / Derece),reply,"yanıtlamak, cevap, yanıt",zarf,B1,,Here's Tom's reply.,İşte Tom'un cevabı.
Kütüphane: Sıfatlar & Zarflar,B1-B2 Sık Çıkan Akademik Sıfatlar,reported,"rapor edilmiş, rapor edilen",sıfat,B2,,No damage has been reported.,Hiçbir hasar bildirilmedi.
Kütüphane: Akademik Fiiller,B2 İleri Akademik Fiiller,represent,"temsil etmek, yansıtmak, anlatmak",fiil,B2,"symbolize, stand for, signify, depict",What company do you represent?,Hangi şirketi temsil ediyorsun?
Kütüphane: Akademik İsimler,C1 Üst Düzey Akademik İsimler,represents,"aşağıdaki tutarlardan daha yüksek olanını aşan, her nokta, ilgili boyut",isim,C1,,A talent agency represents actors.,Bir yetenek ajansı aktörleri temsil eder.
Kütüphane: Akademik İsimler,B2 İleri Akademik İsimler,request,"rica etmek, talep etmek, istem",isim,B2,,It wasn't a request.,O bir rica değildi.
Kütüphane: Akademik Fiiller,B2 İleri Akademik Fiiller,require,"gerekmek, ihtiyacı olmak, gerek duymak",fiil,B2,,Do you require our help?,Yardımımıza ihtiyacın var mı?
Kütüphane: Sıfatlar & Zarflar,B1-B2 Sık Çıkan Akademik Sıfatlar,required,"gerekli, lazım, lüzumlu",sıfat,B2,,I do what is required.,Ben gerekeni yaparım.
Kütüphane: Sıfatlar & Zarflar,B1-B2 Sık Çıkan Akademik Sıfatlar,requisite,"zorunlu, gerekli şey, gereç",sıfat,B2,,The empirical results of the study were remarkably requisite.,Çalışmanın ampirik sonuçlarının son derece zorunlu olduğu görüldü.
Kütüphane: Akademik İsimler,"Alan Odaklı İsimler (Sağlık, Fen & Sosyal)",research,"incelemek, araştırmak, araştırma yapmak",isim,B2,,I did a little research.,Birazcık araştırma yaptım.
Kütüphane: Akademik İsimler,"Alan Odaklı İsimler (Sağlık, Fen & Sosyal)",researcher,"araştırmacı, araştırıcı, araştırma görevlisi",isim,C1,"scientist, analyst, investigator","He said, ""I plan to become a researcher.""","O, ""bir araştırmacı olmayı planlıyorum"" dedi."
Kütüphane: Akademik İsimler,"Alan Odaklı İsimler (Sağlık, Fen & Sosyal)",researchers,araştırmacılar,isim,C1,,Researchers say that it's easier to lose weight if you eat three square meals a day.,Araştırmacılar günde üç doyurucu yemek yersen kilo vermenin daha kolay olduğunu söylüyor.
Kütüphane: Akademik Fiiller,B2 İleri Akademik Fiiller,resemble,"benzemek, andırmak, kan çekmek",fiil,B2,,I think you resemble your mother.,Sanırım annene benziyorsun.
Kütüphane: Akademik Fiiller,B1 Temel Sınav Fiilleri,reside,"ikamet etmek, oturmak, -e dayanmak",fiil,B1,,She resides in New York.,"O, New York'ta oturmaktadır."
Kütüphane: Akademik İsimler,C1 Üst Düzey Akademik İsimler,resilience,"elastikiyet, geri tepme, çabuk iyileşme gücü",isim,C1,,The investigation highlighted the critical role of resilience.,Soruşturma elastikiyet kavramının kritik rolünü vurguladı.
Kütüphane: Akademik Fiiller,B2 İleri Akademik Fiiller,resolve,"kesin karar vermek, azmetmek, ahdetmek",fiil,B2,,It is impossible to resolve the conflict.,Bu çatışmayı çözmek imkansız.
Kütüphane: Akademik İsimler,B2 İleri Akademik İsimler,resource,"kaynak, kaynak sağlamak, beceriklilik",isim,B2,,Water is a precious resource.,Su çok kıymetli bir kaynaktır.
Kütüphane: Akademik İsimler,B2 İleri Akademik İsimler,response,"cevap, karşılık, yanıt",isim,B2,,That's a good response.,O iyi bir yanıt.
Kütüphane: Sıfatlar & Zarflar,C1 İleri Niteleme Sıfatları,responsible,"mesul, sorumlu, yükümlü",sıfat,C1,,I'm responsible for Tom.,Tom'dan sorumluyum.
Kütüphane: Akademik İsimler,B1 Temel Akademik İsimler,rest,"dinlendirmek, dinlenmek, dinlenme",isim,B1,,Can I rest a bit?,Biraz dinlenebilir miyim?
Kütüphane: Akademik İsimler,C1 Üst Düzey Akademik İsimler,restlessness,"yerinde duramama, huzursuzluk, uykusuzluk",isim,C1,,His restlessness gave her a hint that something was wrong.,Onun huzursuzluğu ona bir şeylerin yanlış olduğuna dair bir ipucu verdi.
Kütüphane: Akademik İsimler,C1 Üst Düzey Akademik İsimler,restoration,"restore etme, restorasyon, restorasyon dönemi",isim,C1,,The investigation highlighted the critical role of restoration.,Soruşturma restore etme kavramının kritik rolünü vurguladı.
Kütüphane: Akademik Fiiller,B2 İleri Akademik Fiiller,restrict,"sınırlamak, kısıtlamak, hasretmek",fiil,B2,,He feels this new law will restrict his freedom.,"Bu yeni kanunun, özgürlüğünü kısıtlayacağını hissediyor."
Kütüphane: Sıfatlar & Zarflar,C1 İleri Niteleme Sıfatları,restricted,"sınırlı, kısıtlı, gizli",sıfat,C1,,This is a restricted area.,Bu yasak bir alandır.
Kütüphane: Akademik İsimler,C1 Üst Düzey Akademik İsimler,restriction,"sınırlama, kısıtlama, tahdit",isim,C1,,They decided to abolish the old restriction.,Eski kısıtlamayı kaldırmaya karar verdiler.
Kütüphane: Akademik İsimler,B1 Temel Akademik İsimler,result,"netice, sonuç, sonucu olmak",isim,B1,,This is a good result.,Bu iyi bir sonuç.
Kütüphane: Akademik İsimler,B2 İleri Akademik İsimler,results,"sonuçlar, bulgular",isim,B2,,I want to see results.,Sonuçları görmek istiyorum.
Kütüphane: Sıfatlar & Zarflar,B1-B2 Sık Çıkan Akademik Sıfatlar,retired,"emekli, kuytu, münzevi",sıfat,B2,"former, emeritus","Aren't you retired, Tom?","Emekli değil misin, Tom?"
Kütüphane: Sıfatlar & Zarflar,C1 İleri Niteleme Sıfatları,retributive,"intikamcı, kinci, cezalandırıcı",sıfat,C1,,The empirical results of the study were remarkably retributive.,Çalışmanın ampirik sonuçlarının son derece intikamcı olduğu görüldü.
Kütüphane: Akademik Fiiller,B2 İleri Akademik Fiiller,reverse,"ters, yerlerini değiştirmek, tersine döndürmek",fiil,B2,,Can you do it in reverse?,Bunu tersten yapabilir misin?
Kütüphane: Akademik İsimler,C1 Üst Düzey Akademik İsimler,revolution,"ihtilal, devrim, inkılap",isim,C1,,The French Revolution began in 1789.,Fransız Devrimi 1789 yılında başladı.
Kütüphane: Akademik Fiiller,B2 İleri Akademik Fiiller,revolve,"dönmek, devir yapmak, yuvarlanmak",fiil,B2,,The planets revolve around the sun.,Gezegenler güneşin etrafında döner.
Kütüphane: Temel Kelimeler (A1-A2),Günlük Eylemler ve Sıfatlar,rich,"zengin, varsıl, bol bol",sıfat,A1,,I'm a rich man.,Ben zengin bir adamım.
Kütüphane: Sıfatlar & Zarflar,B1-B2 Sık Çıkan Akademik Sıfatlar,right,"sağ, hak, haklı",sıfat,B1,,I know I'm right.,Haklı olduğumu biliyorum.
Kütüphane: Akademik İsimler,B1 Temel Akademik İsimler,ring,"çalmak, yüzük, halka",isim,B1,,We sat in a ring.,Biz daire şeklinde oturduk.
Kütüphane: Akademik Fiiller,B1 Temel Sınav Fiilleri,rise,"doğmak, yükselmek, yükseliş",fiil,B1,,My cake didn't rise.,Benim kekim kabarmadı.
Kütüphane: Akademik İsimler,B1 Temel Akademik İsimler,risk,"risk, göze almak, riske etmek",isim,B1,,I can't risk it.,Onu riske edemem.
Kütüphane: Akademik İsimler,B1 Temel Akademik İsimler,risks,riskler,isim,B1,,Aren't there any risks?,Herhangi bir risk yok mu?
Kütüphane: Sıfatlar & Zarflar,B1-B2 Sık Çıkan Akademik Sıfatlar,risky,"riskli, sakat, terbiyesiz",sıfat,B1,,It's a risky plan.,Bu riskli bir plan.
Kütüphane: Sıfatlar & Zarflar,B1-B2 Sık Çıkan Akademik Sıfatlar,rival,"rakip, ... kadar ... olmak, çekişmek",sıfat,B1,,I'm Tom's rival.,Tom'un rakibiyim.
Kütüphane: Temel Kelimeler (A1-A2),Günlük İsimler ve Mekanlar,river,"nehir, akış, akarsu",isim,A1,,I swam in the river.,Ben nehirde yüzdüm.
Kütüphane: Akademik İsimler,"Alan Odaklı İsimler (Sağlık, Fen & Sosyal)",rivers,"her yol roma'ya çıkar, su akar yolunu bulur, tilkinin dönüp dolaşıp geleceği yer yine kürkçü dükkanıdır",isim,B1,,There are many rivers in India.,Hindistan'da birçok nehir var.
Kütüphane: Temel Kelimeler (A1-A2),Günlük İsimler ve Mekanlar,road,"yol, uyulan ilke, bir amaca ulaşmak için başvurulması gereken yöntem",isim,A1,,I'm on the road.,Ben yoldayım.
Kütüphane: Akademik İsimler,B1 Temel Akademik İsimler,robber,"soyguncu, hırsız, haydut",isim,B1,,The robber bashed her head in.,Soyguncu onun kafasına vurdu.
Kütüphane: Akademik İsimler,B2 İleri Akademik İsimler,robbery,"hırsızlık, soygun, karmanyola",isim,B2,,We're planning a robbery.,Bir soygun planlıyoruz.
Kütüphane: Sıfatlar & Zarflar,B1-B2 Sık Çıkan Akademik Sıfatlar,robust,"güçlü, dirençli, çetin",sıfat,B1,,He has a robust constitution.,Onun sağlam bir yapısı var.
Kütüphane: Akademik İsimler,B1 Temel Akademik İsimler,role,"rol, rol yapmak, sıfat",isim,B1,,What's Tom's role?,Tom'un rolü nedir?
Kütüphane: Akademik İsimler,B1 Temel Akademik İsimler,roller,"silindir, büyük dalga, bobin",isim,B1,,Do you like roller coasters?,Lunapark hızlı trenini sever misin?
Kütüphane: Temel Kelimeler (A1-A2),Günlük İsimler ve Mekanlar,room,"oda, oturmak, kalmak",isim,A1,,I'm in my room.,Odamdayım.
Kütüphane: Akademik Fiiller,B2 İleri Akademik Fiiller,roommate,oda arkadaşı,fiil,B2,,I'm Tom's roommate.,Ben Tom'un oda arkadaşıyım.
Kütüphane: Akademik İsimler,B1 Temel Akademik İsimler,root,"köken, kök, deşmek",isim,B1,,Do you like root beer?,Alkolsüz bira sever misin?
Kütüphane: Akademik İsimler,B1 Temel Akademik İsimler,rope,"halat, ip, kementle yakalamak",isim,B1,,I need a long rope.,Bana uzun bir ip gerek.
Kütüphane: Sıfatlar & Zarflar,B1-B2 Sık Çıkan Akademik Sıfatlar,rough,"kaba saba, kaba, sert",sıfat,B1,,I had a rough day.,Zor bir gün geçirdim.
Kütüphane: Sıfatlar & Zarflar,Akademik Zarflar (-ly / Derece),roughly,"yaklaşık olarak, tahminen, kabaca",zarf,B2,,I'm roughly the same age as Tom.,Ben aşağı yukarı Tom'la aynı yaştayım.
Kütüphane: Akademik Fiiller,B1 Temel Sınav Fiilleri,rout,"bozgun, tarumar etmek, darmadağın etmek",fiil,B1,,The research committee agreed to rout the proposed methodology.,Araştırma komitesi önerilen metodolojiyi bozgun konusunda mutabık kaldı.
Kütüphane: Akademik İsimler,B1 Temel Akademik İsimler,route,"güzergah, rota, sevk etmek",isim,B1,,Can I change the route?,Rotayı değiştirebilir miyim?
Kütüphane: Akademik İsimler,B2 İleri Akademik İsimler,routine,"rutin, adet, hergünkü işler",isim,B2,,It's a routine procedure.,Bu rutin bir işlemdir.
Kütüphane: Akademik İsimler,B1 Temel Akademik İsimler,row,"sıra, dizi, gürültülü bir şekilde kavga etmek",isim,B1,,I'm on death row.,Ben ölüm hücresindeyim.
Kütüphane: Akademik İsimler,"Alan Odaklı İsimler (Sağlık, Fen & Sosyal)",rule,"hüküm sürmek, hükmetmek, kural",isim,B1,,It's a good rule.,Bu iyi bir kural.
Kütüphane: Temel Kelimeler (A1-A2),Günlük Eylemler ve Sıfatlar,run,"çalıştırmak, işletmek, koşmak",fiil,A1,,I'm able to run.,Koşabilirim.
Kütüphane: Sıfatlar & Zarflar,B1-B2 Sık Çıkan Akademik Sıfatlar,running,"çalışma, işletme, koşma",sıfat,B2,,I'm sick of running.,Koşmaktan usandım.
Kütüphane: Sıfatlar & Zarflar,B1-B2 Sık Çıkan Akademik Sıfatlar,rural,"kırsal, taşra, köye ait",sıfat,B1,,I live in a rural area.,Kırsal bir alanda yaşıyorum.
Kütüphane: Sıfatlar & Zarflar,B1-B2 Sık Çıkan Akademik Sıfatlar,said,"söz konusu, adı geçen, söylenmiş",sıfat,B1,,I said I'd go.,Gideceğimi söyledim.
Kütüphane: Akademik İsimler,B1 Temel Akademik İsimler,sample,"örnek, numune, denemek",isim,B1,,This is a free sample.,Bu ücretsiz bir örnektir.
Kütüphane: Akademik İsimler,B2 İleri Akademik İsimler,satellite,"uydu, uşak, peyk",isim,B2,,The satellite is now in orbit.,Uydu şimdi yörüngededir.
Kütüphane: Akademik Fiiller,B2 İleri Akademik Fiiller,satisfy,"tatmin etmek, doyurmak, yerine getirmek",fiil,B2,,We can't satisfy everyone.,Biz herkesi tatmin edemeyiz.
Kütüphane: Akademik Fiiller,B1 Temel Sınav Fiilleri,say,"söylemek, demek, said - said",fiil,B1,,I say it's OK.,Bunun tamam olduğunu söylüyorum.
Kütüphane: Akademik Fiiller,B1 Temel Sınav Fiilleri,scan,"taramak, görüntülemek, incelemek",fiil,B1,,I have to be honest. I was a little bit nervous the first time I had an MRI scan.,Dürüst olmak zorundayım. Ben bir MRI taraması ilk yaptırdığım zaman biraz sinirliydim.
Kütüphane: Akademik İsimler,B2 İleri Akademik İsimler,scanning,"tarama, gözden geçirme, görüntüleme",isim,B2,,The investigation highlighted the critical role of scanning.,Soruşturma tarama kavramının kritik rolünü vurguladı.
Kütüphane: Akademik Fiiller,B1 Temel Sınav Fiilleri,scare,"ürkütmek, korkutmak, ödünü koparmak",fiil,B1,,You can't scare me.,Beni korkutamazsın.
Kütüphane: Sıfatlar & Zarflar,B1-B2 Sık Çıkan Akademik Sıfatlar,scared,korkmuş,sıfat,B1,,I'm a bit scared.,Ben biraz korkuyorum.
Kütüphane: Akademik İsimler,B2 İleri Akademik İsimler,scaring,"korkutma, ürkütme, ürkütücü",isim,B2,,You're scaring the kids.,Çocukları korkutuyorsun.
Kütüphane: Sıfatlar & Zarflar,B1-B2 Sık Çıkan Akademik Sıfatlar,scary,"ürkütücü, korkunç, korkutucu",sıfat,B1,,It's a little scary.,O biraz korkutucu.
Kütüphane: Akademik İsimler,B1 Temel Akademik İsimler,scene,"sahne, manzara, olay yeri",isim,B1,,Don't make a scene.,Olay çıkartmayın.
Kütüphane: Sıfatlar & Zarflar,Akademik Zarflar (-ly / Derece),scholarly,"ilmi, bilgili, bilimsel",zarf,B2,,The empirical results of the study were remarkably scholarly.,Çalışmanın ampirik sonuçlarının son derece ilmi olduğu görüldü.
Kütüphane: Temel Kelimeler (A1-A2),Günlük İsimler ve Mekanlar,school,"mektep, okul, yetiştirmek",isim,A1,,I'll go to school.,Okula gideceğim.
Kütüphane: Akademik İsimler,B2 İleri Akademik İsimler,schooling,"terbiye, tedrisat, eğitme",isim,B2,,The investigation highlighted the critical role of schooling.,Soruşturma terbiye kavramının kritik rolünü vurguladı.
Kütüphane: Akademik İsimler,"Alan Odaklı İsimler (Sağlık, Fen & Sosyal)",science,"ilim, bilim, beceri",isim,B2,,I'm good at science.,Ben bilimde iyiyim.
Kütüphane: Sıfatlar & Zarflar,C1 İleri Niteleme Sıfatları,scientific,"ilmi, bilimsel, fenni",sıfat,C1,,Is that a scientific fact?,O bilimsel bir gerçek mi?
Kütüphane: Akademik İsimler,B2 İleri Akademik İsimler,scientist,"bilgin, bilim insanı, fenci",isim,B2,"researcher, analyst, scholar",I'm not a scientist.,Ben bir bilim adamı değilim.
Kütüphane: Akademik İsimler,C1 Üst Düzey Akademik İsimler,scientists,"bilim adamları, bilim insanları",isim,C1,,The scientists analyzed the data.,Bilim adamları veriyi analiz ettiler.
Kütüphane: Akademik İsimler,B1 Temel Akademik İsimler,scores,"çok sayı, çok sayıda, skorlar",isim,B1,,Scores of people visited Japan.,Çok sayıda insan Japonyayı ziyaret etti.
Kütüphane: Akademik İsimler,B1 Temel Akademik İsimler,seam,"dikiş, dikiş yeri, ters ilmikle örmek",isim,B1,,The investigation highlighted the critical role of seam.,Soruşturma dikiş kavramının kritik rolünü vurguladı.
Kütüphane: Akademik Fiiller,B1 Temel Sınav Fiilleri,search,"araştırmak, aramak, araştırma",fiil,B1,,I knew where to search.,Nerede arayacağımı biliyordum.
Kütüphane: Akademik İsimler,B2 İleri Akademik İsimler,searcher,"araştırmacı, arayan, arama yapan kimse",isim,B2,,The investigation highlighted the critical role of searcher.,Soruşturma araştırmacı kavramının kritik rolünü vurguladı.
Kütüphane: Akademik İsimler,B1 Temel Akademik İsimler,seas,gözlem anında rüzgar etkisiyle oluşan dalgalar,isim,B1,,The investigation highlighted the critical role of seas.,Soruşturma gözlem anında rüzgar etkisiyle oluşan dalgalar kavramının kritik rolünü vurguladı.
Kütüphane: Akademik İsimler,B2 İleri Akademik İsimler,seashore,"deniz kıyısı, kıyı, lebiderya",isim,B2,,They made for the seashore.,Onlar sahile doğru gitti.
Kütüphane: Akademik İsimler,B2 İleri Akademik İsimler,seaside,"sahil, deniz kıyısı, deniz kenarı",isim,B2,,It's a nice seaside town.,Bu güzel bir sahil kasabası.
Kütüphane: Sıfatlar & Zarflar,B1-B2 Sık Çıkan Akademik Sıfatlar,seasoned,"lezzet verilmiş, baharatlı, deneyimli",sıfat,B2,,I seasoned the fish with salt and pepper.,Tuz ve biberle balığı çeşnilendirdim.
Kütüphane: Akademik İsimler,B1 Temel Akademik İsimler,second,"saniye, ikinci, destek vermek",isim,B1,,Can I have a second?,Bir saniyenizi alabilir miyim?
Kütüphane: Sıfatlar & Zarflar,B1-B2 Sık Çıkan Akademik Sıfatlar,secret,"sır, gizli, gizem",sıfat,B1,,I've got a secret.,Bir sırrım var.
Kütüphane: Akademik Fiiller,B1 Temel Sınav Fiilleri,secure,"sağlamlaştırmak, güvenceye almak, elde etmek",fiil,B1,,How secure is my job?,İşim ne kadar güvende?
Kütüphane: Akademik İsimler,B2 İleri Akademik İsimler,security,"güvenlik, emniyet, güvence",isim,B2,,I'm in charge of security.,Güvenlikten sorumluyum.
Kütüphane: Akademik Fiiller,B1 Temel Sınav Fiilleri,sedate,"sakinleştirmek, yatıştırmak, yatıştırıcı vermek",fiil,B1,,I've never been sedated before.,Bana daha önce hiç yatıştırıcı verilmedi.
Kütüphane: Akademik İsimler,B2 İleri Akademik İsimler,sedation,"yatıştırma, sakinlik, sedasyon",isim,B2,,The investigation highlighted the critical role of sedation.,Soruşturma yatıştırma kavramının kritik rolünü vurguladı.
Kütüphane: Sıfatlar & Zarflar,B1-B2 Sık Çıkan Akademik Sıfatlar,sedative,"yatıştırıcı, yatıştırıcı ilaç, teskin edici",sıfat,B2,,The nurse gave you a sedative.,Hemşire sana bir sakinleştirici verdi.
Kütüphane: Sıfatlar & Zarflar,B1-B2 Sık Çıkan Akademik Sıfatlar,sedentary,"oturarak yapılan, sakin, sedanter",sıfat,B2,,The empirical results of the study were remarkably sedentary.,Çalışmanın ampirik sonuçlarının son derece oturarak yapılan olduğu görüldü.
Kütüphane: Temel Kelimeler (A1-A2),Günlük Eylemler ve Sıfatlar,see,"görmek, bakmak, saw - seen",fiil,A1,,I can't see it.,Onu göremiyorum.
Kütüphane: Akademik İsimler,B1 Temel Akademik İsimler,seed,"tohum, çekirdeği çıkarmak, çekirdeğini çıkarmak",isim,B1,,When did you seed the lawn?,Çimi ne zaman tohumladın?
Kütüphane: Akademik Fiiller,B1 Temel Sınav Fiilleri,seem,"gözükmek, görünmek, gelmek",fiil,B1,,I seem to be lost.,Kaybolmuş gibi görünüyorum.
Kütüphane: Akademik İsimler,B1 Temel Akademik İsimler,seemed,göründü,isim,B1,,He seemed to be ill.,O hasta görünüyordu.
Kütüphane: Akademik Fiiller,B1 Temel Sınav Fiilleri,seems,"sanki, göründüğü gibi olmamak, görünüşe göre",fiil,B1,,He seems to be rich.,O zengin gibi görünüyor.
Kütüphane: Sıfatlar & Zarflar,B1-B2 Sık Çıkan Akademik Sıfatlar,seen,görülen,sıfat,B1,,I've seen a few.,Birkaç tane gördüm.
Kütüphane: Akademik İsimler,C1 Üst Düzey Akademik İsimler,segregation,"ırk ayrımı, ayrı depolama, ayrı tutma",isim,C1,,The investigation highlighted the critical role of segregation.,Soruşturma ırk ayrımı kavramının kritik rolünü vurguladı.
Kütüphane: Sıfatlar & Zarflar,B1-B2 Sık Çıkan Akademik Sıfatlar,select,"seçmek, ayıklamak, elemek",sıfat,B1,,He selected a Christmas gift for her.,Onun için bir noel hediyesi seçti.
Kütüphane: Akademik İsimler,B2 İleri Akademik İsimler,selection,"seçme, ayırma, seçme şey",isim,B2,,I've made my selection.,Ben seçimimi yaptım.
Kütüphane: Akademik İsimler,B1 Temel Akademik İsimler,self,"öz, kendi, özellik",isim,B1,,He is a self-made man.,O kendi kendini yetiştirmiş bir adam.
Kütüphane: Akademik İsimler,B2 İleri Akademik İsimler,semester,"sömestr, dönem, sömestir",isim,B2,,I'm taking French this semester.,Bu dönem Fransızca alıyorum.
Kütüphane: Akademik Fiiller,B1 Temel Sınav Fiilleri,send,"yollamak, göndermek, sent - sent",fiil,B1,,I'll send for you.,Senin için göndereceğim.
Kütüphane: Akademik İsimler,B2 İleri Akademik İsimler,sensation,"sansasyon, his, algılama",isim,B2,,It was an overnight sensation.,Bu bir gecelik heyecandı.
Kütüphane: Akademik İsimler,B1 Temel Akademik İsimler,sense,"algılamak, hissetmek, algı",isim,B1,,Can't you sense it?,Bunu hissedemiyor musun?
Kütüphane: Sıfatlar & Zarflar,B1-B2 Sık Çıkan Akademik Sıfatlar,sensible,"mantıklı, akla uygun, halden anlayan",sıfat,B2,,I think it's sensible.,Bence bu mantıklı.
Kütüphane: Sıfatlar & Zarflar,B1-B2 Sık Çıkan Akademik Sıfatlar,sensitive,"içli, hassas, duyarlı",sıfat,B2,delicate,Don't be so sensitive.,O kadar hassas olma.
Kütüphane: Sıfatlar & Zarflar,B1-B2 Sık Çıkan Akademik Sıfatlar,sensual,"duygusal, şehvetli, kösnül",sıfat,B2,,The empirical results of the study were remarkably sensual.,Çalışmanın ampirik sonuçlarının son derece duygusal olduğu görüldü.
Kütüphane: Sıfatlar & Zarflar,C1 İleri Niteleme Sıfatları,sentimental,"duygusal, içli, hassas",sıfat,C1,,Don't be so sentimental.,Bu kadar duygusal olmayın.
Kütüphane: Sıfatlar & Zarflar,B1-B2 Sık Çıkan Akademik Sıfatlar,serious,"ciddi, ağır, ağırbaşlı",sıfat,B2,,I'm a serious person.,Ben ciddi bir kişiyim.
Kütüphane: Akademik Fiiller,B1 Temel Sınav Fiilleri,serve,"hizmet etmek, tapmak, yaramak",fiil,B1,,How may I serve you?,Size nasıl hizmet edebilirim?
Kütüphane: Akademik İsimler,B2 İleri Akademik İsimler,session,"celse, oturum, seans",isim,B2,,The Diet is now in session.,Meclis şimdi oturumda.
Kütüphane: Akademik Fiiller,B1 Temel Sınav Fiilleri,set,"kurmak, set, takım",fiil,B1,,Let's set a date.,Bir tarih belirleyelim.
Kütüphane: Akademik İsimler,B2 İleri Akademik İsimler,setback,"gerileme, aksama, yenilgi",isim,B2,,It's only a minor setback.,Bu sadece küçük bir başarısızlık.
Kütüphane: Akademik İsimler,B1 Temel Akademik İsimler,setup,"kurma, kurulum, vaziyet",isim,B1,,The investigation highlighted the critical role of setup.,Soruşturma kurma kavramının kritik rolünü vurguladı.
Kütüphane: Sıfatlar & Zarflar,B1-B2 Sık Çıkan Akademik Sıfatlar,several,"birçok, çeşitli, ayrı",sıfat,B2,,I met him several times.,Onunla birkaç kez karşılaştım.
Kütüphane: Sıfatlar & Zarflar,B1-B2 Sık Çıkan Akademik Sıfatlar,severe,"haşin, sert, şiddetli",sıfat,B1,,I had a severe headache.,Şiddetli bir baş ağrım vardı.
Kütüphane: Sıfatlar & Zarflar,B1-B2 Sık Çıkan Akademik Sıfatlar,shallow,"sığ, sığlaşmak, düzlemek",sıfat,B2,,Do you think I'm shallow?,Benim sığ olduğumu mu düşünüyorsun?
Kütüphane: Akademik İsimler,"Alan Odaklı İsimler (Sağlık, Fen & Sosyal)",shape,"şekillendirmek, biçim vermek, şekil vermek",isim,B1,,I'm in bad shape.,Ben kötü durumdayım.
Kütüphane: Temel Kelimeler (A1-A2),Günlük İsimler ve Mekanlar,she,"dişi hayvan, dişi, kadın",zamir,B1,,She's on a diet.,O diyet yapıyor.
Kütüphane: Akademik İsimler,B1 Temel Akademik İsimler,sheep,"koyun, koyun gibi tip, ezik kimse",isim,B1,,I have a lot of sheep.,Bir sürü koyunum var.
Kütüphane: Akademik İsimler,B2 İleri Akademik İsimler,shelter,"barınak, sığınak, sığınmak",isim,B2,,A shelter was set up.,Bir barınak kuruldu.
Kütüphane: Akademik İsimler,B1 Temel Akademik İsimler,shield,"zırh, siper, kalkan",isim,B1,,I tried to shield you from this.,Seni bundan korumaya çalıştım.
Kütüphane: Akademik İsimler,B1 Temel Akademik İsimler,shift,"değiştirmek, vardiya, kaçamak cevap vermek",isim,B1,,Tom's shift is over.,Tom'un vardiyası bitti.
Kütüphane: Temel Kelimeler (A1-A2),Günlük Eylemler ve Sıfatlar,ship,"gemi, kürekleri içeri almak, mal yüklemek",fiil,A1,,It's a cargo ship.,Bu bir kargo gemisi.
Kütüphane: Akademik İsimler,B1 Temel Akademik İsimler,shore,"sahil, kıyı, payanda vurmak",isim,B1,,I swam toward the shore.,Ben kıyıya doğru yüzdüm.
Kütüphane: Sıfatlar & Zarflar,B1-B2 Sık Çıkan Akademik Sıfatlar,short,"az, alçak, kısa",sıfat,B1,,It's a short walk.,O kısa bir yürüyüş.
Kütüphane: Akademik Fiiller,B1 Temel Sınav Fiilleri,should,"gerekmek, -malı, -meli",fiil,B1,,I should be in bed.,Yatakta olmam gerekir.
Kütüphane: Akademik İsimler,B1 Temel Akademik İsimler,show,"göstermek, gösteri, showed - shown/showed",isim,B1,,I can't show you.,Sana gösteremem.
Kütüphane: Sıfatlar & Zarflar,B1-B2 Sık Çıkan Akademik Sıfatlar,shown,gösterilen,sıfat,B1,,They were shown the door.,Onlar sokak anahtarını aldılar.
Kütüphane: Sıfatlar & Zarflar,B1-B2 Sık Çıkan Akademik Sıfatlar,sick,"hasta, yakalatmak, kusmak",sıfat,B1,,I'm sick of it.,Bundan bıktım.
Kütüphane: Akademik İsimler,B2 İleri Akademik İsimler,sickness,"hastalık, dert, bulantı",isim,B2,,She is absent because of sickness.,"O, hastalıktan dolayı mevcut değil."
Kütüphane: Akademik İsimler,B1 Temel Akademik İsimler,sight,"görünüş, görme yeteneği, görme",isim,B1,,No one's in sight.,Hiç kimse görünürde değil.
Kütüphane: Akademik İsimler,B1 Temel Akademik İsimler,sign,"imzalamak, imza atmak, alamet",isim,B1,,How do I sign up?,Nasıl kaydolurum?
Kütüphane: Sıfatlar & Zarflar,C1 İleri Niteleme Sıfatları,significant,"dikkate değer, kayda değer, belirli",sıfat,C1,,It was a significant moment.,O önemli bir andı.
Kütüphane: Sıfatlar & Zarflar,Akademik Zarflar (-ly / Derece),significantly,"önemli ölçüde, anlamlı, önemli",zarf,C1,,My grades have improved significantly.,Benim notlarım önemli ölçüde arttı.
Kütüphane: Akademik İsimler,B1 Temel Akademik İsimler,silver,"gümüş, ağarmak, sırlamak",isim,B1,,He won a silver medal.,O gümüş bir madalya kazandı.
Kütüphane: Sıfatlar & Zarflar,B1-B2 Sık Çıkan Akademik Sıfatlar,simple,"sade, yalın, basit",sıfat,B1,,I'm a simple girl.,Ben basit bir kızım.
Kütüphane: Sıfatlar & Zarflar,Akademik Zarflar (-ly / Derece),simply,"basit bir şekilde, basitçe, bayağı",zarf,B1,,I simply don't know.,Sadece bilmiyorum.
Kütüphane: Bağlaçlar & Edatlar,Sebep ve Sonuç,since,"ondan sonra, o zamandan beri, sonradan",bağlaç,B1,,I've been up since 2:30.,2:30'dan beri ayaktayım.
Kütüphane: Temel Kelimeler (A1-A2),Günlük Eylemler ve Sıfatlar,sing,"söylemek, ötmek, şarkı söylemek",fiil,A1,,I said I'd sing.,Şarkı söyleyeceğimi söyledim.
Kütüphane: Sıfatlar & Zarflar,B1-B2 Sık Çıkan Akademik Sıfatlar,single,"bekar, tek, ayırmak",sıfat,B1,,I'm a single mom.,Ben tek bir anneyim.
Kütüphane: Akademik İsimler,B1 Temel Akademik İsimler,sings,"dereyi görmeden paçaları sıvama, son kozu oynamadan her şey bitmiş sayılmaz, henüz her şey bitmedi",isim,B1,,She sings out of tune.,O uyumsuz şarkı söylüyor.
Kütüphane: Akademik Fiiller,B1 Temel Sınav Fiilleri,sip,"yudumlamak, yudum, çekmek",fiil,B1,,Can I have a sip?,Bir yudum alabilir miyim?
Kütüphane: Akademik İsimler,B1 Temel Akademik İsimler,site,"yerleştirmek, oturtmak, açmak",isim,B1,,We're updating the site.,Siteyi güncelliyoruz.
Kütüphane: Akademik İsimler,B2 İleri Akademik İsimler,sitting,"oturuş, oturum, oturma",isim,B2,,I'm not sitting here.,Burada oturmuyorum.
Kütüphane: Akademik İsimler,B2 İleri Akademik İsimler,situation,"hal, durum, ekmek kapısı",isim,B2,,We've got a situation.,Bir durumumuz var.
Kütüphane: Temel Kelimeler (A1-A2),Günlük İsimler ve Mekanlar,six,"şeş, altı rakamı, altı",isim,A1,,I get up at six.,Ben altıda kalkarım.
Kütüphane: Akademik Fiiller,B1 Temel Sınav Fiilleri,skies,"göklere çıkarmak, birini aşırı derecede övmek, öve öve bitirememek",fiil,B1,,The skies won't be clear.,Gökyüzü açık olmayacak.
Kütüphane: Akademik İsimler,"Alan Odaklı İsimler (Sağlık, Fen & Sosyal)",skill,"maharet, beceri, hüner",isim,B1,,He showed a lot of skill.,O bir sürü yetenek gösterdi.
Kütüphane: Akademik İsimler,"Alan Odaklı İsimler (Sağlık, Fen & Sosyal)",skills,"vasıflar, beceriler",isim,B1,,Don't you have any skills?,Herhangi bir becerin yok mu?
Kütüphane: Akademik İsimler,B1 Temel Akademik İsimler,skin,"soymak, ten, deri",isim,B1,,Your skin is so soft.,Cildiniz çok yumuşak.
Kütüphane: Akademik Fiiller,B1 Temel Sınav Fiilleri,skip,"atlamak, sekmek, atlama",fiil,B1,,Don't skip this step.,Bu adımı atlama.
Kütüphane: Temel Kelimeler (A1-A2),Günlük İsimler ve Mekanlar,sky,"gök, gökyüzü, yükseğe atmak",isim,A1,,Look up at the sky.,Gökyüzüne bak.
Kütüphane: Akademik İsimler,C1 Üst Düzey Akademik İsimler,skyscraper,gökdelen,isim,C1,,The skyscraper was built on a solid foundation.,Gökdelen sağlam bir temel üzerine inşa edildi.
Kütüphane: Akademik İsimler,C1 Üst Düzey Akademik İsimler,skyscrapers,gökdelenler,isim,C1,,The investigation highlighted the critical role of skyscrapers.,Soruşturma gökdelenler kavramının kritik rolünü vurguladı.
Kütüphane: Temel Kelimeler (A1-A2),Günlük İsimler ve Mekanlar,sleep,"uyumak, uyku, slept - slept",isim,A1,,I sleep on a cot.,Ben bir karyolada uyurum.
Kütüphane: Akademik İsimler,B1 Temel Akademik İsimler,slope,"meyil, bayır, eğim",isim,B1,,It's a slippery slope.,O kaygan bir eğim.
Kütüphane: Temel Kelimeler (A1-A2),Günlük Eylemler ve Sıfatlar,small,"az, küçük, ufak",sıfat,A1,,It's a small dog.,Bu küçük bir köpek.
Kütüphane: Sıfatlar & Zarflar,Akademik Zarflar (-ly / Derece),smartly,"ustalıkla, zekice, sert/sıkı bir şekilde",zarf,B2,,The empirical results of the study were remarkably smartly.,Çalışmanın ampirik sonuçlarının son derece ustalıkla olduğu görüldü.
Kütüphane: Akademik Fiiller,B1 Temel Sınav Fiilleri,smell,"koklamak, kokmak, koku",fiil,B1,,What's it smell like?,O nasıl kokuyor?
Kütüphane: Akademik İsimler,B1 Temel Akademik İsimler,smells,"biri ölmüş gibi kokuyor!, leş gibi kokuyor!, gerçekten çok kötü kokuyor!",isim,B1,,He smells like a goat.,"O, keçi gibi kokuyor."
Kütüphane: Akademik Fiiller,B1 Temel Sınav Fiilleri,smile,"gülümsemek, gülücük yapmak, tebessüm etmek",fiil,B1,,I love Tom's smile.,Tom'un gülümsemesini seviyorum.
Kütüphane: Akademik Fiiller,B1 Temel Sınav Fiilleri,smoke,"sigara içmek, duman, duman tütmek",fiil,B1,,Don't smoke in bed.,Yatakta sigara içme.
Kütüphane: Akademik İsimler,B2 İleri Akademik İsimler,smoking,"sigara içme, sigara kullanımı, dumanlama",isim,B2,,I can't stop smoking.,Sigarayı bırakamam.
Kütüphane: Temel Kelimeler (A1-A2),Günlük İsimler ve Mekanlar,snow,"kar, yağmak, karla kaplamak",isim,A1,,I don't like snow.,Karı sevmiyorum.
Kütüphane: Sıfatlar & Zarflar,B1-B2 Sık Çıkan Akademik Sıfatlar,snowy,"karlı, bembeyaz, yağışlı",sıfat,B1,,My grandfather has snowy white hair.,Büyükbabamın kar beyazı saçı var.
Kütüphane: Bağlaçlar & Edatlar,Koşul ve Eklemeler,so,"bu yüzden, öyle, böyle",bağlaç,B1,,I'm not so old.,O kadar da yaşlı değilim.
Kütüphane: Sıfatlar & Zarflar,B1-B2 Sık Çıkan Akademik Sıfatlar,social,"sosyal, sokulgan, toplumsal",sıfat,B1,,I'm a social worker.,Ben bir sosyal hizmet görevlisiyim.
Kütüphane: Sıfatlar & Zarflar,B1-B2 Sık Çıkan Akademik Sıfatlar,societal,toplumsal,sıfat,B2,,The empirical results of the study were remarkably societal.,Çalışmanın ampirik sonuçlarının son derece toplumsal olduğu görüldü.
Kütüphane: Akademik İsimler,"Alan Odaklı İsimler (Sağlık, Fen & Sosyal)",society,"toplum, dernek, cemiyet",isim,B2,,He is a danger to society.,"O, toplum için bir tehlikedir."
Kütüphane: Akademik İsimler,B1 Temel Akademik İsimler,soil,"toprak, pisletmek, leke sürmek",isim,B1,,This is very good soil.,Bu çok iyi toprak.
Kütüphane: Sıfatlar & Zarflar,B1-B2 Sık Çıkan Akademik Sıfatlar,solar,"güneş, güneşsel, güneşle ilgili",sıfat,B1,,Do you use solar panels?,Güneş panelleri kullanıyor musunuz?
Kütüphane: Akademik İsimler,B2 İleri Akademik İsimler,soldier,"asker, askerlik yapmak, işçi",isim,B2,,I'm a soldier now.,Ben şimdi bir askerim.
Kütüphane: Akademik İsimler,B2 İleri Akademik İsimler,soldiers,askerler,isim,B2,,A lot of soldiers died here.,Burada bir sürü asker öldü.
Kütüphane: Akademik İsimler,B2 İleri Akademik İsimler,solicitor,"avukat, acente, savcı",isim,B2,,The investigation highlighted the critical role of solicitor.,Soruşturma avukat kavramının kritik rolünü vurguladı.
Kütüphane: Akademik İsimler,B2 İleri Akademik İsimler,solution,"çözelti, çözüm, mahlul",isim,B2,,I may have a solution.,Bir çözümüm olabilir.
Kütüphane: Akademik İsimler,B2 İleri Akademik İsimler,solutions,"çözüm yolları, çözümler, solüsyonlar",isim,B2,,There are no easy solutions.,Kolay çözümler yoktur.
Kütüphane: Akademik Fiiller,B1 Temel Sınav Fiilleri,solve,"çözmek, halletmek, çözümlemek",fiil,B1,,I just can't solve it.,Sadece onu çözemiyorum.
Kütüphane: Akademik İsimler,B2 İleri Akademik İsimler,solving,"çözme, çözüm, kulak tırmalayıcı",isim,B2,,I'm solving a puzzle.,Bir bulmaca çözüyorum.
Kütüphane: Sıfatlar & Zarflar,B1-B2 Sık Çıkan Akademik Sıfatlar,somatic,"somatik, bedeni, tensel",sıfat,B2,,The empirical results of the study were remarkably somatic.,Çalışmanın ampirik sonuçlarının son derece somatik olduğu görüldü.
Kütüphane: Sıfatlar & Zarflar,B1-B2 Sık Çıkan Akademik Sıfatlar,some,"biraz, bazı, birkaç",sıfat,B1,,I'll go get some.,Biraz almaya gideceğim
Kütüphane: Temel Kelimeler (A1-A2),Günlük İsimler ve Mekanlar,somebody,"biri, birisi, şahsiyet",zamir,B2,,Somebody had to do it.,Birisinin yapması gerekiyordu.
Kütüphane: Temel Kelimeler (A1-A2),Günlük İsimler ve Mekanlar,someone,"birisi, kimse, bir kimse",zamir,B2,,Someone has to do it.,Birisi onu yapmalı.
Kütüphane: Akademik Fiiller,B2 İleri Akademik Fiiller,sometimes,"bazen, ara sıra, arada",fiil,B2,,I admit I sometimes cry.,İtiraf ediyorum ki bazen ağlarım.
Kütüphane: Akademik İsimler,B1 Temel Akademik İsimler,sort,"sıralamak, sınıflandırmak, cins",isim,B1,,I'm sort of busy.,Hayli meşgulüm.
Kütüphane: Akademik İsimler,B2 İleri Akademik İsimler,sorting,"sıralama, derecelenme, sınıflandırma",isim,B2,,We're still sorting it out.,Biz hâlâ onu çözümlüyoruz.
Kütüphane: Akademik İsimler,B1 Temel Akademik İsimler,soul,"ruh, kimse, kök",isim,B1,,Don't tell a soul.,Bunu kimseye söyleme.
Kütüphane: Sıfatlar & Zarflar,B1-B2 Sık Çıkan Akademik Sıfatlar,sound,"ses, söylemek, derine dalmak",sıfat,B1,,Do I sound in love?,Âşık gibi görünüyor muyum?
Kütüphane: Akademik İsimler,B2 İleri Akademik İsimler,soundness,"sağlamlık, selamet, iyi durumda olma",isim,B2,,The investigation highlighted the critical role of soundness.,Soruşturma sağlamlık kavramının kritik rolünü vurguladı.
Kütüphane: Akademik İsimler,B1 Temel Akademik İsimler,sounds,"sesler, ses efekti",isim,B1,,I know how it sounds.,Kulağa nasıl geldiğini biliyorum.
Kütüphane: Temel Kelimeler (A1-A2),Günlük İsimler ve Mekanlar,soup,"çorba, nitrogliserin, yoğun sis",isim,A1,,Don't you want soup?,Çorba istemiyor musun?
Kütüphane: Sıfatlar & Zarflar,B1-B2 Sık Çıkan Akademik Sıfatlar,sour,"ekşi, zehir olmak, bozulmak",sıfat,B1,,Is it sweet or sour?,"O, tatlı mı yoksa ekşi midir?"
Kütüphane: Akademik İsimler,B1 Temel Akademik İsimler,source,"kaynak, köken, edinmek",isim,B1,,I can't reveal my source.,Kaynağımı söyleyemem.
Kütüphane: Akademik İsimler,B2 İleri Akademik İsimler,sources,kaynaklar,isim,B2,,I can't reveal my sources.,Kaynaklarımı söyleyemem.
Kütüphane: Akademik İsimler,B1 Temel Akademik İsimler,space,"aralık, açıklık, mekan",isim,B1,,I need a little space.,Biraz yere ihtiyacım var.
Kütüphane: Sıfatlar & Zarflar,B1-B2 Sık Çıkan Akademik Sıfatlar,spare,"kıymamak, ayırmak, boş",sıfat,B1,,I have a spare key.,Yedek anahtarım var.
Kütüphane: Akademik İsimler,B1 Temel Akademik İsimler,spe,özel-amaçlı şirket,isim,B1,,Can we speed it up?,Onu hızlandırabilir miyiz?
Kütüphane: Sıfatlar & Zarflar,B1-B2 Sık Çıkan Akademik Sıfatlar,special,"özel, özel bir program, yemek",sıfat,B2,,I'm no one special.,Ben özel biri değilim.
Kütüphane: Akademik İsimler,C1 Üst Düzey Akademik İsimler,specialist,"uzman, kompetan, uzman doktor",isim,C1,,I'm not a specialist.,Ben bir uzman değilim.
Kütüphane: Akademik İsimler,B2 İleri Akademik İsimler,specialty,"spesiyalite, özel anlaşma, ihtisas",isim,B2,,What's Tom's specialty?,Tom'un özel ürünü nedir?
Kütüphane: Akademik İsimler,"Alan Odaklı İsimler (Sağlık, Fen & Sosyal)",species,"tür, ortak özellikleri olan grup, hayal",isim,B2,,It is an endangered species.,Nesli tükenmekte olan bir türdür.
Kütüphane: Sıfatlar & Zarflar,B1-B2 Sık Çıkan Akademik Sıfatlar,specific,"belirli, özgül, özel",sıfat,B2,,He has no specific aim.,Özel bir amacı yok.
Kütüphane: Sıfatlar & Zarflar,B1-B2 Sık Çıkan Akademik Sıfatlar,specified,"belirlenmiş, belirtilmiş, belirtilen",sıfat,B2,,The empirical results of the study were remarkably specified.,Çalışmanın ampirik sonuçlarının son derece belirlenmiş olduğu görüldü.
Kütüphane: Akademik İsimler,B2 İleri Akademik İsimler,spectator,"seyirci, izleyici, temâşâcı",isim,B2,,What's your favorite spectator sport?,Favori gösteri sporun nedir?
Kütüphane: Akademik İsimler,B1 Temel Akademik İsimler,speed,"sürat, hız, sped/speeded - sped/speeded",isim,B1,,Can we speed it up?,Onu hızlandırabilir miyiz?
Kütüphane: Sıfatlar & Zarflar,B1-B2 Sık Çıkan Akademik Sıfatlar,spiced,"baharlı, baharatlı, baharatlanmış",sıfat,B1,,The empirical results of the study were remarkably spiced.,Çalışmanın ampirik sonuçlarının son derece baharlı olduğu görüldü.
Kütüphane: Sıfatlar & Zarflar,B1-B2 Sık Çıkan Akademik Sıfatlar,spicy,"baharatlı, şık, hoş",sıfat,B1,,It's too spicy for me.,Benim için fazla baharatlı.
Kütüphane: Akademik İsimler,B1 Temel Akademik İsimler,spider,"örümcek, istavroz dişlisi, ayaklı tava",isim,B1,,The spider spun a web.,Örümcek bir ağ ördü.
Kütüphane: Akademik Fiiller,B1 Temel Sınav Fiilleri,spite,"rahatsız etmek, nispet vermek, zarar vermek",fiil,B1,,Did you do it out of spite?,Bunu inadına mı yaptın?
Kütüphane: Sıfatlar & Zarflar,B1-B2 Sık Çıkan Akademik Sıfatlar,spoiled,"şımarık, el bebek gül bebek, acımış",sıfat,B2,,I guess I'm spoiled.,Şımarık olduğumu düşünüyorum.
Kütüphane: Sıfatlar & Zarflar,B1-B2 Sık Çıkan Akademik Sıfatlar,sporting,"spor, av, avcılık",sıfat,B2,,I took part in the sporting event.,Spor olayına katıldım.
Kütüphane: Akademik İsimler,B1 Temel Akademik İsimler,spot,"leke, benek, nokta",isim,B1,,I am in a spot.,Başım dertte.
Kütüphane: Akademik İsimler,B1 Temel Akademik İsimler,spread,"yaymak, yayılmak, spread - spread",isim,B1,,I'll spread the word.,Haberi yayacağım.
Kütüphane: Akademik İsimler,B2 İleri Akademik İsimler,spreading,"yaylım, tevsi, yayma",isim,B2,,The rain kept the fire from spreading.,Yağmur yangının yayılmasını engelledi.
Kütüphane: Akademik İsimler,B2 İleri Akademik İsimler,stability,"kararlılık, durağanlık, sabitlik",isim,B2,,We're looking for stability.,İstikrar arıyoruz.
Kütüphane: Sıfatlar & Zarflar,B1-B2 Sık Çıkan Akademik Sıfatlar,stable,"ahır, istikrarlı, durağan",sıfat,B1,,Prices are stable these days.,Fiyatlar bu günlerde istikrarlıdır.
Kütüphane: Akademik İsimler,B1 Temel Akademik İsimler,staff,"kadro, personel, görevli olarak çalışmak",isim,B1,,I speak French to my staff.,Personelimle Fransızca konuşurum.
Kütüphane: Akademik İsimler,B1 Temel Akademik İsimler,stage,"sahneye koymak, sahnelemek, evre",isim,B1,,I fell off the stage.,Sahneden düştüm.
Kütüphane: Akademik Fiiller,B1 Temel Sınav Fiilleri,stand,"geçerli olmak, katlanmak, ayakta durmak",fiil,B1,,I can't stand it.,Ona katlanamıyorum.
Kütüphane: Akademik İsimler,B2 İleri Akademik İsimler,standard,"standart, miyar, sembol",isim,B2,,There's a double standard.,Bir çifte standart var.
Kütüphane: Akademik Fiiller,B1 Temel Sınav Fiilleri,start,"başlamak, başlatmak, başlangıç",fiil,B1,,It'll be a start.,Bu bir başlangıç olacak.
Kütüphane: Sıfatlar & Zarflar,B1-B2 Sık Çıkan Akademik Sıfatlar,started,"başlatılan, başlamış, başlatılmış",sıfat,B2,,Don't get me started.,Beni başlatmayın.
Kütüphane: Akademik Fiiller,B1 Temel Sınav Fiilleri,state,"belirtmek, ifade etmek, devlet",fiil,B1,,He's in a bad state.,O hapı yuttu.
Kütüphane: Akademik İsimler,"Alan Odaklı İsimler (Sağlık, Fen & Sosyal)",statement,"ifade, söz, beyan",isim,B2,,I have a brief statement.,Benim kısa bir açıklamam var.
Kütüphane: Temel Kelimeler (A1-A2),Günlük İsimler ve Mekanlar,station,"terminal, istasyon, görevlendirmek",isim,A1,,I am near the station.,Ben istasyona yakınım.
Kütüphane: Akademik İsimler,B1 Temel Akademik İsimler,status,"hal, statü, durum",isim,B1,,What's Tom's status?,Tom'un statüsü nedir?
Kütüphane: Akademik İsimler,B1 Temel Akademik İsimler,stay,"kalmak, kalma süresi, kalma",isim,B1,,I'd love to stay.,Kalmak istiyorum.
Kütüphane: Sıfatlar & Zarflar,Akademik Zarflar (-ly / Derece),steadily,"durmadan, sabit şekilde, boyuna",zarf,B2,,We're steadily moving forward.,Durmadan ileriye gidiyoruz.
Kütüphane: Sıfatlar & Zarflar,B1-B2 Sık Çıkan Akademik Sıfatlar,steady,"sabit durum, istikrarlı, oynamaz",sıfat,B1,,Drive at a steady speed.,İstikrarlı bir hızda sür.
Kütüphane: Akademik İsimler,B1 Temel Akademik İsimler,steel,"çelik, sertleştirmek, çakmak",isim,B1,,He has a grip of steel.,"O, çelikten yapılmış bir bağaja sahiptir."
Kütüphane: Akademik İsimler,B1 Temel Akademik İsimler,step,"üvey, adım, basamak",isim,B1,,It's a big step.,Bu büyük bir adım.
Kütüphane: Akademik Fiiller,B1 Temel Sınav Fiilleri,stick,"saplamak, batırmak, yapışmak",fiil,B1,,Hit it with a stick.,Ona bir sopayla vur.
Kütüphane: Akademik Fiiller,B1 Temel Sınav Fiilleri,still,"durgun, hareketsiz, hala",fiil,B1,,I'm still a kid.,Ben hâlâ bir çocuğum.
Kütüphane: Akademik Fiiller,B2 İleri Akademik Fiiller,stimulate,"uyarmak, dürtmek, kamçılamak",fiil,B2,"foster, encourage, motivate, spur",Spending money stimulates the economy.,Harcanan para ekonomiyi canlandırıyor.
Kütüphane: Sıfatlar & Zarflar,B1-B2 Sık Çıkan Akademik Sıfatlar,stolen,"çalınan, çalıntı, çalınmış",sıfat,B1,,I had my car stolen.,Arabamı çaldırdım.
Kütüphane: Akademik İsimler,B1 Temel Akademik İsimler,storm,"fırtına, bağırıp çağırmak, fırtına gibi esmek",isim,B1,,It's a monster storm.,Dev gibi bir fırtına.
Kütüphane: Sıfatlar & Zarflar,B1-B2 Sık Çıkan Akademik Sıfatlar,stormy,"fırtınalı, heyecanlı, çekişmeli",sıfat,B1,,It was a dark and stormy night.,Karanlık ve fırtınalı bir geceydi.
Kütüphane: Akademik İsimler,C1 Üst Düzey Akademik İsimler,storytelling,"hikaye anlatıcılığı, hikaye anlatma sanatı, hikaye anlatma",isim,C1,,The investigation highlighted the critical role of storytelling.,Soruşturma hikaye anlatıcılığı kavramının kritik rolünü vurguladı.
Kütüphane: Akademik İsimler,B1 Temel Akademik İsimler,stream,"dere, akarsu, akıp gitmek",isim,B1,,He sat next to the stream.,"O, dereye yakın oturdu."
Kütüphane: Akademik İsimler,B2 İleri Akademik İsimler,streams,"oluk oluk, borulardaki gaz akışlarının hız ve debisinin ölçülmesi, borulardaki gaz akımları",isim,B2,,They had to build bridges over the many streams.,Birçok akarsu üzerinde köprü inşa etmek zorundaydılar.
Kütüphane: Temel Kelimeler (A1-A2),Günlük İsimler ve Mekanlar,street,"cadde, sokak, mahalle",isim,A1,,I live on Park Street.,Park Street'te yaşıyorum.
Kütüphane: Akademik İsimler,B2 İleri Akademik İsimler,streets,sokaklar,isim,B2,,People took to the streets.,İnsanlar sokaklara döküldü.
Kütüphane: Akademik İsimler,B2 İleri Akademik İsimler,strength,"güç, kuvvet, sertlik",isim,B2,,I've lost my strength.,Gücümü kaybettim.
Kütüphane: Akademik Fiiller,C1 Üst Düzey Paragraf Fiilleri,strengthen,"sağlamlaştırmak, kuvvetlenmek, güçlendirmek",fiil,C1,enhance,"Time, which strengthens friendship, weakens love.","Zaman, dostluğu güçlendirir, sevgiyi zayıflatır."
Kütüphane: Akademik İsimler,B1 Temel Akademik İsimler,stress,"stres, tonlamak, baskı yapmak",isim,B1,,I'm always under stress.,Her zaman stres altındayım.
Kütüphane: Akademik Fiiller,B2 İleri Akademik Fiiller,stretch,"uzatmak, gerinmek, germek",fiil,B2,,Let's stretch our legs.,Bacaklarımızı gerelim.
Kütüphane: Sıfatlar & Zarflar,B1-B2 Sık Çıkan Akademik Sıfatlar,striking,"çarpıcı, vurma, geçici desteklerin alınması",sıfat,B2,,The workers are striking for better pay.,İşçiler daha iyi bir maaş için grev yapıyor.
Kütüphane: Akademik İsimler,B1 Temel Akademik İsimler,string,"sicim, dizi, strung - strung",isim,B1,,The string is very weak.,Halat çok zayıf.
Kütüphane: Sıfatlar & Zarflar,B1-B2 Sık Çıkan Akademik Sıfatlar,strong,"güçlü, kuvvetli, domuz gibi",sıfat,B1,,I'm a strong woman.,Ben güçlü bir kadınım.
Kütüphane: Akademik İsimler,B1 Temel Akademik İsimler,stud,"azgın erkek, damızlık at, iri başlı çivi",isim,B1,,The investigation highlighted the critical role of stud.,Soruşturma azgın erkek kavramının kritik rolünü vurguladı.
Kütüphane: Temel Kelimeler (A1-A2),Günlük İsimler ve Mekanlar,student,"öğrenci, talebe, mektepli",isim,A1,,I'm a bad student.,Ben kötü bir öğrenciyim.
Kütüphane: Akademik İsimler,"Alan Odaklı İsimler (Sağlık, Fen & Sosyal)",students,öğrenciler,isim,B2,,I think they're students.,Sanırım onlar öğrenci.
Kütüphane: Akademik İsimler,B2 İleri Akademik İsimler,studies,"araştırmalar, dersler, çalışmalar",isim,B2,,He studies day and night.,"O, gece gündüz çalışır."
Kütüphane: Temel Kelimeler (A1-A2),Günlük İsimler ve Mekanlar,study,"incelemek, çalışmak, çalışma",isim,A1,,I do study a lot.,Ben çok çalışırım.
Kütüphane: Akademik İsimler,B1 Temel Akademik İsimler,stuff,"şey, tıkınmak, tıkmak",isim,B1,,I had stuff to do.,Yapacak şeylerim vardı.
Kütüphane: Sıfatlar & Zarflar,B1-B2 Sık Çıkan Akademik Sıfatlar,stunning,"sersemletme, çekici, müstesna",sıfat,B2,"marvelous, dazzling, breathtaking, magnificent",You really do look stunning.,Gerçekten çekici görünüyorsun.
Kütüphane: Akademik İsimler,B1 Temel Akademik İsimler,style,"biçim, tarz, biçem",isim,B1,,It's not my style.,O benim tarzım değil.
Kütüphane: Akademik İsimler,B2 İleri Akademik İsimler,subject,"konu, maruz bırakmak, özne",isim,B2,,Let's drop the subject.,Konuyu kapatalım.
Kütüphane: Akademik Fiiller,B2 İleri Akademik Fiiller,subside,"çökelmek, çökmek, geçmek",fiil,B2,,The flood began to subside.,Sel alçalmaya başladı.
Kütüphane: Akademik İsimler,B2 İleri Akademik İsimler,substance,"cisim, madde, önem",isim,B2,,Carbon monoxide is a poisonous substance formed by the incomplete combustion of carbon compounds.,Karbon monoksit karbon bileşiklerinin tam yanmamasından oluşan zehirli bir maddedir.
Kütüphane: Akademik İsimler,C1 Üst Düzey Akademik İsimler,substances,"tehlikeli atıklar, zehirli nesneler, tehlikeli maddeler",isim,C1,,Do you use any illegal substances?,Yasa dışı madde kullanıyor musunuz?
Kütüphane: Sıfatlar & Zarflar,C1 İleri Niteleme Sıfatları,substantial,"varlıklı, önemli, azımsanmayacak",sıfat,C1,,The money involved is substantial.,İlgili para önemli.
Kütüphane: Akademik İsimler,B2 İleri Akademik İsimler,success,"muvaffakiyet, başarı, başarılmış iş",isim,B2,,I am sure of success.,Ben başarıdan eminim.
Kütüphane: Sıfatlar & Zarflar,C1 İleri Niteleme Sıfatları,successful,"başarılı, başarıya ulaşan şey, muvaffak",sıfat,C1,,I want to be successful.,Ben başarılı olmak istiyorum.
Kütüphane: Sıfatlar & Zarflar,B1-B2 Sık Çıkan Akademik Sıfatlar,such,"çok, böylesine, bu gibi",sıfat,B1,,I'm such a klutz.,Sakar Şakir'in tekiyim.
Kütüphane: Sıfatlar & Zarflar,B1-B2 Sık Çıkan Akademik Sıfatlar,sudden,"ani, ansızın olan, apansız",sıfat,B1,,He felt a sudden pain.,"O, ani bir ağrı hissetti."
Kütüphane: Akademik İsimler,B2 İleri Akademik İsimler,sufferer,"acı çeken kimse, hastası olan kimse, çeken kimse",isim,B2,,Relief has been sent to the flood sufferers.,Sellerden etkilenenlere yardım gönderildi.
Kütüphane: Sıfatlar & Zarflar,C1 İleri Niteleme Sıfatları,sufficient,"kafi, yeterli, elverişli",sıfat,C1,,I had to be self-sufficient.,Kendi kendime yeterli olmak zorundaydım.
Kütüphane: Temel Kelimeler (A1-A2),Günlük İsimler ve Mekanlar,sugar,"şeker, kompliman yapmak, şeker katmak",isim,A1,,I'm out of sugar.,Şekerim bitti.
Kütüphane: Akademik Fiiller,B2 İleri Akademik Fiiller,suggest,"önermek, meydana atmak, tavsiye etmek",fiil,B2,,I suggest we go home.,Eve gitmemizi öneriyorum.
Kütüphane: Akademik İsimler,C1 Üst Düzey Akademik İsimler,suggesting,"gösteren, farzedelim ki, öne süren",isim,C1,,I'm not suggesting that.,Onu önermiyorum.
Kütüphane: Akademik İsimler,C1 Üst Düzey Akademik İsimler,suggestion,"telkin, öneri, telkin etme",isim,C1,,I've got a suggestion.,Bir önerim var.
Kütüphane: Akademik İsimler,B2 İleri Akademik İsimler,suicide,"intihar, intihar eden kimse, kendini öldürme",isim,B2,,It was a suicide bombing.,O bir intihar bombasıydı.
Kütüphane: Akademik İsimler,C1 Üst Düzey Akademik İsimler,suitability,"uygunluk, uygun olma, liyakat",isim,C1,,The investigation highlighted the critical role of suitability.,Soruşturma uygunluk kavramının kritik rolünü vurguladı.
Kütüphane: Sıfatlar & Zarflar,B1-B2 Sık Çıkan Akademik Sıfatlar,suitable,"münasip, uygun, elverişli",sıfat,B2,,I'm not sure that's suitable.,Onun uygun olduğundan emin değilim.
Kütüphane: Akademik İsimler,B1 Temel Akademik İsimler,sum,"toplam, tutar, toplamak",isim,B1,,Please sum up your idea.,Lütfen fikrini toparla.
Kütüphane: Akademik İsimler,B1 Temel Akademik İsimler,summer,"yaz, yazı geçirmek, hayatın baharı",isim,B1,,I had a bad summer.,Kötü bir yaz mevsimi geçirdim.
Kütüphane: Temel Kelimeler (A1-A2),Günlük İsimler ve Mekanlar,sun,"güneş, güneşte bırakmak, güneşlenmek",isim,A1,,Is the sun up yet?,Güneş doğdu mu?
Kütüphane: Akademik İsimler,B2 İleri Akademik İsimler,sunflower,"ayçiçeği, gündöndü, günçiçeği",isim,B2,,He plants sunflowers in the spring.,"O, ilkbaharda ayçiçeği eker."
Kütüphane: Sıfatlar & Zarflar,B1-B2 Sık Çıkan Akademik Sıfatlar,sunny,"güneşli, günlük güneşlik, neşeli",sıfat,B1,,It's a sunny day.,Bugün güneşli bir gün.
Kütüphane: Akademik İsimler,B2 İleri Akademik İsimler,superior,"amir, üst, üstün",isim,B2,,He is superior to her in math.,Matematikte ondan daha iyi.
Kütüphane: Akademik İsimler,C1 Üst Düzey Akademik İsimler,supervision,"teftiş, nezaret, denetim",isim,C1,,The children need adult supervision.,Çocukların yetişkin gözetimine ihtiyaçları vardır.
Kütüphane: Akademik İsimler,C1 Üst Düzey Akademik İsimler,supplement,"ek, tamamlamak, eklemek",isim,C1,,You had better supplement your diet with vitamins.,Diyetini vitaminlerle tamamlasan iyi olur.
Kütüphane: Akademik İsimler,C1 Üst Düzey Akademik İsimler,supplements,"ücret ve maaşlara ek ödemeler, yan ödemeler, beslenme ve diyet destekleri",isim,C1,,The investigation highlighted the critical role of supplements.,Soruşturma ücret ve maaşlara ek ödemeler kavramının kritik rolünü vurguladı.
Kütüphane: Sıfatlar & Zarflar,Akademik Zarflar (-ly / Derece),supply,"tedarik etmek, sağlamak, tedarik",zarf,B1,,Cows supply us with milk.,İnekler bize süt sağlar.
Kütüphane: Akademik İsimler,B2 İleri Akademik İsimler,supplying,"donatım, tedarik, sağlama",isim,B2,,They were accused of supplying arms to terrorists.,Onlar teröristlere silah sağlamakla suçlandılar.
Kütüphane: Akademik Fiiller,B2 İleri Akademik Fiiller,support,"desteklemek, destek, yardım etmek",fiil,B2,encourage,I won't support that.,Onu desteklemeyeceğim.
Kütüphane: Akademik İsimler,"Alan Odaklı İsimler (Sağlık, Fen & Sosyal)",surgery,"ameliyat, ameliyathane, cerrahlık",isim,B2,,It's not brain surgery.,"O, beyin ameliyatı değil."
Kütüphane: Sıfatlar & Zarflar,B1-B2 Sık Çıkan Akademik Sıfatlar,surgical,"cerrahi, ameliyatlarda kullanılan, ameliyatla yapılan",sıfat,B2,,How common are surgical errors?,Cerrahi hatalar ne kadar yaygındır?
Kütüphane: Akademik Fiiller,B2 İleri Akademik Fiiller,surprise,"şaşırtmak, şaşkınlık, sürpriz",fiil,B2,,It wasn't a surprise.,O bir sürpriz değildi.
Kütüphane: Sıfatlar & Zarflar,B1-B2 Sık Çıkan Akademik Sıfatlar,surprised,"şaşırmış, hayret etmiş, şaşmış",sıfat,B2,,I'm surprised at you.,Sana hayret ediyorum.
Kütüphane: Sıfatlar & Zarflar,C1 İleri Niteleme Sıfatları,surprising,"şaşırtıcı, şaşılası, hayret verici",sıfat,C1,,It was a little surprising.,Biraz şaşırtıcıydı.
Kütüphane: Akademik İsimler,B2 İleri Akademik İsimler,surrender,"vazgeçmek, teslim olmak, boyun eğmek",isim,B2,,We told them to surrender.,Onlara teslim olmalarını söyledik.
Kütüphane: Sıfatlar & Zarflar,C1 İleri Niteleme Sıfatları,surrounding,"çevre, sarma, kuşatma",sıfat,C1,,The surrounding area was very quiet.,Etraf çok sakindi.
Kütüphane: Sıfatlar & Zarflar,B1-B2 Sık Çıkan Akademik Sıfatlar,survival,"hayatta kalma, kalıntı, daha uzun yaşama",sıfat,B2,,It's a matter of survival.,Bu bir ölüm kalım meselesi.
Kütüphane: Sıfatlar & Zarflar,B1-B2 Sık Çıkan Akademik Sıfatlar,survive,"uzun yaşamak, baki kalmak, daha uzun yaşamak",sıfat,B2,,We'll try to survive.,Hayatta kalmaya çalışacağız.
Kütüphane: Akademik İsimler,B2 İleri Akademik İsimler,survivor,"hayatta kalan, sağ kalan, sağ kalan kimse",isim,B2,,I'm not the only survivor.,Tek kurtulan ben değilim.
Kütüphane: Sıfatlar & Zarflar,C1 İleri Niteleme Sıfatları,susceptible,"duyarlı, duygulu, duygularına kolaylıkla kapılan",sıfat,C1,vulnerable,She was susceptible to colds.,"O, soğuk algınlığına duyarlıydı."
Kütüphane: Akademik Fiiller,B2 İleri Akademik Fiiller,suspend,"askıya almak, uzaklaştırma vermek, sallantıda bırakmak",fiil,B2,,I got suspended for a month.,Bir ay uzaklaştırma aldım.
Kütüphane: Akademik İsimler,B2 İleri Akademik İsimler,suspense,"tereddüt, erteleme, kesilme",isim,B2,,Don't keep me in suspense.,Beni merakta bırakma.
Kütüphane: Akademik Fiiller,B2 İleri Akademik Fiiller,sustain,"güç vermek, ayakta tutmak, uğramak",fiil,B2,,We know we can't sustain that.,Onu devam ettiremeyeceğimizi biliyoruz.
Kütüphane: Akademik İsimler,B1 Temel Akademik İsimler,swap,"değiş tokuş, takas, değiş tokuş yapmak",isim,B1,,Do you want to swap jobs?,İşleri değiştirmek ister misiniz?
Kütüphane: Sıfatlar & Zarflar,B1-B2 Sık Çıkan Akademik Sıfatlar,swift,"süratli, kara sağan, kılıç kırlangıcı",sıfat,B1,,The stream is not very swift.,Dere çok hızlı değil.
Kütüphane: Sıfatlar & Zarflar,Akademik Zarflar (-ly / Derece),swiftly,"süratle, hızla, fişek gibi",zarf,B2,,His fingers ran swiftly over the keys.,Parmakları klavyenin üzerinde hızla hareket etti.
Kütüphane: Akademik İsimler,B2 İleri Akademik İsimler,swimming,"yüzme, yüzücülük, yüzme sporu",isim,B2,,I'm bad at swimming.,Yüzmede kötüyüm.
Kütüphane: Akademik İsimler,B1 Temel Akademik İsimler,switch,"değiştirmek, değişme, anahtar",isim,B1,,Let me fix the switch.,Anahtarı onarayım.
Kütüphane: Akademik Fiiller,B2 İleri Akademik Fiiller,symbolize,"sembolü olmak, simgelemek, simgesi olmak",fiil,B2,"represent, stand for, embody, signify",An olive branch symbolizes peace.,Bir zeytin dalı barışı sembolize eder.
Kütüphane: Akademik İsimler,"Alan Odaklı İsimler (Sağlık, Fen & Sosyal)",symptom,"belirti, alamet, emare",isim,B2,,Do you have this symptom often?,Sık sık bu belirtilerin olur mu?
Kütüphane: Akademik İsimler,B1 Temel Akademik İsimler,system,"sistem, şebeke, kaide",isim,B1,,It's a good system.,Bu iyi bir sistem.
Kütüphane: Sıfatlar & Zarflar,Akademik Zarflar (-ly / Derece),systematically,"sistematik olarak, sistemli olarak",zarf,C1,,"Her sewing basket, dresser drawers and pantry shelves are all systematically arranged in apple-pie order.","Onun dikiş sepeti, şifonyer çekmeceleri ve külotlu çorap rafları hepsi sistemli olarak yerli yerinde düzenlenir."
Kütüphane: Sıfatlar & Zarflar,B1-B2 Sık Çıkan Akademik Sıfatlar,systemic,"vücuda ait, sistemik, dizgesel",sıfat,B2,,The empirical results of the study were remarkably systemic.,Çalışmanın ampirik sonuçlarının son derece vücuda ait olduğu görüldü.
Kütüphane: Temel Kelimeler (A1-A2),Günlük Eylemler ve Sıfatlar,table,"masa, tablo, sofra",sıfat,A1,,It's on the table.,O masada.
Kütüphane: Akademik İsimler,B1 Temel Akademik İsimler,tail,"kuyruk, kuyruk yapmak, peşine takılmak",isim,B1,,A cow has a long tail.,Bir ineğin uzun bir kuyruğu vardır.
Kütüphane: Akademik İsimler,B1 Temel Akademik İsimler,tain,"kalay yaldızı, staniyol, ayna sırı",isim,B1,,The investigation highlighted the critical role of tain.,Soruşturma kalay yaldızı kavramının kritik rolünü vurguladı.
Kütüphane: Akademik Fiiller,B1 Temel Sınav Fiilleri,take,"almak, çekmek, götürmek",fiil,B1,,I didn't take it.,Onu almadım.
Kütüphane: Akademik İsimler,B1 Temel Akademik İsimler,talent,"kabiliyet, hüner, yetenek",isim,B1,,I've got a lot of talent.,Birçok yeteneğim var.
Kütüphane: Akademik İsimler,B1 Temel Akademik İsimler,tank,"tank, depoya koymak, tank gibi  hareket etmek",isim,B1,,I have a fish tank.,Benim bir akvaryumum var.
Kütüphane: Akademik İsimler,B1 Temel Akademik İsimler,target,"hedef, amaç, gaye",isim,B1,,I can see the target.,Ben hedefi görebiliyorum.
Kütüphane: Akademik İsimler,B1 Temel Akademik İsimler,task,"görev, vazife, ödev",isim,B1,,It's a huge task.,Bu büyük bir görev.
Kütüphane: Akademik İsimler,B1 Temel Akademik İsimler,tasks,"görevler, ödev",isim,B1,,Leave the hard tasks to me.,Zor işleri bana bırak.
Kütüphane: Akademik İsimler,B1 Temel Akademik İsimler,taste,"tatmak, tat, lezzet",isim,B1,,Let me have a taste.,Denememe izin ver.
Kütüphane: Akademik İsimler,B1 Temel Akademik İsimler,tastes,"lezzetler, zevkler",isim,B1,,I think it tastes good.,Güzel tat verdiğini düşünüyorum.
Kütüphane: Temel Kelimeler (A1-A2),Günlük Eylemler ve Sıfatlar,tasty,"lezzetli, çeşnili, tatlı",sıfat,A1,,The food was very tasty.,Yemek çok lezzetliydi.
Kütüphane: Temel Kelimeler (A1-A2),Günlük İsimler ve Mekanlar,tea,"çay, çeşitli bitkilerin demlenmesinden elde edilen içeceklerin tümü, çay servis edilen parti ve eğlence",isim,A1,,I don't like tea.,Çay sevmem.
Kütüphane: Temel Kelimeler (A1-A2),Günlük İsimler ve Mekanlar,teacher,"öğretmen, hoca, muallim",isim,A1,,I'm Tom's teacher.,Ben Tom’un öğretmeniyim.
Kütüphane: Akademik İsimler,B1 Temel Akademik İsimler,team,"takım, ekip, takım halinde yapmak",isim,B1,,He is on the team.,O takımdadır.
Kütüphane: Akademik İsimler,B2 İleri Akademik İsimler,technique,"teknik, uygulayım, fen",isim,B2,,It's all about technique.,Teknik meselesi.
Kütüphane: Akademik İsimler,C1 Üst Düzey Akademik İsimler,techniques,"taktikler, prosedürler, yöntemler",isim,C1,,I've learned a lot of techniques from Tom.,Tom'dan bir sürü teknik öğrendim.
Kütüphane: Akademik İsimler,"Alan Odaklı İsimler (Sağlık, Fen & Sosyal)",technologies,teknolojiler,isim,C1,,The investigation highlighted the critical role of technologies.,Soruşturma teknolojiler kavramının kritik rolünü vurguladı.
Kütüphane: Akademik İsimler,"Alan Odaklı İsimler (Sağlık, Fen & Sosyal)",technology,"teknoloji, uygulayımbilim, mühendislik bilgisi",isim,C1,,I am thankful for technology.,Ben teknoloji için minettarım.
Kütüphane: Sıfatlar & Zarflar,B1-B2 Sık Çıkan Akademik Sıfatlar,tedious,"sıkıcı, bıktırıcı, meşakkatli",sıfat,B2,,It was a tedious job.,Can sıkıcı bir işti.
Kütüphane: Akademik İsimler,B1 Temel Akademik İsimler,teen,"genç, incinme, delikanlı",isim,B1,,She got married in her teens.,"O, onlu yaşlarında evlendi."
Kütüphane: Sıfatlar & Zarflar,B1-B2 Sık Çıkan Akademik Sıfatlar,teenage,"13 19 yaş arası, on üç ile on dokuz yaşlar arasındaki devreye ait, gençlere ait",sıfat,B2,,I have two teenage sons.,İki tane ergen oğlum var.
Kütüphane: Akademik İsimler,B2 İleri Akademik İsimler,teenager,"on üç ile on dokuz yaşlar arasındaki kimse, delikanlı, yeniyetme",isim,B2,,I'm not a teenager.,Ben bir genç değilim.
Kütüphane: Akademik İsimler,B2 İleri Akademik İsimler,teenagers,ergenler,isim,B2,,Only teenagers can do that.,Onu yalnızca gençler yapabilir.
Kütüphane: Akademik İsimler,"Alan Odaklı İsimler (Sağlık, Fen & Sosyal)",teeth,"diş çıkarmak, dişler, en şiddetli noktası",isim,B1,,I have two bad teeth.,İki kötü dişim var.
Kütüphane: Akademik Fiiller,B1 Temel Sınav Fiilleri,tell,"haber vermek, söylemek, anlatmak",fiil,B1,,Do as I tell you.,Sana söylediğim gibi yap.
Kütüphane: Akademik İsimler,C1 Üst Düzey Akademik İsimler,temperature,"sıcaklık, ısı derecesi, ısı",isim,C1,,I took Tom's temperature.,Tom'un ateşini ölçtüm.
Kütüphane: Akademik İsimler,C1 Üst Düzey Akademik İsimler,temperatures,"düşük sıcaklıklar, tüm dünyadaki en uç ortam sıcaklıkları, hafifçe yükselen sıcaklıklar",isim,C1,,Milder temperatures are expected next week.,Gelecek hafta daha hafif sıcaklıklar bekleniyor.
Kütüphane: Akademik Fiiller,B1 Temel Sınav Fiilleri,tend,"eğilimi olmak, yüz tutmak, yol açmak",fiil,B1,,I tend to be lazy.,Tembel olmaya eğilimliyim.
Kütüphane: Akademik İsimler,B2 İleri Akademik İsimler,tendency,"eğilim, meyletme, çalma",isim,B2,,You have a tendency to exaggerate.,Senin abartma eğilimin var.
Kütüphane: Akademik İsimler,B2 İleri Akademik İsimler,tension,"tansiyon, gerginlik, gerilim",isim,B2,,Can you feel the tension?,Gerilimi hissedebiliyor musun?
Kütüphane: Akademik İsimler,B2 İleri Akademik İsimler,tensions,gerginlikler,isim,B2,,"In 1959, Cold War tensions eased a little.","1959'da, Soğuk Savaş gerginliği biraz azaldı."
Kütüphane: Sıfatlar & Zarflar,B1-B2 Sık Çıkan Akademik Sıfatlar,tentative,"deneme ve tecrübe nevinden, geçici/belirsiz, geçici girişim",sıfat,B2,,I have a tentative schedule.,Geçici bir programım var.
Kütüphane: Akademik İsimler,B1 Temel Akademik İsimler,term,"isimlendirmek, terim, dönem",isim,B1,,The term ends next week.,Sömestr gelecek hafta sona eriyor.
Kütüphane: Akademik İsimler,B1 Temel Akademik İsimler,terms,"ara, ücret, fiyat",isim,B1,,I agree to your terms.,Şartlarınızı kabul ediyorum.
Kütüphane: Sıfatlar & Zarflar,B1-B2 Sık Çıkan Akademik Sıfatlar,terrible,"berbat, korkunç, berbat kimse",sıfat,B2,,I did a terrible job.,Berbat bir iş yaptım.
Kütüphane: Sıfatlar & Zarflar,C1 İleri Niteleme Sıfatları,territorial,"gönüllü asker, kara, belirli bir bölgeye ait",sıfat,C1,,The empirical results of the study were remarkably territorial.,Çalışmanın ampirik sonuçlarının son derece gönüllü asker olduğu görüldü.
Kütüphane: Akademik İsimler,B2 İleri Akademik İsimler,territory,"yöre, arazi, tarla",isim,B2,,The dog marked its territory.,Köpek bölgesini işaretledi.
Kütüphane: Akademik Fiiller,B1 Temel Sınav Fiilleri,test,"sınamak, test, sınav",fiil,B1,,We need to test it.,Onu test etmeliyiz.
Kütüphane: Akademik İsimler,B1 Temel Akademik İsimler,tests,sınav,isim,B1,,I just ran some tests.,Ben sadece bazı testler yaptım.
Kütüphane: Bağlaçlar & Edatlar,Koşul ve Eklemeler,than,"hariç, -den, -mektense",edat,B1,,I'm older than Tom.,Ben Tom'dan daha yaşlıyım.
Kütüphane: Sıfatlar & Zarflar,B1-B2 Sık Çıkan Akademik Sıfatlar,that,"şu, o, oradaki",sıfat,B1,,I can't do that.,Onu yapamam.
Kütüphane: Akademik İsimler,B1 Temel Akademik İsimler,the,"belirli durumlarda isimden önce kullanılır, belli bir objeyi/kişiyi/yeri nitelemek için kullanılır",isim,B1,,I'm at the gym.,Spor salonundayım.
Kütüphane: Akademik İsimler,B2 İleri Akademik İsimler,theater,"tiyatro, meydan, sinema salonu",isim,B2,,I was at the theater.,Ben tiyatrodaydım.
Kütüphane: Akademik İsimler,B1 Temel Akademik İsimler,theft,"hırsızlık, aşırma, arakçılık",isim,B1,,He is guilty of theft.,"O, hırsızlıktan suçludur."
Kütüphane: Akademik İsimler,B1 Temel Akademik İsimler,their,onların,isim,B1,,It wasn't their idea.,Bu onların fikri değildi.
Kütüphane: Temel Kelimeler (A1-A2),Günlük İsimler ve Mekanlar,them,"onlara, onları",zamir,B1,,I can't pay them.,Onları ödeyemem.
Kütüphane: Akademik Fiiller,B1 Temel Sınav Fiilleri,then,"o zamanlar, o zamanki, o zamanın",fiil,B1,,I was a baby then.,Ben o zaman bebektim.
Kütüphane: Akademik İsimler,B2 İleri Akademik İsimler,theories,"nazariyat, teoriler",isim,B2,,I have a few theories.,Benim birkaç teorim var.
Kütüphane: Akademik İsimler,B1 Temel Akademik İsimler,theory,"teori, kuram, nazariye",isim,B1,,I do have a theory.,Bir teorim var.
Kütüphane: Akademik İsimler,"Alan Odaklı İsimler (Sağlık, Fen & Sosyal)",therapies,"tedaviler, terapiler",isim,B2,,The investigation highlighted the critical role of therapies.,Soruşturma tedaviler kavramının kritik rolünü vurguladı.
Kütüphane: Akademik İsimler,"Alan Odaklı İsimler (Sağlık, Fen & Sosyal)",therapist,"terapist, sağaltımcı, doktor",isim,B2,,I'm seeing a therapist.,Bir terapistle görüşüyorum.
Kütüphane: Akademik İsimler,"Alan Odaklı İsimler (Sağlık, Fen & Sosyal)",therapy,"iyileştirme, tedavi, sağaltım",isim,B2,treatment,I think I need therapy.,Ben terapiye ihtiyacım olduğunu düşünüyorum.
Kütüphane: Akademik Fiiller,B1 Temel Sınav Fiilleri,there,"oraya, orada, ora",fiil,B1,,I can't go there.,Oraya gidemem.
Kütüphane: Bağlaçlar & Edatlar,Sebep ve Sonuç,therefore,"bu sebeple, bu yüzden, bu nedenle",bağlaç,B2,,"Therefore, it is necessary to reduce the cost.","Bu nedenle, maliyetin düşürülmesi gereklidir."
Kütüphane: Sıfatlar & Zarflar,B1-B2 Sık Çıkan Akademik Sıfatlar,these,"böyle bir miktarda, bunlar",sıfat,B1,,I don't want these.,Bunları istemiyorum.
Kütüphane: Temel Kelimeler (A1-A2),Günlük İsimler ve Mekanlar,they,"bunlar, onlar, kendileri",zamir,B1,,They won't do it.,Onlar onu yapmayacaklar.
Kütüphane: Akademik İsimler,B1 Temel Akademik İsimler,thief,"hırsız, çalınma, hırsızlık",isim,B1,,I'm not a thief.,Ben bir hırsız değilim.
Kütüphane: Akademik İsimler,B1 Temel Akademik İsimler,thing,"şey, nesne, olay",isim,B1,,I did a bad thing.,Kötü bir şey yaptım.
Kütüphane: Akademik İsimler,B1 Temel Akademik İsimler,things,"eşya, gidişat, giysiler",isim,B1,,I had things to do.,Yapacak işlerim vardı.
Kütüphane: Akademik Fiiller,B1 Temel Sınav Fiilleri,think,"sanmak, düşünmek, thought - thought",fiil,B1,,I think I'm OK.,Sanırım iyiyim.
Kütüphane: Akademik İsimler,B2 İleri Akademik İsimler,thinking,"düşünme, düşünen, düşünüş",isim,B2,,I'm thinking of you.,Ben seni düşünüyorum.
Kütüphane: Akademik İsimler,B1 Temel Akademik İsimler,this,"bu, bir serinin veya çiftin genellikle ilk üyesi, yakın geçmişe/geleceğe ait",isim,B1,,I can't do this.,Bunu yapamam.
Kütüphane: Akademik İsimler,B1 Temel Akademik İsimler,those,"onlar, şunlar",isim,B1,,It's one of those.,Bu onlardan biri.
Kütüphane: Bağlaçlar & Edatlar,Zıtlık ve Karşılaştırma,though,"gerçi, -diği halde, fakat",bağlaç,B1,,It looks as though it may rain.,Sanki yağmur yağabilir gibi görünüyor.
Kütüphane: Temel Kelimeler (A1-A2),Günlük İsimler ve Mekanlar,three,"iskambilde üçlü, üç rakamı, se",isim,A1,,I'm on page three.,Ben sayfa üçteyim.
Kütüphane: Akademik İsimler,"Alan Odaklı İsimler (Sağlık, Fen & Sosyal)",thrill,"heyecan, heyecanlandırmak, etkilemek",isim,B1,,They do it just for the thrill of it.,Onlar onu sadece onun büyük heyecanı için yapıyor.
Kütüphane: Sıfatlar & Zarflar,B1-B2 Sık Çıkan Akademik Sıfatlar,thrive,"thrived/throve - thrived/thriven, serpilmek, gelişmek",sıfat,B1,"flourish, prosper, succeed",The empirical results of the study were remarkably thrive.,Çalışmanın ampirik sonuçlarının son derece thrived/throve - thrived/thriven olduğu görüldü.
Kütüphane: Sıfatlar & Zarflar,B1-B2 Sık Çıkan Akademik Sıfatlar,thriving,"kuvvetli, büyüyen, mamur",sıfat,B2,,The empirical results of the study were remarkably thriving.,Çalışmanın ampirik sonuçlarının son derece kuvvetli olduğu görüldü.
Kütüphane: Bağlaçlar & Edatlar,Zaman ve Süreç Edatları,through,"başından sonuna kadar, yoluyla, üzerinden",edat,B2,,I'll get through it.,Ben bunu atlatacağım.
Kütüphane: Bağlaçlar & Edatlar,Zaman ve Süreç Edatları,throughout,"boyunca, baştanbaşa, baştan başa",edat,B2,,It rained throughout the night.,Tüm gece boyunca yağmur yağdı.
Kütüphane: Akademik İsimler,B1 Temel Akademik İsimler,thrust,"thrust - thrust, saldırmak, dayamak",isim,B1,,I thrust my hand into my pocket.,Elimi cebime soktum.
Kütüphane: Akademik İsimler,B2 İleri Akademik İsimler,thunder,"gök gürültüsü, gök gürlemesi, gümbürdemek",isim,B2,,I'm afraid of thunder.,Şimşekten korkuyorum.
Kütüphane: Sıfatlar & Zarflar,B1-B2 Sık Çıkan Akademik Sıfatlar,tidy,"düzenli, derli toplu, temizlemek",sıfat,B1,,Tom's house is tidy.,Tom'un evi düzenli.
Kütüphane: Akademik İsimler,B1 Temel Akademik İsimler,timber,"kalas, kereste, payanda vurmak",isim,B1,,The investigation highlighted the critical role of timber.,Soruşturma kalas kavramının kritik rolünü vurguladı.
Kütüphane: Akademik İsimler,B2 İleri Akademik İsimler,timbers,"uç kısımları geçme yapacak şekilde birleştirmek, kuş uçmaz kervan geçmez taşrada/kırsalda olan yer, geminin yan tarafındaki en yüksek kaburgalar",isim,B2,,The investigation highlighted the critical role of timbers.,Soruşturma uç kısımları geçme yapacak şekilde birleştirmek kavramının kritik rolünü vurguladı.
Kütüphane: Temel Kelimeler (A1-A2),Günlük İsimler ve Mekanlar,time,"kez, kere, müddet",isim,A1,,I'll be on time.,Zamanında geleceğim.
Kütüphane: Bağlaçlar & Edatlar,Koşul ve Eklemeler,times,"kere, defa, kez",edat,B1,,I did it many times.,Onu defalarca yaptım.
Kütüphane: Sıfatlar & Zarflar,B1-B2 Sık Çıkan Akademik Sıfatlar,tiny,"mini mini, ufacık, minicik",sıfat,B1,,She got me a tiny toy.,"O, bana küçük bir oyuncak aldı."
Kütüphane: Akademik İsimler,B1 Temel Akademik İsimler,tire,"yorulmak, yormak, tekerlek",isim,B1,"exhaust, fatigue, wear out",I got a flat tire.,Patlak bir lastiğim var.
Kütüphane: Sıfatlar & Zarflar,B1-B2 Sık Çıkan Akademik Sıfatlar,tired,"argın, yorgun, yorgun düşmüş",sıfat,B1,"exhausted, weary, fatigued",I'm a bit tired.,Ben biraz yorgunum.
Kütüphane: Sıfatlar & Zarflar,Akademik Zarflar (-ly / Derece),tirelessly,"yorgunluk nedir bilmeden, hiç yorulmaksızın, usanmadan",zarf,C1,,The empirical results of the study were remarkably tirelessly.,Çalışmanın ampirik sonuçlarının son derece yorgunluk nedir bilmeden olduğu görüldü.
Kütüphane: Sıfatlar & Zarflar,B1-B2 Sık Çıkan Akademik Sıfatlar,tiring,"yorucu, eziyetli, yorulmuş",sıfat,B1,,It's a tiring job.,Bu yorucu bir iş.
Kütüphane: Bağlaçlar & Edatlar,Koşul ve Eklemeler,to,"karşı, -mek/-mak, kadar",edat,A1,,It's up to me.,Bu bana bağlı.
Kütüphane: Akademik Fiiller,B1 Temel Sınav Fiilleri,today,"bugün, içinde bulunulan dönem, zamane",fiil,B1,,Can I do it today?,Onu bugün yapabilir miyim?
Kütüphane: Akademik İsimler,B2 İleri Akademik İsimler,together,"birlikte, beraber, kuyruk",isim,B2,,We'll do it together.,Onu birlikte yapacağız.
Kütüphane: Akademik İsimler,B1 Temel Akademik İsimler,tomb,"mezar, türbe, gömmek",isim,B1,,I wonder who's buried in that tomb.,O mezarda kimin gömülü olduğunu merak ediyorum.
Kütüphane: Akademik Fiiller,B2 İleri Akademik Fiiller,tomorrow,"yarın, gelecekte",fiil,B2,,I can't go tomorrow.,Yarın gidemem.
Kütüphane: Akademik İsimler,B1 Temel Akademik İsimler,tone,"ton, yumuşatmak, uyuşmak",isim,B1,,I don't like your tone.,Ben senin ses tonunu sevmiyorum.
Kütüphane: Akademik Fiiller,B1 Temel Sınav Fiilleri,too,"gereğinden çok, çok, aşırı",fiil,B1,,"I'll do it, too.",Ben de onu yapacağım.
Kütüphane: Akademik İsimler,B1 Temel Akademik İsimler,tool,"araç, alet, arabada gitmek",isim,B1,,This is the best tool to use.,Bu kullanmak için en iyi alet.
Kütüphane: Akademik İsimler,"Alan Odaklı İsimler (Sağlık, Fen & Sosyal)",tooth,"diş, dişle kaplamak, pütürlü yapmak",isim,B1,,I had a tooth pulled.,Ben bir diş çektirdim.
Kütüphane: Akademik İsimler,B1 Temel Akademik İsimler,top,"tepe, baş, üst",isim,B1,,He came out on top.,O zirveye yaklaştı.
Kütüphane: Sıfatlar & Zarflar,B1-B2 Sık Çıkan Akademik Sıfatlar,topic,"konu, başlık, bahis",sıfat,B1,,Don't change the topic.,Konuyu değiştirme.
Kütüphane: Sıfatlar & Zarflar,B1-B2 Sık Çıkan Akademik Sıfatlar,torn,"yırtık, kopuk, ayrılmış",sıfat,B1,,I had my thumbnail torn off.,Baş parmak tırnağımı kırdım.
Kütüphane: Sıfatlar & Zarflar,B1-B2 Sık Çıkan Akademik Sıfatlar,total,"toplam, tutar, bulmak",sıfat,B1,,I'm a total wreck.,Ben tam bir enkazım.
Kütüphane: Sıfatlar & Zarflar,Akademik Zarflar (-ly / Derece),totally,"bütünüyle, tamamen, tamamıyla",zarf,B2,,He's totally lost it.,O delirdi.
Kütüphane: Akademik İsimler,B1 Temel Akademik İsimler,touch,"ellemek, dokunmak, değmek",isim,B1,,I'll be in touch.,Ben irtibat halinde olacağım.
Kütüphane: Sıfatlar & Zarflar,B1-B2 Sık Çıkan Akademik Sıfatlar,touching,"dokunaklı, acıklı, yanık",sıfat,B2,,I'm not touching it.,Ben ona dokunmuyorum.
Kütüphane: Sıfatlar & Zarflar,B1-B2 Sık Çıkan Akademik Sıfatlar,tough,"zorlu, çetin, zor",sıfat,B1,,I had a tough day.,Zor bir gün geçirdim.
Kütüphane: Bağlaçlar & Edatlar,Zaman ve Süreç Edatları,towards,"doğru, karşı, -e doğru",edat,B2,,The dog ran towards me.,Köpek bana doğru koştu.
Kütüphane: Temel Kelimeler (A1-A2),Günlük İsimler ve Mekanlar,town,"şehir, kasaba, şehir merkezi",isim,A1,,I'll be in town.,Şehirde olacağım.
Kütüphane: Akademik İsimler,B1 Temel Akademik İsimler,towns,"kasabalar, ilçeler",isim,B1,,"You hate small towns, right?","Küçük kasabalardan nefret ediyorsun, değil mi?"
Kütüphane: Sıfatlar & Zarflar,B1-B2 Sık Çıkan Akademik Sıfatlar,toxic,"zehirli, toksik, çok zararlı",sıfat,B1,,Lead is a toxic metal.,Kurşun toksik bir metaldir.
Kütüphane: Akademik İsimler,B1 Temel Akademik İsimler,trace,"iz sürmek, izini sürmek, izlemek",isim,B1,,There was no trace of him.,Ondan hiçbir iz yoktu.
Kütüphane: Akademik İsimler,B1 Temel Akademik İsimler,track,"izlemek, iz, yol",isim,B1,,We're on track now.,Biz şimdi yoldayız.
Kütüphane: Sıfatlar & Zarflar,C1 İleri Niteleme Sıfatları,traditional,"geleneksel, ananevi, göreneksel",sıfat,C1,,Sing me a traditional song.,Bana geleneksel bir şarkı söyle.
Kütüphane: Akademik İsimler,B2 İleri Akademik İsimler,trainer,"eğitimci, eğitici, antrenör",isim,B2,,I'm a dog trainer.,Ben bir köpek eğitmeniyim.
Kütüphane: Akademik İsimler,B2 İleri Akademik İsimler,training,"eğitim, alıştırma, idman",isim,B2,,I'm still in training.,Hâlâ stajdayım.
Kütüphane: Akademik İsimler,B2 İleri Akademik İsimler,transfer,"nakletmek, aktarmak, devretmek",isim,B2,,Do I need to transfer?,Benim transfer etmem gerekiyor mu?
Kütüphane: Akademik Fiiller,B2 İleri Akademik Fiiller,transform,"dönüşmek, dönüştürmek, çevirmek",fiil,B2,,Repetition does not transform a lie into a truth.,Tekrarlama bir yalanı gerçeğe dönüştürmez.
Kütüphane: Akademik İsimler,C1 Üst Düzey Akademik İsimler,transformation,"dönüşüm, dönüştürme, inkılap",isim,C1,,The investigation highlighted the critical role of transformation.,Soruşturma dönüşüm kavramının kritik rolünü vurguladı.
Kütüphane: Sıfatlar & Zarflar,C1 İleri Niteleme Sıfatları,transforming,"dönüştürücü, dönüşmekte olan, dönüşen",sıfat,C1,,The empirical results of the study were remarkably transforming.,Çalışmanın ampirik sonuçlarının son derece dönüştürücü olduğu görüldü.
Kütüphane: Akademik Fiiller,B2 İleri Akademik Fiiller,transmit,"iletmek, ulaştırmak, yayınlamak",fiil,B2,,We have to transmit our culture to the next generation.,Biz gelecek nesillere kültürümüzü aktarmak zorundayız.
Kütüphane: Sıfatlar & Zarflar,C1 İleri Niteleme Sıfatları,transnational,"uluslaraşırı, transnasyonal, uluslararası",sıfat,C1,,The empirical results of the study were remarkably transnational.,Çalışmanın ampirik sonuçlarının son derece uluslaraşırı olduğu görüldü.
Kütüphane: Akademik İsimler,C1 Üst Düzey Akademik İsimler,transparency,"şeffaflık, saydamlık, diyapozitif",isim,C1,,Is transparency a bad thing?,Şeffaflık kötü bir şey mi?
Kütüphane: Akademik İsimler,B2 İleri Akademik İsimler,transport,"taşımak, nakletmek, nakil",isim,B2,,The box was crushed during transport and the contents flew out.,Taşıma sırasında kutu ezildi ve içindekiler dışarı uçtu.
Kütüphane: Akademik İsimler,C1 Üst Düzey Akademik İsimler,transportation,"taşıma, nakliye, ulaştırma",isim,C1,,We have no means of transportation.,Taşımacılık araçlarımız yok.
Kütüphane: Temel Kelimeler (A1-A2),Günlük Eylemler ve Sıfatlar,travel,"gezmek, seyahat etmek, yolculuk etmek",fiil,A1,,It's fun to travel.,Seyahat etmek eğlencelidir.
Kütüphane: Akademik Fiiller,B1 Temel Sınav Fiilleri,treat,"davranmak, işlemek, muamele etmek",fiil,B1,"cure, heal, medicate",I got you a treat.,Sana bir ikramım var.
Kütüphane: Sıfatlar & Zarflar,B1-B2 Sık Çıkan Akademik Sıfatlar,treated,"işlem görmüş, arıtılmış, davranılmış",sıfat,B2,,How are you being treated?,Nasıl tedavi ediliyorsun?
Kütüphane: Akademik İsimler,"Alan Odaklı İsimler (Sağlık, Fen & Sosyal)",treatment,"tedavi, sağlık bakımı, muamele",isim,B2,"medication, cure, therapy, remedy",I expect no special treatment.,Özel muamele görmeyi beklemiyorum.
Kütüphane: Akademik İsimler,"Alan Odaklı İsimler (Sağlık, Fen & Sosyal)",treatments,"yeni tedaviler, iklimsel özel vasıtalar ve tıbbi tedavi konularında karşılıklı yardıma dair avrupa sözleşmesi, alüminyum alaşımlarının anodik işlemleri",isim,C1,,How much will all the treatments cost?,Tüm tedaviler ne kadara mal olacak?
Kütüphane: Temel Kelimeler (A1-A2),Günlük İsimler ve Mekanlar,tree,"ağaç, ağaca çıkarmak, ağaçlarla örtmek",isim,A1,,It's a dead tree.,O ölü bir ağaç.
Kütüphane: Akademik Fiiller,B1 Temel Sınav Fiilleri,trek,"göçmek, öküz arabasıyla yol almak, kağnı ile gitmek",fiil,B1,,What's your favorite Star Trek episode?,Favori Star Trek bölümünüz hangisidir?
Kütüphane: Akademik İsimler,B2 İleri Akademik İsimler,trekking,"yolculuk etme, yürüyüş, doğa yürüyüşü",isim,B2,,The investigation highlighted the critical role of trekking.,Soruşturma yolculuk etme kavramının kritik rolünü vurguladı.
Kütüphane: Akademik İsimler,B1 Temel Akademik İsimler,trend,"eğilim göstermek, meyletmek, eğimli olmak",isim,B1,,This is a new trend.,Bu yeni bir moda.
Kütüphane: Akademik İsimler,B1 Temel Akademik İsimler,trends,"eğilimler, trendler",isim,B1,,I gave up keeping up with trends.,Tendlere yetişmekten vazgeçtim.
Kütüphane: Sıfatlar & Zarflar,B1-B2 Sık Çıkan Akademik Sıfatlar,trial,"yargılama, duruşma, deneme",sıfat,B1,,When was Tom's trial?,Tom'un testi ne zamandı?
Kütüphane: Akademik İsimler,B1 Temel Akademik İsimler,trick,"oyuna getirmek, oyun etmek, kandırmak",isim,B1,,It's not a trick.,Bu bir hile değil.
Kütüphane: Akademik İsimler,B1 Temel Akademik İsimler,tricks,"çeşitli ufak tefek eşyalar, şahsi eşyalar, pılı pırtı",isim,B1,,Don't try any tricks.,Herhangi bir hile yapma.
Kütüphane: Sıfatlar & Zarflar,B1-B2 Sık Çıkan Akademik Sıfatlar,tried,"mücerrep, saf, sınanmış",sıfat,B1,,I tried to do it.,Bunu yapmaya çalıştım.
Kütüphane: Akademik İsimler,B2 İleri Akademik İsimler,trigger,"tetiklemek, tetik, tetiği çekip ateşlemek",isim,B2,,Don't pull the trigger.,Tetiği çekme.
Kütüphane: Sıfatlar & Zarflar,B1-B2 Sık Çıkan Akademik Sıfatlar,triggered,"tetiklenmiş, ateşlenmiş, tetikli",sıfat,B2,,Their small protest triggered a mass demonstration.,Onların küçük protestosu kitlesel bir gösteriyi tetikledi.
Kütüphane: Temel Kelimeler (A1-A2),Günlük Eylemler ve Sıfatlar,trip,"seyahat, yolculuk, gezi",fiil,A1,,Let's take a trip.,Bir gezi yapalım.
Kütüphane: Akademik İsimler,B2 İleri Akademik İsimler,trouble,"sorun, dert, zahmet",isim,B2,,I'm in bad trouble.,Başım kötü belada.
Kütüphane: Akademik İsimler,B2 İleri Akademik İsimler,troubles,"beliyyat, sorunlar",isim,B2,,That's what troubles me.,Beni rahatsız eden bu.
Kütüphane: Akademik İsimler,B1 Temel Akademik İsimler,truck,"kamyon, takas etmek, trampa etmek",isim,B1,,I'll get my truck.,Kamyonumu alacağım.
Kütüphane: Akademik İsimler,B1 Temel Akademik İsimler,trucks,"kamyonet, canavar kamyonlar, beton karıştırıcı",isim,B1,,A lot of people around here drive trucks.,Buralarda birçok insan kamyon sürer.
Kütüphane: Akademik İsimler,B1 Temel Akademik İsimler,trunk,"gövde, kutuya koymak, bagaja koymak",isim,B1,,Has my trunk come yet?,Bavulum geldi mi?
Kütüphane: Akademik İsimler,B1 Temel Akademik İsimler,trust,"güvenmek, güven, inancı olmak",isim,B1,,I can't trust Tom.,Tom'a güvenemem.
Kütüphane: Sıfatlar & Zarflar,C1 İleri Niteleme Sıfatları,trustworthy,"güvenilir, harbi, sağlam",sıfat,C1,,I believe that he's trustworthy.,Onun güvenilir olduğuna inanıyorum.
Kütüphane: Akademik Fiiller,B1 Temel Sınav Fiilleri,try,"denemek, deneme, yoklamak",fiil,B1,,Can I try it on?,Onu deneyebilir miyim?
Kütüphane: Sıfatlar & Zarflar,B1-B2 Sık Çıkan Akademik Sıfatlar,trying,"deneme, zor, sıkıntılı",sıfat,B1,,I'm trying my best.,Elimden geleni yapıyorum.
Kütüphane: Akademik İsimler,B1 Temel Akademik İsimler,tube,"tüp, boru, tüp içine koymak",isim,B1,,Please buy a tube of toothpaste.,Lütfen bir tüp diş macunu al.
Kütüphane: Akademik İsimler,B1 Temel Akademik İsimler,tumor,"ur, tümör, şiş",isim,B1,,I have a brain tumor.,Bir beyin tümörüm var.
Kütüphane: Akademik İsimler,B1 Temel Akademik İsimler,tumors,tümörler,isim,B1,,The investigation highlighted the critical role of tumors.,Soruşturma tümörler kavramının kritik rolünü vurguladı.
Kütüphane: Akademik İsimler,B1 Temel Akademik İsimler,tunnel,"tünel, tünel açmak, tünelden geçmek",isim,B1,,Don't go through this tunnel.,Bu tünelden gitme.
Kütüphane: Akademik İsimler,B1 Temel Akademik İsimler,turkey,"türkiye, hindi, işleri yüzüne gözüne bulaştıran kimse",isim,B1,,I eat a lot of turkey.,Çok hindi yerim.
Kütüphane: Akademik Fiiller,B1 Temel Sınav Fiilleri,turn,"dönmek, döndürmek, çevirmek",fiil,B1,,I made a U-turn.,U dönüşü yaptım.
Kütüphane: Akademik İsimler,B2 İleri Akademik İsimler,turning,"çevirme dili, köşe, dönüş yeri",isim,B2,,I'm not turning back.,Ben geri dönmüyorum.
Kütüphane: Akademik İsimler,B1 Temel Akademik İsimler,tutor,"özel öğretmen, ders vermek, özel ders vermek",isim,B1,,We hired a chemistry tutor for Tom.,Tom için özel kimya dersi tuttuk.
Kütüphane: Temel Kelimeler (A1-A2),Günlük İsimler ve Mekanlar,two,"iki, iskambilde ikili, iki rakamı",isim,A1,,We won six to two.,Biz altı iki kazandık.
Kütüphane: Akademik İsimler,B1 Temel Akademik İsimler,type,"yazmak, tür, tip",isim,B1,,I'm not her type.,Onun tipi değilim.
Kütüphane: Akademik İsimler,C1 Üst Düzey Akademik İsimler,typewriter,"daktilo, yazı makinesi, daktilo makinesi",isim,C1,,May I use your typewriter?,Ben senin daktilonu kullanabilir miyim?
Kütüphane: Akademik Fiiller,B2 İleri Akademik Fiiller,ultimate,"nihai, son, sonuç",fiil,B2,,It's the ultimate test.,Bu nihai test.
Kütüphane: Sıfatlar & Zarflar,B1-B2 Sık Çıkan Akademik Sıfatlar,ultra,"aşırı, uç görüşlü kimse, son derece",sıfat,B1,,The empirical results of the study were remarkably ultra.,Çalışmanın ampirik sonuçlarının son derece aşırı olduğu görüldü.
Kütüphane: Akademik İsimler,B1 Temel Akademik İsimler,un,un,isim,B1,,What does UN stand for?,BM ne anlama geliyor?
Kütüphane: Sıfatlar & Zarflar,B1-B2 Sık Çıkan Akademik Sıfatlar,uncertain,"belirsiz, bilinmez, şüpheli",sıfat,B2,,It's uncertain if he'll come.,Onun gelip gelmeyeceği belirsiz.
Kütüphane: Akademik Fiiller,B2 İleri Akademik Fiiller,unchange,"eski haline getirmek, önceki haline getirmek, değişmemek",fiil,B2,,The research committee agreed to unchange the proposed methodology.,Araştırma komitesi önerilen metodolojiyi eski haline getirmek konusunda mutabık kaldı.
Kütüphane: Sıfatlar & Zarflar,B1-B2 Sık Çıkan Akademik Sıfatlar,unchanged,"değiştirilmemiş, değişmemiş, değiştirilemez",sıfat,B2,,The empirical results of the study were remarkably unchanged.,Çalışmanın ampirik sonuçlarının son derece değiştirilmemiş olduğu görüldü.
Kütüphane: Sıfatlar & Zarflar,B1-B2 Sık Çıkan Akademik Sıfatlar,unclear,"belirsiz, zor anlaşılır, açık olmayan",sıfat,B2,,It's unclear what went wrong.,Neyin yanlış gittiği belirsiz.
Kütüphane: Akademik İsimler,B2 İleri Akademik İsimler,uncover,"ortaya çıkarmak, örtüsünü kaldırmak, açmak",isim,B2,,I'm just trying to uncover the truth.,Ben sadece gerçeği ortaya çıkarmaya çalışıyorum.
Kütüphane: Bağlaçlar & Edatlar,Koşul ve Eklemeler,under,"altında, alt, az",edat,B1,,It's under the bed.,Yatağın altında.
Kütüphane: Sıfatlar & Zarflar,C1 İleri Niteleme Sıfatları,undergoing,"süregelen, süren",sıfat,C1,,The website was undergoing maintenance.,Web sitesi bakım geçiriyor.
Kütüphane: Bağlaçlar & Edatlar,Koşul ve Eklemeler,underneath,"altında, bir şeyin alt bölümü, bir şeyin alt kısmı",edat,B2,,The mouse ran underneath the bed.,Fare yatağın altına kaçtı.
Kütüphane: Akademik İsimler,C1 Üst Düzey Akademik İsimler,understanding,"kavrayış, anlama, anlayış",isim,C1,,I keep on not understanding.,Anlamamaya devam ediyorum.
Kütüphane: Sıfatlar & Zarflar,B1-B2 Sık Çıkan Akademik Sıfatlar,undesired,"istenmeyen, arzu edilmeyen, istenmedik",sıfat,B2,,The empirical results of the study were remarkably undesired.,Çalışmanın ampirik sonuçlarının son derece istenmeyen olduğu görüldü.
Kütüphane: Akademik İsimler,B1 Temel Akademik İsimler,une,"doğru, kesir çizgisi, yanal doğru",isim,B1,,The investigation highlighted the critical role of une.,Soruşturma doğru kavramının kritik rolünü vurguladı.
Kütüphane: Sıfatlar & Zarflar,B1-B2 Sık Çıkan Akademik Sıfatlar,unequal,"eşitsiz, eşit olamayan, oransız",sıfat,B2,,The empirical results of the study were remarkably unequal.,Çalışmanın ampirik sonuçlarının son derece eşitsiz olduğu görüldü.
Kütüphane: Akademik İsimler,C1 Üst Düzey Akademik İsimler,unevenness,"düzgünsüzlük, pürüz, yamukluk",isim,C1,,The investigation highlighted the critical role of unevenness.,Soruşturma düzgünsüzlük kavramının kritik rolünü vurguladı.
Kütüphane: Sıfatlar & Zarflar,C1 İleri Niteleme Sıfatları,unexpected,"beklenmedik, beklenmeyen, ummadık",sıfat,C1,,It's just so unexpected.,Bu sadece çok beklenmedik.
Kütüphane: Sıfatlar & Zarflar,C1 İleri Niteleme Sıfatları,unfavorable,"elverişsiz, olumsuz, ters",sıfat,C1,,The empirical results of the study were remarkably unfavorable.,Çalışmanın ampirik sonuçlarının son derece elverişsiz olduğu görüldü.
Kütüphane: Sıfatlar & Zarflar,C1 İleri Niteleme Sıfatları,unfinished,"işlenmemiş, yarım kalmış, yarım",sıfat,C1,,We had some unfinished business.,Biraz bitmemiş işimiz vardı.
Kütüphane: Sıfatlar & Zarflar,Akademik Zarflar (-ly / Derece),unfortunately,"maalesef, aksi gibi, ne yazık ki",zarf,C1,,"Unfortunately, it's a hoax.",Ne yazık ki bu bir aldatmaca.
Kütüphane: Akademik Fiiller,B2 İleri Akademik Fiiller,unfreeze,"unfroze - unfrozen, serbest bırakmak, buzunu çözmek",fiil,B2,,The research committee agreed to unfreeze the proposed methodology.,Araştırma komitesi önerilen metodolojiyi unfroze - unfrozen konusunda mutabık kaldı.
Kütüphane: Sıfatlar & Zarflar,B1-B2 Sık Çıkan Akademik Sıfatlar,unique,"emsalsiz, benzersiz, kendine mahsus",sıfat,B1,,We have a unique bond.,Benzersiz bir bağımız var.
Kütüphane: Akademik Fiiller,B1 Temel Sınav Fiilleri,unite,"birleşmek, birleştirmek, raptetmek",fiil,B1,,The two companies plan to unite.,İki şirket birleşmeyi planlıyor.
Kütüphane: Sıfatlar & Zarflar,B1-B2 Sık Çıkan Akademik Sıfatlar,unlike,"farklı, benzemez, birbirine benzemeyen",sıfat,B1,,That's so unlike you.,O sana çok benzemiyor.
Kütüphane: Sıfatlar & Zarflar,Akademik Zarflar (-ly / Derece),unluckily,"şanssızlık eseri, aksi tesadüf, maalesef",zarf,B2,,The empirical results of the study were remarkably unluckily.,Çalışmanın ampirik sonuçlarının son derece şanssızlık eseri olduğu görüldü.
Kütüphane: Sıfatlar & Zarflar,C1 İleri Niteleme Sıfatları,unparallel,"eğri, paralel olmayan",sıfat,C1,,The empirical results of the study were remarkably unparallel.,Çalışmanın ampirik sonuçlarının son derece eğri olduğu görüldü.
Kütüphane: Sıfatlar & Zarflar,C1 İleri Niteleme Sıfatları,unprecedented,"eşi benzeri görülmemiş, eşi görülmemiş, yeni",sıfat,C1,,The price jump was unprecedented.,Fiyat sıçramasının eşi benzeri görülmemişti.
Kütüphane: Akademik İsimler,B1 Temel Akademik İsimler,unrest,"huzursuzluk, bozgun, kargaşa",isim,B1,,The unrest lasted three days.,Huzursuzluk üç gün sürdü.
Kütüphane: Sıfatlar & Zarflar,B1-B2 Sık Çıkan Akademik Sıfatlar,unsafe,"güvenli olmayan, emin olmayan, güvenilmez",sıfat,B1,,I don't feel unsafe.,Emniyetsiz hissetmiyorum.
Kütüphane: Sıfatlar & Zarflar,C1 İleri Niteleme Sıfatları,unsuitable,"uygunsuz, olmayacak, uymaz",sıfat,C1,,"In my opinion, it's quite unsuitable.","Bence, o oldukça uygunsuz."
Kütüphane: Sıfatlar & Zarflar,C1 İleri Niteleme Sıfatları,untreatable,"tedavisiz, tedavisi imkansız, tedavi edilemez",sıfat,C1,,The empirical results of the study were remarkably untreatable.,Çalışmanın ampirik sonuçlarının son derece tedavisiz olduğu görüldü.
Kütüphane: Sıfatlar & Zarflar,B1-B2 Sık Çıkan Akademik Sıfatlar,unwanted,"istenilmeyen, istenmemiş, istenmeyen",sıfat,B2,,I keep receiving unwanted emails.,İstemediğim e-postaları almaya devam ediyorum.
Kütüphane: Bağlaçlar & Edatlar,Koşul ve Eklemeler,up,"yukarı, yükseltmek, artırmak",edat,B1,,It's up to me.,Bu bana bağlı.
Kütüphane: Sıfatlar & Zarflar,B1-B2 Sık Çıkan Akademik Sıfatlar,updated,"günümüze en yakın tarihte hazırlanmış, yenilenmiş, güncellenen",sıfat,B2,,We'll keep you updated.,Sizi gelişmelerden haberdar edeceğiz.
Kütüphane: Sıfatlar & Zarflar,B1-B2 Sık Çıkan Akademik Sıfatlar,upheaval,"yükselme, devrim, kabarma",sıfat,B2,,The empirical results of the study were remarkably upheaval.,Çalışmanın ampirik sonuçlarının son derece yükselme olduğu görüldü.
Kütüphane: Bağlaçlar & Edatlar,Zaman ve Süreç Edatları,upon,"üzerine, üzerinde, üstünde",edat,B1,,You can rely upon him.,Ona güvenebilirsiniz.
Kütüphane: Akademik İsimler,B1 Temel Akademik İsimler,upper,"üst, yukarı, saya",isim,B1,,He belongs to the upper class.,"O, üst sınıfa aittir."
Kütüphane: Sıfatlar & Zarflar,B1-B2 Sık Çıkan Akademik Sıfatlar,urban,"şehirsel, kentsel, şehir",sıfat,B1,,Isn't that just an urban legend?,Bu sadece bir şehir efsanesi değil mi?
Kütüphane: Akademik İsimler,B1 Temel Akademik İsimler,ure,"üre, yaban öküzü",isim,B1,,The investigation highlighted the critical role of ure.,Soruşturma üre kavramının kritik rolünü vurguladı.
Kütüphane: Akademik Fiiller,B1 Temel Sınav Fiilleri,urge,"dürtü, dürtmek, ısrar etmek",fiil,B1,,We urge you to be patient.,Sabırlı olmanı ısrarla tavsiye ediyoruz.
Kütüphane: Temel Kelimeler (A1-A2),Günlük İsimler ve Mekanlar,us,"biz, abd, bizi",zamir,B1,,It's up to us.,Bu bize kalmış.
Kütüphane: Akademik İsimler,B1 Temel Akademik İsimler,use,"kullanmak, kullanım, kullanma",isim,B1,,I can't use it.,Onu kullanamam.
Kütüphane: Sıfatlar & Zarflar,B1-B2 Sık Çıkan Akademik Sıfatlar,useful,"faydalı, yararlı, kullanışlı",sıfat,B1,,I hope it's useful.,Umarım yararlıdır.
Kütüphane: Akademik İsimler,C1 Üst Düzey Akademik İsimler,usefulness,"fayda, hayır, faydalılık",isim,C1,,The investigation highlighted the critical role of usefulness.,Soruşturma fayda kavramının kritik rolünü vurguladı.
Kütüphane: Akademik İsimler,B1 Temel Akademik İsimler,users,"bir malı tüketenler veya onu ara malı olarak talep edenler, kullanıcılar, kişiler",isim,B1,,Refer to the Users' Guide if you have any problems.,Herhangi bir sorununuz varsa Kullanıcı Kılavuzu'na bakın.
Kütüphane: Sıfatlar & Zarflar,B1-B2 Sık Çıkan Akademik Sıfatlar,using,"kullanma, kullanan, kullanılan",sıfat,B1,,I'm using that cup.,Ben o fincanı kullanıyorum.
Kütüphane: Sıfatlar & Zarflar,Akademik Zarflar (-ly / Derece),usually,"genellikle, çoğunlukla, çoğu zaman",zarf,B2,,I don't usually cry.,Genellikle ağlamam.
Kütüphane: Akademik Fiiller,B2 İleri Akademik Fiiller,utilize,"faydalı hale getirmek, yararlanmak, yarar sağlamak",fiil,B2,,We had better utilize our natural resources.,Doğal kaynaklarımızdan faydalansak iyi olur.
Kütüphane: Akademik İsimler,B1 Temel Akademik İsimler,utter,"dile getirmek, basmak, buyurmak",isim,B1,,He was an utter stranger.,Tam bir yabancıydı.
Kütüphane: Sıfatlar & Zarflar,Akademik Zarflar (-ly / Derece),utterly,"tümüyle, tamamen, düpedüz",zarf,B2,,The report is utterly false.,Rapor tamamen yanlış.
Kütüphane: Akademik İsimler,B2 İleri Akademik İsimler,vacation,"tatil, tatil yapmak, izin",isim,B2,,I'm here on vacation.,Tatil için buradayım.
Kütüphane: Akademik İsimler,"Alan Odaklı İsimler (Sağlık, Fen & Sosyal)",vaccination,"aşılama, aşı yapma, aşı",isim,C1,,The vaccination left a funny little mark on my arm.,Aşı kolumda komik küçük bir iz bıraktı.
Kütüphane: Akademik İsimler,"Alan Odaklı İsimler (Sağlık, Fen & Sosyal)",vaccine,"aşı, aşı maddesi, aşıya ait",isim,B2,,Do you have the vaccine?,Aşınız var mı?
Kütüphane: Sıfatlar & Zarflar,B1-B2 Sık Çıkan Akademik Sıfatlar,vague,"şüpheli, kararsız, anlaşılmaz",sıfat,B1,,It's a vague story.,O belirsiz bir hikaye.
Kütüphane: Akademik İsimler,B1 Temel Akademik İsimler,value,"değer vermek, paha biçmek, değer biçmek",isim,B1,,Is that a fair value?,O adil bir değer mi?
Kütüphane: Sıfatlar & Zarflar,B1-B2 Sık Çıkan Akademik Sıfatlar,vanish,"ortadan kaybolmak, yitmek, kayıplara karışmak",sıfat,B1,,Tom's smile vanished instantly.,Tom'un gülümsemesi anında kayboldu.
Kütüphane: Sıfatlar & Zarflar,B1-B2 Sık Çıkan Akademik Sıfatlar,variable,"değişken, uyuşmazlık, değişken şey",sıfat,B2,,Variable names in C are case sensitive.,C'deki değişken isimler büyük küçük harfe duyarlıdır.
Kütüphane: Akademik İsimler,B2 İleri Akademik İsimler,variables,değişkenler,isim,B2,,It depends upon several variables.,Birkaç değişkene bağlıdır.
Kütüphane: Akademik İsimler,B2 İleri Akademik İsimler,variation,"varyasyon, farklılık, fark",isim,B2,,The investigation highlighted the critical role of variation.,Soruşturma varyasyon kavramının kritik rolünü vurguladı.
Kütüphane: Akademik İsimler,B2 İleri Akademik İsimler,variety,"çeşitlilik, çeşit, sosis",isim,B2,,He grew a variety of crops.,Çeşitli ekinler yetiştirdi.
Kütüphane: Sıfatlar & Zarflar,B1-B2 Sık Çıkan Akademik Sıfatlar,various,"çeşitli, muhtelif, birkaç",sıfat,B2,,He's collecting various data.,O çeşitli veriler topluyor.
Kütüphane: Akademik İsimler,B2 İleri Akademik İsimler,vehicle,"araç, taşıt, vasıta",isim,B2,,Step away from the vehicle.,Araçtan uzaklaş.
Kütüphane: Akademik İsimler,B2 İleri Akademik İsimler,vehicles,"taşıt araçları, taşıtlar",isim,B2,,"Cars, buses, and trucks are all vehicles.","Arabalar, otobüsler, kamyonlar; hepsi birer araçtır."
Kütüphane: Akademik İsimler,B1 Temel Akademik İsimler,vein,"damar, damarlarla kaplamak, huy",isim,B1,,A dye was injected into a vein of the patient's arm.,Bir boya hastanın kol damarına enjekte edilebilir.
Kütüphane: Sıfatlar & Zarflar,B1-B2 Sık Çıkan Akademik Sıfatlar,venomous,"haince, düşman, ağılı",sıfat,B2,,This snake isn't venomous.,Bu yılan zehirli değil.
Kütüphane: Akademik İsimler,B2 İleri Akademik İsimler,venture,"girişim, tehlikeye atmak, riske atmak",isim,B2,,Spying on gangsters was a dangerous venture.,Gangasterlerle ilgili casusluk yapmak tehlikeli bir girişimdi.
Kütüphane: Akademik Fiiller,B1 Temel Sınav Fiilleri,verify,"doğrulamak, soruşturmak, kanıtlamak",fiil,B1,,We have no way to verify this.,Bunu doğrulamak için hiçbir yöntemimiz yok.
Kütüphane: Sıfatlar & Zarflar,B1-B2 Sık Çıkan Akademik Sıfatlar,very,"çok, hatta, bile",sıfat,B1,,I'm not very old.,Ben çok yaşlı değilim.
Kütüphane: Bağlaçlar & Edatlar,Koşul ve Eklemeler,via,"vasıtasıyla, aracılığıyla, kanalıyla",edat,B1,,She went to Europe via America.,O Amerika üzerinden Avrupa'ya gitti.
Kütüphane: Akademik İsimler,B1 Temel Akademik İsimler,view,"incelemek, görüş, bakış",isim,B1,,Did you enjoy the view?,Manzara hoşuna gitti mi?
Kütüphane: Akademik İsimler,B1 Temel Akademik İsimler,viewer,"izleyici, seyirci, vizyonöz",isim,B1,,Television enlightens the viewers as well as entertains them.,Televizyon izleyicileri eğlendirmesinin yanı sıra onları aydınlatır.
Kütüphane: Temel Kelimeler (A1-A2),Günlük İsimler ve Mekanlar,village,"köy, köy halkı, şehir ve kasabalardan küçük ama kalıcı yerleşim birimi",isim,A1,,He lives in a village.,"O, bir köyde yaşıyor."
Kütüphane: Akademik İsimler,B1 Temel Akademik İsimler,vision,"görme, hayal gibi görmek, görme kuvveti",isim,B1,,I just had a vision.,Sadece bir görüşüm vardı.
Kütüphane: Akademik İsimler,B2 İleri Akademik İsimler,visitor,"ziyaretçi, ziyarete giden kimse, zair",isim,B2,,We've got a visitor.,Bir konuğumuz var.
Kütüphane: Sıfatlar & Zarflar,B1-B2 Sık Çıkan Akademik Sıfatlar,vital,"yaşamsal, çok önemli, hayati",sıfat,B1,,Exercise is vital for a dog.,"Egzersiz, bir köpek için hayatidir."
Kütüphane: Akademik İsimler,B1 Temel Akademik İsimler,voice,"ses, ses tellerini titreştirerek oluşturmak, dile getirmek",isim,B1,,It's Tom's voice.,"O, Tom'un sesi."
Kütüphane: Akademik İsimler,B2 İleri Akademik İsimler,waiting,"bekleyiş, bekleme, refakat",isim,B2,,I'm sick of waiting.,Beklemekten bıktım.
Kütüphane: Temel Kelimeler (A1-A2),Günlük Eylemler ve Sıfatlar,walk,"yürümek, dolaşmak, yürüyerek gitmek",fiil,A1,,I don't walk fast.,Hızlı yürümüyorum.
Kütüphane: Akademik İsimler,B2 İleri Akademik İsimler,walking,"yürüyüş, yürüme, yürüyen",isim,B2,,I don't mind walking.,Yürüyüşe itirazım yok.
Kütüphane: Akademik İsimler,B1 Temel Akademik İsimler,wander,"başıboş dolaşmak, dolaşmak, amaçsızca dolaşmak",isim,B1,,Don't wander too far.,Çok uzağa gitme.
Kütüphane: Akademik Fiiller,B1 Temel Sınav Fiilleri,want,"istemek, istek, isteklenmek",fiil,B1,,I don't want it.,Ben onu istemiyorum.
Kütüphane: Sıfatlar & Zarflar,B1-B2 Sık Çıkan Akademik Sıfatlar,wanted,"lazım, gerekli, aranılan",sıfat,B1,,I wanted to do it.,Onu yapmak istedim.
Kütüphane: Akademik İsimler,"Alan Odaklı İsimler (Sağlık, Fen & Sosyal)",war,"harp, savaş, savaş halinde olmak",isim,B1,,He is a war orphan.,"O, bir savaş yetimidir?"
Kütüphane: Temel Kelimeler (A1-A2),Günlük Eylemler ve Sıfatlar,warm,"ısıtmak, ısınmak, ılık",sıfat,A1,,I'll keep it warm.,Onu sıcak tutacağım.
Kütüphane: Akademik İsimler,"Alan Odaklı İsimler (Sağlık, Fen & Sosyal)",warming,"dayak atma, ısınma, ısıtma",isim,B2,,I'm just warming up.,Daha yeni ısınıyorum.
Kütüphane: Akademik İsimler,"Alan Odaklı İsimler (Sağlık, Fen & Sosyal)",warmth,"sıcaklık, ısı, ateşlilik",isim,B1,,I remember the warmth of his arms.,Onun kollarının sıcaklığını hatırlıyorum.
Kütüphane: Akademik İsimler,"Alan Odaklı İsimler (Sağlık, Fen & Sosyal)",warrior,"savaşçı, cenkçi, silahşor",isim,B2,,The warrior is conscious of both his strength and his weakness.,Savaşçı hem gücünün hem de zayıflığının bilincindedir.
Kütüphane: Akademik Fiiller,B1 Temel Sınav Fiilleri,was,"aynen bırakmak, doğduğuna pişman olmak, laf ağzında kalmak",fiil,B1,,I was in a coma.,Ben komadaydım.
Kütüphane: Temel Kelimeler (A1-A2),Günlük İsimler ve Mekanlar,wash,"yıkanmak, aşındırmak, yıkamak",isim,A1,,I will wash my car.,Arabamı yıkayacağım.
Kütüphane: Akademik İsimler,B2 İleri Akademik İsimler,washing,"yıkanma, yıkama, bulaşık yıkama",isim,B2,,He is washing a car.,O bir araba yıkıyor.
Kütüphane: Temel Kelimeler (A1-A2),Günlük İsimler ve Mekanlar,watch,"seyretmek, gözlemek, izlemek",isim,A1,,I don't watch TV.,TV izlemem.
Kütüphane: Temel Kelimeler (A1-A2),Günlük İsimler ve Mekanlar,water,"sulamak, su, hafifletmek",isim,A1,,He's in hot water.,O hapı yuttu.
Kütüphane: Akademik İsimler,B1 Temel Akademik İsimler,way,"yol, taraf, tarz",isim,B1,,I'm on my way.,Ben yoldayım.
Kütüphane: Akademik İsimler,B1 Temel Akademik İsimler,ways,"yollar, kızak",isim,B1,,We have a ways to go.,Gidecek bir yolumuz var.
Kütüphane: Temel Kelimeler (A1-A2),Günlük İsimler ve Mekanlar,we,biz,zamir,B1,,We can't do it.,Onu yapamayız.
Kütüphane: Akademik İsimler,B1 Temel Akademik İsimler,wealth,"varlık, zenginlik, servet",isim,B1,,Health is better than wealth.,Sağlık servetten daha iyidir.
Kütüphane: Sıfatlar & Zarflar,B1-B2 Sık Çıkan Akademik Sıfatlar,wealthy,"varlıklı, zengin, servet sahibi",sıfat,B2,,I'm a wealthy man.,Ben zengin bir adamım.
Kütüphane: Akademik İsimler,"Alan Odaklı İsimler (Sağlık, Fen & Sosyal)",weather,"hava, hava durumu, yalpalamak",isim,B2,,"Nice weather, isn't it?","Güzel hava, değil mi?"
Kütüphane: Akademik İsimler,B1 Temel Akademik İsimler,weaver,"dokumacı, dokuyucu, çulha",isim,B1,,The investigation highlighted the critical role of weaver.,Soruşturma dokumacı kavramının kritik rolünü vurguladı.
Kütüphane: Temel Kelimeler (A1-A2),Günlük İsimler ve Mekanlar,week,"hafta, ardışık yedi günlük süre",isim,A1,,I'll wait a week.,Bir hafta bekleyeceğim.
Kütüphane: Akademik İsimler,B2 İleri Akademik İsimler,weekend,"hafta sonu, hafta sonunu geçirmek, haftasonu",isim,B2,,I had a good weekend.,İyi bir hafta sonu geçirdim.
Kütüphane: Akademik İsimler,B1 Temel Akademik İsimler,weight,"ağırlık yapmak, sıklet, ağırlık",isim,B1,,I've put on weight.,Ben kilo aldım.
Kütüphane: Akademik İsimler,B2 İleri Akademik İsimler,welfare,"gönenç, refah, yardım",isim,B2,,I'll live on welfare.,Ben refah yaşayacağım.
Kütüphane: Akademik İsimler,B1 Temel Akademik İsimler,well,"kuyu, iyi, peki",isim,B1,,He's in the well.,O kuyudadır.
Kütüphane: Akademik İsimler,B2 İleri Akademik İsimler,wellbeing,"iyilik, saadet, sağlık",isim,B2,,The investigation highlighted the critical role of wellbeing.,Soruşturma iyilik kavramının kritik rolünü vurguladı.
Kütüphane: Akademik İsimler,B2 İleri Akademik İsimler,wellness,"zindelik, sağlık, sıhhat",isim,B2,,The investigation highlighted the critical role of wellness.,Soruşturma zindelik kavramının kritik rolünü vurguladı.
Kütüphane: Akademik Fiiller,B1 Temel Sınav Fiilleri,went,gitmenin  2. hali,fiil,B1,,I'm glad I went.,Gittiğime memnun oldum.
Kütüphane: Akademik Fiiller,B1 Temel Sınav Fiilleri,were,"bölgeden yer yer çatışma haberleri gelmek, alınan kararlar, adeta",fiil,B1,,I knew you were OK.,İyi olduğunu biliyordum.
Kütüphane: Sıfatlar & Zarflar,B1-B2 Sık Çıkan Akademik Sıfatlar,wet,"ıslatmak, ıslak, yaş",sıfat,B1,,I'm cold and wet.,Ben üşüdüm ve ıslağım.
Kütüphane: Akademik İsimler,B1 Temel Akademik İsimler,what,"ne, neyi, hangi",isim,B1,,It's what I am.,Ben buyum.
Kütüphane: Bağlaçlar & Edatlar,Koşul ve Eklemeler,when,"ne zaman, zaman, ne vakit",bağlaç,B1,,I come when I can.,Gelebildiğim zaman gelirim.
Kütüphane: Akademik Fiiller,C1 Üst Düzey Paragraf Fiilleri,whereabouts,"bulunduğu veya olduğu yer, yer, semt",fiil,C1,,I don't know his whereabouts.,Onun bulunduğu yeri bilmiyorum.
Kütüphane: Akademik İsimler,B2 İleri Akademik İsimler,wherever,"nerede, nereye, her nerede",isim,B2,,I'll go wherever you go.,Gittiğin her yere gideceğim.
Kütüphane: Bağlaçlar & Edatlar,Koşul ve Eklemeler,which,"hangi, kaçıncı, hangisini",bağlaç,B1,,Which way do I go?,Hangi yoldan giderim?
Kütüphane: Bağlaçlar & Edatlar,Zıtlık ve Karşılaştırma,while,"sırasında, iken, olduğu halde",bağlaç,B1,,It's been a while.,Bir süre oldu.
Kütüphane: Temel Kelimeler (A1-A2),Günlük Eylemler ve Sıfatlar,white,"beyaz, ak, solgun",sıfat,A1,,I'm sick of white.,Ben beyazdan bıktım.
Kütüphane: Bağlaçlar & Edatlar,Koşul ve Eklemeler,who,"kim, kimi, kime",bağlaç,B1,,I am who I am.,Ben neysem oyum.
Kütüphane: Sıfatlar & Zarflar,B1-B2 Sık Çıkan Akademik Sıfatlar,whole,"tam, bütün, tüm",sıfat,B1,,I saw the whole thing.,Bütün şeyi gördüm.
Kütüphane: Akademik İsimler,B1 Temel Akademik İsimler,whose,"isim olarak kullanılan yancümlenin başında bulunur, sıfat olarak kullanılan yancümlenin başında bulunur, kimin",isim,B1,,Whose turn is it now?,Şimdi kimin sırası?
Kütüphane: Akademik Fiiller,B1 Temel Sınav Fiilleri,why,"neden, niçin, niye",fiil,B1,,Why can't I go?,Neden gidemem?
Kütüphane: Sıfatlar & Zarflar,B1-B2 Sık Çıkan Akademik Sıfatlar,wide,"geniş, bol, engin",sıfat,B1,,Now I'm wide awake.,Şimdi tamamen uyanığım.
Kütüphane: Sıfatlar & Zarflar,C1 İleri Niteleme Sıfatları,widespread,"yaygın, alabildiğine açılmış, geniş alana yayılmış",sıfat,C1,,The decision caused widespread anger.,Karar yaygın öfkeye neden oldu.
Kütüphane: Temel Kelimeler (A1-A2),Günlük İsimler ve Mekanlar,wife,"kocanın eşi, hanım, karı",isim,A1,,I'm Tom's wife.,Ben Tom'un eşiyim.
Kütüphane: Sıfatlar & Zarflar,B1-B2 Sık Çıkan Akademik Sıfatlar,wild,"yaban, vahşi, yabani",sıfat,B1,,I'm not that wild.,O kadar vahşi değilim.
Kütüphane: Akademik İsimler,"Alan Odaklı İsimler (Sağlık, Fen & Sosyal)",will,"vasiyet, irade, dilemek",isim,B1,,I will buy a car.,Bir araba alacağım.
Kütüphane: Akademik Fiiller,B1 Temel Sınav Fiilleri,wind,"sarmak, dolamak, yel",fiil,B1,,A cold wind blew in.,Evde soğuk bir rüzgar esti.
Kütüphane: Temel Kelimeler (A1-A2),Günlük İsimler ve Mekanlar,window,"pencere, camekan, vitrin",isim,A1,,I sat by the window.,Pencerenin yanında oturdum.
Kütüphane: Sıfatlar & Zarflar,B1-B2 Sık Çıkan Akademik Sıfatlar,windy,"rüzgarlı, hızlı, lafı uzatan",sıfat,B1,,It's a windy day.,Rüzgarlı bir gün.
Kütüphane: Akademik İsimler,B1 Temel Akademik İsimler,wire,"telle bağlamak, tel takmak, telle çevirmek",isim,B1,,It's a wire cage.,Bu bir kafes.
Kütüphane: Akademik İsimler,B1 Temel Akademik İsimler,wisdom,"akıl, bilgelik, hikmet",isim,B1,knowledge,He is a man of wisdom.,"O, bilge bir adam."
Kütüphane: Sıfatlar & Zarflar,Akademik Zarflar (-ly / Derece),wisely,"akıllıca, bilgece",zarf,B1,,You must act more wisely.,Daha akıllıca hareket etmelisin.
Kütüphane: Bağlaçlar & Edatlar,Koşul ve Eklemeler,with,"ile, -lı, beraberinde",edat,A1,,I'm OK with it.,Benim için sorun değil.
Kütüphane: Bağlaçlar & Edatlar,Zaman ve Süreç Edatları,within,"dahilinde, içinde, içerisinde",edat,B1,,Come back within a month.,Bir ay içinde geri gel.
Kütüphane: Bağlaçlar & Edatlar,Koşul ve Eklemeler,without,"dış, dıştan, dışarıda",edat,B2,,Don't go without me.,Bensiz gitme.
Kütüphane: Akademik İsimler,B2 İleri Akademik İsimler,witness,"şahit olmak, şahitlik etmek, tanık olmak",isim,B2,,We've got a witness.,Bir görgü tanığımız var.
Kütüphane: Sıfatlar & Zarflar,B1-B2 Sık Çıkan Akademik Sıfatlar,witnessed,"meşhut, şahit olunmuş",sıfat,B2,,She witnessed him being killed.,"O, onun öldürülüşüne tanıklık etti."
Kütüphane: Akademik İsimler,B2 İleri Akademik İsimler,witnesses,"tanıklar, şahitler, görgü tanıkları",isim,B2,,There weren't any witnesses.,Herhangi bir tanık yoktu.
Kütüphane: Akademik İsimler,B1 Temel Akademik İsimler,wives,eşler,isim,B1,,I have three ex-wives.,Üç eski karım var.
Kütüphane: Temel Kelimeler (A1-A2),Günlük İsimler ve Mekanlar,woman,"kadın, hanım, karı",isim,A1,,I'm not a woman.,Ben kadın değilim.
Kütüphane: Temel Kelimeler (A1-A2),Günlük İsimler ve Mekanlar,women,"kadınlar, kadın milleti",isim,A1,,I don't trust women.,Kadınlara güvenmem.
Kütüphane: Akademik İsimler,B1 Temel Akademik İsimler,wood,"odun, tahta, ahşap",isim,B1,,I like to chop wood.,Tahta doğramayı severim.
Kütüphane: Temel Kelimeler (A1-A2),Günlük Eylemler ve Sıfatlar,work,"çalışmak, işe yaramak, iş yapmak",fiil,A1,,I work at a bar.,Ben bir barda çalışıyorum.
Kütüphane: Akademik İsimler,B1 Temel Akademik İsimler,worker,"işçi, adam, amele",isim,B1,,I'm a hard worker.,Ben çok çalışkanım.
Kütüphane: Akademik İsimler,B2 İleri Akademik İsimler,workers,işçi sınıfı,isim,B2,,He hired some new workers.,O bazı yeni işçileri işe aldı.
Kütüphane: Akademik İsimler,B2 İleri Akademik İsimler,workplace,"işyeri, iş yeri, dükkan",isim,B2,,Always keep your workplace organized.,Her zaman iş yerinizi düzenli tutun.
Kütüphane: Akademik İsimler,B1 Temel Akademik İsimler,works,"yapıtlar, fabrika, tesis",isim,B1,,He works at a bank.,O bir bankada çalışıyor.
Kütüphane: Akademik İsimler,"Alan Odaklı İsimler (Sağlık, Fen & Sosyal)",workshop,"çalıştay, seminer, zanaatçıya ait atölye",isim,B2,,I am working at the workshop.,Ben atölyede çalışıyorum.
Kütüphane: Temel Kelimeler (A1-A2),Günlük İsimler ve Mekanlar,world,"alem, dünya, evren",isim,A1,,It's a big world.,Bu büyük bir dünya.
Kütüphane: Sıfatlar & Zarflar,B1-B2 Sık Çıkan Akademik Sıfatlar,worldwide,"dünya çapındaki, dünyadaki her ulusu kapsayan, yaygın",sıfat,B2,,It's a worldwide problem.,Dünya çapında bir sorun.
Kütüphane: Sıfatlar & Zarflar,B1-B2 Sık Çıkan Akademik Sıfatlar,worried,"endişeli, kaygılı, endişelenmiş",sıfat,B2,,I'm a bit worried.,Biraz endişeliyim.
Kütüphane: Akademik Fiiller,B1 Temel Sınav Fiilleri,worry,"endişelenmek, üzülmek, merak etmek",fiil,B1,,I try not to worry.,Üzülmemeye çalışıyorum.
Kütüphane: Sıfatlar & Zarflar,B1-B2 Sık Çıkan Akademik Sıfatlar,worrying,"endişe verici, üzücü, rahatsız edici",sıfat,B2,,I do a lot of worrying.,Bir sürü üzücü şey yaptım.
Kütüphane: Akademik İsimler,B1 Temel Akademik İsimler,worth,"değer, eder, çap",isim,B1,,It's worth a try.,Denemeye değer.
Kütüphane: Sıfatlar & Zarflar,B1-B2 Sık Çıkan Akademik Sıfatlar,worthy,"önemli kimse, ileri gelenlerden biri, saygın kişi",sıfat,B1,,He's not worthy of you.,O sana layık değil.
Kütüphane: Akademik Fiiller,B1 Temel Sınav Fiilleri,wound,"yaralamak, yara, vurmak",fiil,B1,,Is the wound very deep?,Yara çok derin mi?
Kütüphane: Sıfatlar & Zarflar,B1-B2 Sık Çıkan Akademik Sıfatlar,wounded,"yaralı, yaralanmış, mecruh",sıfat,B2,,He was wounded in the war.,"O, savaşta yaralandı."
Kütüphane: Akademik İsimler,"Alan Odaklı İsimler (Sağlık, Fen & Sosyal)",wr,"kırmızı renkli, monoazo bir organik pigment",isim,B1,,I'd like to wring Tom's neck.,Tom'un boynunu sıkmak istiyorum.
Kütüphane: Temel Kelimeler (A1-A2),Günlük Eylemler ve Sıfatlar,write,"yazmak, wrote - written, kaydetmek",fiil,A1,,I can't write yet.,Henüz yazamam.
Kütüphane: Temel Kelimeler (A1-A2),Günlük İsimler ve Mekanlar,writer,"yazar, müellif, muharrir",isim,A1,,He is a good writer.,O iyi bir yazar.
Kütüphane: Sıfatlar & Zarflar,B1-B2 Sık Çıkan Akademik Sıfatlar,xx,yirminci,sıfat,B1,,The empirical results of the study were remarkably xx.,Çalışmanın ampirik sonuçlarının son derece yirminci olduğu görüldü.
Kütüphane: Akademik İsimler,B1 Temel Akademik İsimler,yard,"bahçe, avlu, açıklık",isim,B1,,We have a big yard.,Büyük bir bahçemiz var.
Kütüphane: Akademik İsimler,B1 Temel Akademik İsimler,yeah,"tamam, he, evet",isim,B1,,"Yeah. I think so, too.",Evet. Ben de öyle düşünüyorum.
Kütüphane: Temel Kelimeler (A1-A2),Günlük İsimler ve Mekanlar,year,"yıl, sene, ihtiyarlık",isim,A1,,I did it last year.,Ben onu geçen yıl yaptım.
Kütüphane: Akademik İsimler,B1 Temel Akademik İsimler,years,"yıllar, yıl",isim,B1,,Give it a few years.,Ona birkaç yıl ver.
Kütüphane: Akademik İsimler,B1 Temel Akademik İsimler,yes,"evet, olumlu cevap, olumlu oy",isim,B1,,I won't say yes.,Evet demeyeceğim.
Kütüphane: Akademik Fiiller,B2 İleri Akademik Fiiller,yesterday,dün,fiil,B2,,I got my pay yesterday.,Dün ödememi aldım.
Kütüphane: Bağlaçlar & Edatlar,Zıtlık ve Karşılaştırma,yet,"henüz, gerçi, yine de",bağlaç,B1,,I can't go yet.,Henüz gidemiyorum.
Kütüphane: Akademik İsimler,B1 Temel Akademik İsimler,yogurt,yoğurt,isim,B1,,I'd like some yogurt.,Biraz yoğurt isterim.
Kütüphane: Temel Kelimeler (A1-A2),Günlük İsimler ve Mekanlar,you,"siz, sen, seni",zamir,B1,,I'm mad at you.,Sana kızgınım.
Kütüphane: Akademik İsimler,B1 Temel Akademik İsimler,you're,"tehlikedesin, yaşlısın diye haklı olman gerekmiyor, umarım ne yaptığını biliyorsundur",isim,B1,,The investigation highlighted the critical role of you're.,Soruşturma tehlikedesin kavramının kritik rolünü vurguladı.
Kütüphane: Sıfatlar & Zarflar,B1-B2 Sık Çıkan Akademik Sıfatlar,young,"genç, hayvan yavrusu, döl",sıfat,B1,,He can't be young.,"O, genç olamaz."
Kütüphane: Akademik İsimler,B1 Temel Akademik İsimler,your,"senin, sizin",isim,B1,,Am I in your way?,Ben senin yolunda mıyım?
Kütüphane: Akademik İsimler,B1 Temel Akademik İsimler,youth,"gençlik, genç, genç kişi",isim,B1,,I spent my youth there.,Gençliğimi orada geçirdim.
Kütüphane: Sıfatlar & Zarflar,B1-B2 Sık Çıkan Akademik Sıfatlar,youthful,"dinç, genç bir havaya sahip, genç",sıfat,B2,,The empirical results of the study were remarkably youthful.,Çalışmanın ampirik sonuçlarının son derece dinç olduğu görüldü.
Kütüphane: Temel Kelimeler (A1-A2),Günlük Eylemler ve Sıfatlar,yummy,"lezzetli, nefis, harika",sıfat,A1,,Coffee with cream and sugar is yummy.,Krema ve şekerli kahve nefis.
Kütüphane: Akademik İsimler,B1 Temel Akademik İsimler,zone,"kuşak, bölge, bir yerde ancak belirli bir faaliyete izin vermek",isim,B1,,It's like a war zone there.,Bu orada bir savaş bölgesi gibi.
Kütüphane: Phrasal Verbs,Sık Çıkan Phrasal Verbs,stand for,"temsil etmek, anlamına gelmek",phrasal verb,B2,"represent, symbolize, signify",What does the acronym UNESCO stand for in international law?,Uluslararası hukukta UNESCO kısaltması ne anlama gelmektedir?
Kütüphane: Phrasal Verbs,Sık Çıkan Phrasal Verbs,take after,benzemek (aile büyüğüne huy veya tip olarak),phrasal verb,B2,"resemble, look like",She takes after her mother in both academic discipline and character.,Hem akademik disiplin hem de karakter olarak annesine benziyor.
Kütüphane: Phrasal Verbs,Sık Çıkan Phrasal Verbs,make up,"oluşturmak, uydurmak, telafi etmek",phrasal verb,B1,"constitute, compose, invent",Women make up more than half of the university student population.,"Kadınlar, üniversite öğrenci nüfusunun yarısından fazlasını oluşturmaktadır."
Kütüphane: Phrasal Verbs,Sık Çıkan Phrasal Verbs,use up,"tüketmek, bitirmek",phrasal verb,B2,"consume, deplete, exhaust",Industrial activities continue to use up non-renewable resources rapidly.,Sanayi faaliyetleri yenilenemeyen kaynakları hızla tüketmeye devam ediyor.
Kütüphane: Phrasal Verbs,Sık Çıkan Phrasal Verbs,blow up,"patlamak, havaya uçurmak, infilak etmek",phrasal verb,B1,"explode, detonate, erupt",The controlled demolition blew up the unsafe building safely.,"Kontrollü yıkım, güvensiz binayı güvenli bir şekilde patlattı/yıktı."
Kütüphane: Phrasal Verbs,Sık Çıkan Phrasal Verbs,look forward to,"dört gözle beklemek, umutla beklemek",phrasal verb,B1,"anticipate, await eagerly",Scientists look forward to analyzing the new satellite imagery.,Bilim insanları yeni uydu görüntülerini analiz etmeyi dört gözle bekliyor.
Kütüphane: Phrasal Verbs,Sık Çıkan Phrasal Verbs,carry out,"yürütmek, uygulamak, icra etmek",phrasal verb,B2,"conduct, implement, execute, perform",The research team carried out a comprehensive demographic survey.,Araştırma ekibi kapsamlı bir demografik anket yürüttü.
Kütüphane: Phrasal Verbs,Sık Çıkan Phrasal Verbs,rely on,"güvenmek, bel bağlamak, bağımlı olmak",phrasal verb,B1,"depend on, count on, trust",Developing economies often rely on agricultural revenue for sustainability.,Gelişmekte olan ekonomiler sürdürülebilirlik için sıklıkla tarım gelirine bel bağlar.
Kütüphane: Phrasal Verbs,Sık Çıkan Phrasal Verbs,turn down,"reddetmek, geri çevirmek",phrasal verb,B2,"reject, refuse, decline",The editorial board turned down the manuscript due to inadequate citations.,Yayın kurulu yetersiz atıflar nedeniyle makaleyi geri çevirdi/reddetti.
Kütüphane: Phrasal Verbs,Sık Çıkan Phrasal Verbs,bring about,"sebep olmak, yol açmak",phrasal verb,B2,"cause, lead to, trigger, generate",Technological breakthroughs brought about profound changes in education.,Teknolojik atılımlar eğitimde derin değişimlere yol açtı.
Kütüphane: Phrasal Verbs,Sık Çıkan Phrasal Verbs,cope with,"başa çıkmak, üstesinden gelmek",phrasal verb,B2,"deal with, handle, overcome, manage",Medical personnel worked tirelessly to cope with the surge of patients.,Sağlık personeli hasta akınıyla başa çıkmak için yorulmadan çalıştı.
Kütüphane: Phrasal Verbs,Akademik Kolokasyonlar,intensive care,yoğun bakım,kalıp ifade,B1,"ICU, critical care",The clinical team monitored the patient continuously in the intensive care unit.,Klinik ekip hastayı yoğun bakım ünitesinde sürekli olarak izledi.
Kütüphane: Phrasal Verbs,Akademik Kolokasyonlar,cultural heritage,kültürel miras,kalıp ifade,B2,"historical legacy, patrimony",International conventions protect ancient cultural heritage during armed conflicts.,Uluslararası sözleşmeler silahlı çatışmalar sırasında antik kültürel mirası korur.
