Alt Klasör,Kelime,Türkçe Anlamı,Tür,Seviye,Eş Anlamlılar,Örnek Cümle (İngilizce),Örnek Cümle (Türkçe)
B1-B2 Sık Çıkan Akademik Sıfatlar,able,"hünerli, kadir, gücü yeten",sıfat,B1,,I'm able to run.,Koşabilirim.
B1-B2 Sık Çıkan Akademik Sıfatlar,abrupt,"birdenbire oluveren, ani, sert",sıfat,B1,,Don't make abrupt moves.,Ani hareket yapmayın.
B1-B2 Sık Çıkan Akademik Sıfatlar,absolute,"tam, mutlak, salt",sıfat,B2,,He's an absolute fool.,O katışıksız bir aptal.
B1-B2 Sık Çıkan Akademik Sıfatlar,academic,"akademik, üniversite öğretim görevlisi, öğretim görevlisi",sıfat,B2,,My interest in politics is strictly academic.,Siyasete ilgim tamamen akademik.
C1 İleri Niteleme Sıfatları,accessible,"ulaşılabilir, erişilebilir, kolaylıkla görüşülebilen",sıfat,C1,,The town is accessible by rail.,Şehre demir yolu ile erişilebilir.
C1 İleri Niteleme Sıfatları,accomplished,"başarıyla sonlandırılmış, başarılmış, yetenekli",sıfat,C1,,We've accomplished a lot.,Çok şey başardık.
B1-B2 Sık Çıkan Akademik Sıfatlar,accused,"zanlı, sanık, suçlu",sıfat,B2,,He is accused of murder.,O cinayetle suçlanıyor.
Akademik Zarflar (-ly / Derece),actively,"bilfiil, aktif olarak, etkin bir şekilde",zarf,B2,,The empirical results of the study were remarkably actively.,Çalışmanın ampirik sonuçlarının son derece bilfiil olduğu görüldü.
B1-B2 Sık Çıkan Akademik Sıfatlar,adaptable,"uyabilen, uyumlu, yeni koşullara uyarlanabilen",sıfat,B2,,The empirical results of the study were remarkably adaptable.,Çalışmanın ampirik sonuçlarının son derece uyabilen olduğu görüldü.
B1-B2 Sık Çıkan Akademik Sıfatlar,adaptive,"uyarlanır, uyabilen, uyar",sıfat,B2,,The empirical results of the study were remarkably adaptive.,Çalışmanın ampirik sonuçlarının son derece uyarlanır olduğu görüldü.
B1-B2 Sık Çıkan Akademik Sıfatlar,added,"munzam, katma, ekli",sıfat,B1,,He added to his savings.,"O, birikimlerini topladı."
C1 İleri Niteleme Sıfatları,additional,"fazladan, ek, ilave",sıfat,C1,,There is an additional problem.,Ek bir sorun var.
C1 İleri Niteleme Sıfatları,adjustable,"ayarlı, ayarlanır, ayarlanabilir",sıfat,C1,,The empirical results of the study were remarkably adjustable.,Çalışmanın ampirik sonuçlarının son derece ayarlı olduğu görüldü.
B1-B2 Sık Çıkan Akademik Sıfatlar,admitted,"kabul edilen, kabul edilmiş, herkesçe bilinen",sıfat,B2,,I admitted I did it.,Bunu yaptığımı itiraf ettim.
C1 İleri Niteleme Sıfatları,adolescent,"ergen, gençlik, genç",sıfat,C1,,The audience were mostly adolescents.,Seyirciler genellikle gençti.
B1-B2 Sık Çıkan Akademik Sıfatlar,adult,"yetişkin, er kişi, yetişkin kişi",sıfat,B1,,I'm an adult now.,Artık bir yetişkinim.
B1-B2 Sık Çıkan Akademik Sıfatlar,adverse,"olumsuz, aksi, ters",sıfat,B2,,Is there any adverse reaction?,Herhangi bir olumsuz reaksiyon var mı?
B1-B2 Sık Çıkan Akademik Sıfatlar,affluent,"ırmak ayağı, bir nehrin ayağı, gürül gürül akan",sıfat,B2,,The empirical results of the study were remarkably affluent.,Çalışmanın ampirik sonuçlarının son derece ırmak ayağı olduğu görüldü.
C1 İleri Niteleme Sıfatları,affordable,"bütçeye uygun, ekonomik, düşük maliyetli",sıfat,C1,,We want to make it affordable.,Bunu satın alınabilir yapmak istiyoruz.
B1-B2 Sık Çıkan Akademik Sıfatlar,airless,"havasız, boğucu, sakin",sıfat,B2,,The empirical results of the study were remarkably airless.,Çalışmanın ampirik sonuçlarının son derece havasız olduğu görüldü.
B1-B2 Sık Çıkan Akademik Sıfatlar,all,"tüm, bütün, hepsi",sıfat,B1,,I'm all for it.,Ben tamamen destekliyorum.
B1-B2 Sık Çıkan Akademik Sıfatlar,allied,"bağlaşık, müttefik, birbirine bağlı",sıfat,B1,,Germany was once allied with Italy.,Almanya bir zamanlar İtalya ile müttefikti.
B1-B2 Sık Çıkan Akademik Sıfatlar,allowing,izin verilen,sıfat,B2,,I'm allowing you to go.,Gitmene izin veriyorum.
B1-B2 Sık Çıkan Akademik Sıfatlar,alone,"yalnız, bir, kimsesiz",sıfat,B1,,I can't go alone.,Tek başıma gidemem.
C1 İleri Niteleme Sıfatları,alternative,"alternatif, çare, şık",sıfat,C1,,We've got no alternative.,Hiç alternatifimiz yok.
B1-B2 Sık Çıkan Akademik Sıfatlar,amused,"memnuniyet içinde, mutlu, eğlenen",sıfat,B1,,The joke amused the audience.,Espri seyirciyi eğlendirdi.
B1-B2 Sık Çıkan Akademik Sıfatlar,amusing,"eğlenceli, zevkli, komik",sıfat,B2,,I found her very amusing.,Ben onu çok eğlenceli buldum.
B1-B2 Sık Çıkan Akademik Sıfatlar,ancient,"antik, çok yaşlı kimse, uzun zaman önce yaşamış kimse",sıfat,B2,,This is an ancient law.,Bu eski bir yasadır.
B1-B2 Sık Çıkan Akademik Sıfatlar,animal,"hayvan, yetenekli kimse, izbandut gibi adam",sıfat,B1,,I'm a party animal.,Ben parti hayvanıyım.
B1-B2 Sık Çıkan Akademik Sıfatlar,anxious,"endişeli, kaygılı, huzursuz",sıfat,B2,,I'm a bit anxious.,Biraz endişeliyim.
B1-B2 Sık Çıkan Akademik Sıfatlar,any,"her, hiçbir, herhangi",sıfat,B1,,I don't have any.,Bende hiç yok.
B1-B2 Sık Çıkan Akademik Sıfatlar,appalling,"müthiş, dehşete düşüren, korkunç",sıfat,B2,,I think that's appalling.,Onun korkunç olduğunu düşünüyorum.
B1-B2 Sık Çıkan Akademik Sıfatlar,apparent,"aşikar, ortada, belirgin",sıfat,B2,,The apparent truth was really a lie.,Bariz gerçek gerçekten bir yalandı.
Akademik Zarflar (-ly / Derece),apply,"uygulamak, yürürlüğe koymak, başvurmak",zarf,B1,"implement, conduct, practice, execute",May I apply for asylum?,Sığınma için başvurabilir miyim?
Akademik Zarflar (-ly / Derece),approximately,"takriben, yaklaşık olarak, aşağı yukarı",zarf,C1,,We're approximately the same age.,Biz yaklaşık olarak aynı yaştayız.
B1-B2 Sık Çıkan Akademik Sıfatlar,arrival,"varış, varma, geliş",sıfat,B2,,What's our arrival time?,Bizim varış saatimiz nedir?
B1-B2 Sık Çıkan Akademik Sıfatlar,arrive,"varmak, ulaşmak, başarmak",sıfat,B1,,Will we arrive in time?,Zamanında varır mıyız?
B1-B2 Sık Çıkan Akademik Sıfatlar,asleep,"uyuyan, tembel, uyuşuk",sıfat,B1,,I'm not asleep yet.,Henüz uyumuyorum.
B1-B2 Sık Çıkan Akademik Sıfatlar,ative,"-den, ilgili anlamı veren son ek, ilişkili anlamı veren son ek",sıfat,B1,,The empirical results of the study were remarkably ative.,Çalışmanın ampirik sonuçlarının son derece -den olduğu görüldü.
Akademik Zarflar (-ly / Derece),attentively,"dikkatlice, dikkatle",zarf,C1,,Listen attentively to what I say.,Söylediğimi dikkatlice dinle.
C1 İleri Niteleme Sıfatları,attractive,"cazibeli, cazip, çekici",sıfat,C1,,Do you find me attractive?,Beni çekici buluyor musun?
B1-B2 Sık Çıkan Akademik Sıfatlar,available,"elde hazır bulunan, boş, mevcut",sıfat,B2,,A free demo is available.,Ücretsiz bir gösteri mevcuttur.
B1-B2 Sık Çıkan Akademik Sıfatlar,aware,"haberdar, farkında, vakıf",sıfat,B1,,I'm aware of it.,Ben bunun farkındayım.
B1-B2 Sık Çıkan Akademik Sıfatlar,awful,"berbat, çok kötü, fena",sıfat,B1,,I know it's awful.,Korkunç olduğunu biliyorum.
B1-B2 Sık Çıkan Akademik Sıfatlar,balanced,"dengeli, dengelenmiş, muvazeneli",sıfat,B2,,The budget must be balanced.,Bütçe dengeli olmalıdır.
B1-B2 Sık Çıkan Akademik Sıfatlar,based,"esaslı, yerleşik, temeli",sıfat,B1,,This is based on fact.,Bu gerçeğe dayalıdır.
C1 İleri Niteleme Sıfatları,behavioral,"davranışla ilgili, davranış, davranışsal",sıfat,C1,,The empirical results of the study were remarkably behavioral.,Çalışmanın ampirik sonuçlarının son derece davranışla ilgili olduğu görüldü.
C1 İleri Niteleme Sıfatları,beneficial,"yararlı, faydalı, kazançlı",sıfat,C1,,That would be very beneficial.,Bu çok yararlı olacaktı.
B1-B2 Sık Çıkan Akademik Sıfatlar,best,"en iyi, geçmek, baskın çıkmak",sıfat,B1,,I'll do my best.,Ben elimden gelenin en iyisini yapacağım.
C1 İleri Niteleme Sıfatları,bewildered,"şaşkın, afallamış, sersemlemiş",sıfat,C1,,The empirical results of the study were remarkably bewildered.,Çalışmanın ampirik sonuçlarının son derece şaşkın olduğu görüldü.
B1-B2 Sık Çıkan Akademik Sıfatlar,biologic,"biyoloji ile ilgili, biyolojik",sıfat,B2,,The empirical results of the study were remarkably biologic.,Çalışmanın ampirik sonuçlarının son derece biyoloji ile ilgili olduğu görüldü.
C1 İleri Niteleme Sıfatları,biological,"yaşambilimsel, dirimbilimsel, biyolojik",sıfat,C1,,He's my biological father.,O benim biyolojik babam.
B1-B2 Sık Çıkan Akademik Sıfatlar,biting,"ısırma, sokma, iğneli",sıfat,B1,,The dog is biting Tom.,Köpek Tom'u ısırıyor.
B1-B2 Sık Çıkan Akademik Sıfatlar,blind,"kör, kör etmek, körletmek",sıfat,B1,,I didn't go blind.,Kör olmadım.
B1-B2 Sık Çıkan Akademik Sıfatlar,boiling,"kaynama, haşlama, kaynatma",sıfat,B2,,It's boiling in here.,Burada hava çok bunaltıcı.
B1-B2 Sık Çıkan Akademik Sıfatlar,bored,"sıkılmış, delinmiş, bıkkın",sıfat,B1,,I'm bored right now.,Şu anda sıkıldım.
B1-B2 Sık Çıkan Akademik Sıfatlar,botanical,"bitkibilimsel, bitkisel, botanik",sıfat,B2,,We found many strange plants in a botanical garden.,Biz bir botanik bahçesinde çok tuhaf bitkiler bulduk.
B1-B2 Sık Çıkan Akademik Sıfatlar,both,"her ikisi de, her iki, her ikisi",sıfat,B1,,We can both do it.,İkimiz bunu yapabiliriz.
B1-B2 Sık Çıkan Akademik Sıfatlar,british,"ingiliz, ingiliz halkı, ingilizler",sıfat,B2,,The British climbed the hill.,İngilizler tepeye tırmandı.
B1-B2 Sık Çıkan Akademik Sıfatlar,broke,"parasız, züğürt, meteliksiz",sıfat,B1,,I broke Tom's nose.,Ben Tom'un burnunu kırdım.
C1 İleri Niteleme Sıfatları,calibrated,"taksimatlı, ayarlanmış, ayarlı",sıfat,C1,,This instrument needs to be calibrated.,Bu alet ayarlanmalı.
B1-B2 Sık Çıkan Akademik Sıfatlar,calm,"sakinleştirmek, sakinlik, soğukkanlı",sıfat,B1,,I have to stay calm.,Sakin kalmak zorundayım.
B1-B2 Sık Çıkan Akademik Sıfatlar,calming,"yatıştırıcı, teskin, huzur veren",sıfat,B2,,The empirical results of the study were remarkably calming.,Çalışmanın ampirik sonuçlarının son derece yatıştırıcı olduğu görüldü.
B1-B2 Sık Çıkan Akademik Sıfatlar,captured,"mazbut, yakalanmış, esir edilmiş",sıfat,B2,,I won't stay and be captured.,Kalmayacağım ve yakalanmayacağım.
C1 İleri Niteleme Sıfatları,cardiovascular,"kardiyovasküler, kalp ve damarlara ilişkin",sıfat,C1,,Kickboxing is great cardiovascular exercise.,Kick boks yapmak harika bir kardiyo egzersizidir.
Akademik Zarflar (-ly / Derece),carefully,"özenle, idareli biçimde, itinayla",zarf,B2,,Let's do this carefully.,Bunu özenle yapalım.
B1-B2 Sık Çıkan Akademik Sıfatlar,carried,"taşınan, taşınmış, kabul edildi/edilmiştir!",sıfat,B2,,Don't get carried away.,Abartma.
Akademik Zarflar (-ly / Derece),cautiously,"ihtiyatla, dikkatlice, temkinli bir şekilde",zarf,C1,,You have to move cautiously in this matter.,Bu konuda temkinli hareket etmek zorundayız.
B1-B2 Sık Çıkan Akademik Sıfatlar,celestial,"gökyüzü ile ilgili, gök, göksel",sıfat,B2,,The empirical results of the study were remarkably celestial.,Çalışmanın ampirik sonuçlarının son derece gökyüzü ile ilgili olduğu görüldü.
B1-B2 Sık Çıkan Akademik Sıfatlar,cellular,"hücresel, cep telefonu, gözeli",sıfat,B2,,The empirical results of the study were remarkably cellular.,Çalışmanın ampirik sonuçlarının son derece hücresel olduğu görüldü.
B1-B2 Sık Çıkan Akademik Sıfatlar,certain,"kesin, belirli, belli",sıfat,B2,inevitable,I can't be certain.,Emin olamıyorum.
C1 İleri Niteleme Sıfatları,challenging,"dürtücü, zorlu, meydan okuma",sıfat,C1,,Are you challenging my authority?,Benim otoriteme karşı mı çıkıyorsun?
B1-B2 Sık Çıkan Akademik Sıfatlar,changed,"değiştirilmiş, değişmiş, değişime uğramış",sıfat,B2,,I'm a changed man.,Ben değişmiş bir insanım.
B1-B2 Sık Çıkan Akademik Sıfatlar,charged,"yüklenmiş, şarj edilmiş, dolu",sıfat,B2,,You charged me too much.,Siz bana çok fazla ücret ödettiniz.
B1-B2 Sık Çıkan Akademik Sıfatlar,charming,"cazibeli, alımlı, çekici",sıfat,B2,,She has a charming face.,Onun çekici bir yüzü var.
B1-B2 Sık Çıkan Akademik Sıfatlar,cheerful,"neşeli, mutluluk veren, şen",sıfat,B2,,He is a cheerful boy.,"O, neşeli bir çocuktur."
B1-B2 Sık Çıkan Akademik Sıfatlar,cheery,"neşeyle, neşeli, keyifli",sıfat,B1,,The empirical results of the study were remarkably cheery.,Çalışmanın ampirik sonuçlarının son derece neşeyle olduğu görüldü.
B1-B2 Sık Çıkan Akademik Sıfatlar,chemical,"kimyasal madde, kimyasal, kimyevi",sıfat,B2,,Magnesium is a chemical element.,Magnezyum kimyasal bir elementtir.
B1-B2 Sık Çıkan Akademik Sıfatlar,choice,"tercih, seçenek, ayırma",sıfat,B1,,Do I have a choice?,Bir seçeneğim var mı?
B1-B2 Sık Çıkan Akademik Sıfatlar,chronic,"kronik, müzmin, devamlı",sıfat,B2,,She suffers from a chronic illness.,O kronik bir hastalıktan muzdarip.
B1-B2 Sık Çıkan Akademik Sıfatlar,classic,"klasik, klas, değerini kanıtlamış yapıt",sıfat,B2,,This song is a classic.,Bu şarkı bir klasik.
B1-B2 Sık Çıkan Akademik Sıfatlar,classical,"klasik, klas, eski dile ait",sıfat,B2,,Do you like classical music?,Klasik müzik hoşuna gidiyor mu?
B1-B2 Sık Çıkan Akademik Sıfatlar,clear,"belirgin, açık, net",sıfat,B1,,It's a clear day.,Bu açık bir gün.
Akademik Zarflar (-ly / Derece),clearly,"açık bir biçimde, açıkça, ayan beyan",zarf,B2,"openly, frankly, plainly",It's clearly a fake.,Bunun sahte olduğu çok belli.
Akademik Zarflar (-ly / Derece),cleverly,"zekice, akıllıca",zarf,B2,,The empirical results of the study were remarkably cleverly.,Çalışmanın ampirik sonuçlarının son derece zekice olduğu görüldü.
B1-B2 Sık Çıkan Akademik Sıfatlar,cloudy,"bulutlu, gölgeli, töhmet altında",sıfat,B1,,It's a cloudy day.,Bulutlu bir gün.
C1 İleri Niteleme Sıfatları,collaborative,"işbirlikçi, ortak çalışmaya dayalı",sıfat,C1,,It was a collaborative effort.,Ortak çalışmaya dayalı bir çabaydı.
B1-B2 Sık Çıkan Akademik Sıfatlar,collected,"toplu, aklı başında, sakinleşmiş",sıfat,B2,,He collected a lot of stamps.,"O, çok sayıda pul topladı."
C1 İleri Niteleme Sıfatları,collective,"toplu, müşterek, kolektif",sıfat,C1,,Collective interests must be protected.,Toplu çıkarlar korunmalıdır.
B1-B2 Sık Çıkan Akademik Sıfatlar,colorless,"renksiz, sıkıcı, soluk",sıfat,B2,,The empirical results of the study were remarkably colorless.,Çalışmanın ampirik sonuçlarının son derece renksiz olduğu görüldü.
B1-B2 Sık Çıkan Akademik Sıfatlar,colossal,"şaşırtıcı, iri yarı, ızbandut gibi",sıfat,B2,,What a colossal waste of time!,Ne devasa bir zaman kaybı!
B1-B2 Sık Çıkan Akademik Sıfatlar,combined,"karma, birleşik, bileşik",sıfat,B2,,He combined two ideas into one.,"O, iki fikri teke dönüştürdü."
C1 İleri Niteleme Sıfatları,comfortable,"rahat, rahatlatıcı, teselli edici",sıfat,C1,,I'm comfortable with it.,Ben onunla rahatım.
B1-B2 Sık Çıkan Akademik Sıfatlar,coming,"geliş, gelme, varış",sıfat,B1,,I'm coming to you.,Sana geliyorum.
B1-B2 Sık Çıkan Akademik Sıfatlar,common,"alışılmış, alelade, yaygın",sıfat,B1,,It's a common name.,Bu yaygın bir isim.
B1-B2 Sık Çıkan Akademik Sıfatlar,compared,"karşılaştırılmış, karşılaştırılan",sıfat,B2,,I compared notes with Tom.,Tom'la görüş alışverişinde bulundum.
B1-B2 Sık Çıkan Akademik Sıfatlar,competing,"yarışma, rekabet, rakip",sıfat,B2,,I want to keep competing.,Ben yarışmaya devam etmek istiyorum.
B1-B2 Sık Çıkan Akademik Sıfatlar,complete,"tamamlamak, tam, bütün",sıfat,B2,,I hope it's complete.,Umarım o tamdır.
Akademik Zarflar (-ly / Derece),completely,"büsbütün, tamamen, komple",zarf,C1,,I'm not completely sure.,Tam olarak emin değilim.
C1 İleri Niteleme Sıfatları,complicated,"çetrefil, komplike, çetrefilli",sıfat,C1,,It's a complicated story.,Bu anlaşılması zor bir hikaye.
C1 İleri Niteleme Sıfatları,comprehensive,"etraflı, kapsamlı, tam veya her şey dahil",sıfat,C1,,This is a comprehensive approach.,Bu kapsamlı bir yaklaşımdır.
C1 İleri Niteleme Sıfatları,computational,"sayısal, hesaba dayalı, bilgisayımsal",sıfat,C1,,The empirical results of the study were remarkably computational.,Çalışmanın ampirik sonuçlarının son derece sayısal olduğu görüldü.
B1-B2 Sık Çıkan Akademik Sıfatlar,conceal,"gizlemek, gizli tutmak, örtbas etmek",sıfat,B2,,I can't conceal it from you.,Onu senden gizleyemem.
B1-B2 Sık Çıkan Akademik Sıfatlar,concealed,"gizlenen, gizlenmiş, saklı",sıfat,B2,,He concealed the fact from me.,"O, gerçeği benden gizledi."
B1-B2 Sık Çıkan Akademik Sıfatlar,concerned,"ilgili, endişeli, alakadar",sıfat,B2,,I'm a little concerned.,Biraz endişeliyim.
B1-B2 Sık Çıkan Akademik Sıfatlar,conducted,"bir rehber ya da lider tarafından idare edilen, yürütülen",sıfat,B2,,An autopsy will be conducted.,Bir otopsi yapılacak.
B1-B2 Sık Çıkan Akademik Sıfatlar,confined,"sınırlı, sınırlanmış, sınırlandırılmış",sıfat,B2,,He is confined to bed now.,"O, şimdi yatağa mahkûm."
B1-B2 Sık Çıkan Akademik Sıfatlar,confused,"şaşkın, zihni bulanık, karmakarışık",sıfat,B2,,I'm a bit confused.,Biraz kafam karıştı.
B1-B2 Sık Çıkan Akademik Sıfatlar,confusing,"şaşırtma, çetrefil, kafa karıştırıcı",sıfat,B2,,It was confusing to me.,Bu benim kafamı karıştırıyordu.
Akademik Zarflar (-ly / Derece),consciously,"bile bile, kasten, bilinçli olarak",zarf,C1,,The empirical results of the study were remarkably consciously.,Çalışmanın ampirik sonuçlarının son derece bile bile olduğu görüldü.
C1 İleri Niteleme Sıfatları,considerable,"hatırı sayılır derecede, kaydadeğer, hatırı sayılır",sıfat,C1,,He has a considerable income.,O önemli bir gelire sahiptir.
C1 İleri Niteleme Sıfatları,considered,"dikkate alınan, saygıdeğer, dikkate alınmış",sıfat,C1,,I hadn't considered that.,Ben onu dikkate almadım.
C1 İleri Niteleme Sıfatları,consistent,"istikrarlı, tutarlı, bağıntılı",sıfat,C1,,We're just being consistent.,Her şeye bakıyoruz.
B1-B2 Sık Çıkan Akademik Sıfatlar,constant,"sabit, durağan, değişmez",sıfat,B2,persistent,I'm in constant danger.,Sürekli tehlikedeyim.
B1-B2 Sık Çıkan Akademik Sıfatlar,consumed,tamamen harcanmış,sıfat,B2,,The fire consumed the whole house.,Yangın bütün evi yuttu.
B1-B2 Sık Çıkan Akademik Sıfatlar,consuming,"yakan, tüketici, bitiren",sıfat,B2,,This is a very time-consuming task.,Bu çok zaman alan bir görevdir.
C1 İleri Niteleme Sıfatları,contagious,"bulaşıcı, geçici, salgın",sıfat,C1,,Tom's smile was contagious.,Tom'un gülümsemesi bulaşıcıydı.
C1 İleri Niteleme Sıfatları,contemporary,"modern, çağdaş, günümüze ait",sıfat,C1,,Scott was a contemporary of Byron.,"Scott, çağdaş bir Byron'du."
B1-B2 Sık Çıkan Akademik Sıfatlar,continual,"ardı arkası kesilmeyen, durmadan, ardı arkası gelmeyen",sıfat,B2,,Today is the fifth day of continual stock price decline.,Bugün süregelen hisse senedi fiyat düşüşünün beşinci günüdür.
B1-B2 Sık Çıkan Akademik Sıfatlar,continued,"devamlı, aralıksız, devam eden",sıfat,B2,,He continued to mock me.,O beni taklit etmeye devam etti.
Akademik Zarflar (-ly / Derece),continuously,"aralıksız, sürekli, harıl harıl",zarf,C1,,It rained continuously all day.,Tüm gün sürekli yağmur yağdı.
C1 İleri Niteleme Sıfatları,convenient,"müsait, münasip, uygun",sıfat,C1,,It's much more convenient.,Bu çok daha uygun.
C1 İleri Niteleme Sıfatları,conventional,"geleneksel, itibari, basmakalıp",sıfat,C1,,Why are conventional language classes so boring?,Neden geleneksel dil dersleri bu kadar sıkıcı?
C1 İleri Niteleme Sıfatları,convincing,"inandırıcı, ikna edici, ikna",sıfat,C1,,That wasn't very convincing.,Bu çok inandırıcı değildi.
B1-B2 Sık Çıkan Akademik Sıfatlar,cool,"soğutmak, serinlik, serin",sıfat,B1,,I'm so not cool.,Hiç cool değilim.
C1 İleri Niteleme Sıfatları,cooperative,"kooperatif, işbirliği, yardımcı",sıfat,C1,,I tried to be cooperative.,Yardımcı olmaya çalıştım.
B1-B2 Sık Çıkan Akademik Sıfatlar,countless,"sayısız, çok, hadsiz hesapsız",sıfat,B2,,Countless lives have been lost.,Pek çok hayat kayboldu.
B1-B2 Sık Çıkan Akademik Sıfatlar,crazy,"deli, çıldırmış, çılgın",sıfat,B1,,I am a bit crazy.,Ben biraz deliyim.
B1-B2 Sık Çıkan Akademik Sıfatlar,creamy,"kremalı, kaymaklı, kremsi",sıfat,B1,,"I love thick, creamy mushroom soup.","Koyu, kremalı mantar çorbası severim."
B1-B2 Sık Çıkan Akademik Sıfatlar,credible,"inandırıcı, güvenilir, inanılır",sıfat,B2,,Tom's story sounded credible.,Tom'un hikayesi kulağa inanılır gibi geliyordu.
B1-B2 Sık Çıkan Akademik Sıfatlar,critical,"kritik, ciddi, hassas",sıfat,B2,,Don't be so critical.,Bu kadar eleştirici olmayın.
B1-B2 Sık Çıkan Akademik Sıfatlar,crucial,"çok önemli, kritik, önemli",sıfat,B2,,The timing will be crucial.,Zamanlama çok önemli olacak.
B1-B2 Sık Çıkan Akademik Sıfatlar,cultural,"kültürel, ekinsel",sıfat,B2,,It's a cultural thing.,Bu kültürel bir şey.
Akademik Zarflar (-ly / Derece),culturally,kültürel olarak,zarf,C1,,The empirical results of the study were remarkably culturally.,Çalışmanın ampirik sonuçlarının son derece kültürel olarak olduğu görüldü.
B1-B2 Sık Çıkan Akademik Sıfatlar,customary,"göreneksel, alışılmış, adet olan",sıfat,B2,,It's customary for waiters and waitresses to introduce themselves using only their first names.,Bay ve bayan garsonların ilk isimlerini kullanarak kendilerini tanıtması gelenekseldir.
B1-B2 Sık Çıkan Akademik Sıfatlar,dangerous,"tehlikeli, çekinceli, riskli",sıfat,B2,,I think it's dangerous.,Sanırım o tehlikeli.
B1-B2 Sık Çıkan Akademik Sıfatlar,dark,"karanlık, koyu, belirsizlik",sıfat,B1,,It's dark in here.,Burası karanlık.
B1-B2 Sık Çıkan Akademik Sıfatlar,dated,"tarihli, eski, tarih verilmiş",sıfat,B1,,It's a little dated.,O biraz demode.
B1-B2 Sık Çıkan Akademik Sıfatlar,dazzling,"göz kamaştırıcı, baş döndürücü, baş döndüren",sıfat,B2,"stunning, marvelous, impressive",The empirical results of the study were remarkably dazzling.,Çalışmanın ampirik sonuçlarının son derece göz kamaştırıcı olduğu görüldü.
B1-B2 Sık Çıkan Akademik Sıfatlar,decided,"kararlı, karar verilmiş, tartışmasız",sıfat,B2,,I've decided to go.,Gitmeye karar verdim.
B1-B2 Sık Çıkan Akademik Sıfatlar,deep,"derin, deniz, derince",sıfat,B1,,He's deep in debt.,"O, borca batmış."
B1-B2 Sık Çıkan Akademik Sıfatlar,defined,"tanımlanmış, belirtili, tamlanan",sıfat,B2,,Tom's muscles are well-defined.,Tom'un kasları iyi tanımlanmıştır.
B1-B2 Sık Çıkan Akademik Sıfatlar,definite,"belirli, belli, mahdut",sıfat,B2,,I have no definite plans.,Kesin planlarım yok.
Akademik Zarflar (-ly / Derece),definitely,"kesinlikle, tamamen, elbette",zarf,C1,,I'll definitely do that.,Bunu kesinlikle yapacağım.
B1-B2 Sık Çıkan Akademik Sıfatlar,delayed,"rötarlı, geciktirilmiş, tehirli",sıfat,B2,,Tom's flight was delayed.,Tom'un uçuşu ertelendi.
Akademik Zarflar (-ly / Derece),deliberately,"kasten, bilerek, kasti olarak",zarf,C1,,I didn't do it deliberately.,Kasten yapmadım.
B1-B2 Sık Çıkan Akademik Sıfatlar,delicious,"nefis, leziz, lezzetli",sıfat,B2,,I think this is delicious.,Bunun lezzetli olduğunu düşünüyorum.
C1 İleri Niteleme Sıfatları,demonstrated,"ispat edilmiş, ispat edilen",sıfat,C1,,The salesman demonstrated how to use it.,Satıcı onun nasıl kullanılacağını gösterdi.
C1 İleri Niteleme Sıfatları,dependable,"güvenilir, güvenli, güvenilebilir",sıfat,C1,,I'm pretty sure Tom's dependable.,Tom'un güvenilebilir olduğuna oldukça eminim.
B1-B2 Sık Çıkan Akademik Sıfatlar,dependent,"bağımlı, bağımlı kimse, başkasına muhtaç kimse",sıfat,B2,,We're dependent on each other.,Biz birbirimize bağlıyız.
B1-B2 Sık Çıkan Akademik Sıfatlar,desired,"geçer, arzu edilen, gerekli",sıfat,B2,,We all want to be desired.,Hepimiz arzulanmak istiyoruz.
B1-B2 Sık Çıkan Akademik Sıfatlar,detailed,"ayrıntılı, detaylı, ayrıntılandırılmış",sıfat,B2,,I expect a detailed report.,Ayrıntılı bir rapor bekliyorum.
C1 İleri Niteleme Sıfatları,determined,"azimli, belirlenmiş, kararlı",sıfat,C1,persistent,She's a determined woman.,"O, kararlı bir kadın."
C1 İleri Niteleme Sıfatları,detrimental,"zararlı, muzır, zarar veren",sıfat,C1,,Tom's stressful job is having a detrimental effect on his health.,Tom'un stresli işi sağlığı üzerinde zararlı bir etkiye sahiptir.
B1-B2 Sık Çıkan Akademik Sıfatlar,developed,"gelişmiş, bayındırlaşmak, bayındır",sıfat,B2,,He developed his own theory.,"O, kendi teorisini geliştirdi."
B1-B2 Sık Çıkan Akademik Sıfatlar,diagnosed,teşhis edilmiş,sıfat,B2,,Have you ever been diagnosed with HIV?,Hiç HIV tanısı aldınız mı?
C1 İleri Niteleme Sıfatları,diagnostic,"teşhis, tanısal, kontrol",sıfat,C1,,The empirical results of the study were remarkably diagnostic.,Çalışmanın ampirik sonuçlarının son derece teşhis olduğu görüldü.
B1-B2 Sık Çıkan Akademik Sıfatlar,dietary,"rejim kuralları, rejim yemeği, perhiz yemeği",sıfat,B2,,The empirical results of the study were remarkably dietary.,Çalışmanın ampirik sonuçlarının son derece rejim kuralları olduğu görüldü.
B1-B2 Sık Çıkan Akademik Sıfatlar,different,"farklı, değişik, başka",sıfat,B2,,It's all so different.,Onun hepsi çok farklı.
B1-B2 Sık Çıkan Akademik Sıfatlar,difficult,"çetin, zor, zorlu",sıfat,B2,,It's a difficult job.,Bu zor bir iş.
B1-B2 Sık Çıkan Akademik Sıfatlar,digital,"dijital, tuş, parmağa ait",sıfat,B2,,Can I borrow your digital camera tonight?,Bu gece senin dijital kameranı ödünç alabilir miyim?
B1-B2 Sık Çıkan Akademik Sıfatlar,diminish,"azalmak, eksiltmek, hafifletmek",sıfat,B2,"decrease, reduce, lessen, decline",The rights of every man are diminished when the rights of one man are threatened.,"Bir insanın haklarının tehdit edildiğinde, her insanın hakları azaltılır."
B1-B2 Sık Çıkan Akademik Sıfatlar,direct,"yönlendirmek, yöneltmek, yönetmek",sıfat,B1,,Is it a direct flight?,O bir direkt uçuş mu?
B1-B2 Sık Çıkan Akademik Sıfatlar,disabled,"engelli, özürlü, etkisiz kılınmış",sıfat,B2,,That poor lady is disabled.,Şu zavallı kadın engelli.
C1 İleri Niteleme Sıfatları,disappointed,"hayal kırıklığına uğramış, hüsrana uğramış, hayal kırıklığı uğramış",sıfat,C1,,I'm disappointed in you.,Senin hayal kırıklığına uğrattım.
B1-B2 Sık Çıkan Akademik Sıfatlar,discussed,"görüşülmüş, tartışılmış",sıfat,B2,,I discussed it with Tom.,Onu Tom'la tartıştım.
C1 İleri Niteleme Sıfatları,disgusting,"tiksindirici, iğrenç, çirkef",sıfat,C1,,I think it's disgusting.,Bunun iğrenç olduğunu düşünüyorum.
B1-B2 Sık Çıkan Akademik Sıfatlar,distant,"uzakta, uzak, mesafeli",sıfat,B2,,Why are you being so distant?,Neden bu kadar samimiyetsiz davranıyorsun?
B1-B2 Sık Çıkan Akademik Sıfatlar,distinct,"belirgin, seçik, şüphesiz",sıfat,B2,,That's a distinct possibility.,Bu ayrı bir olasılık.
B1-B2 Sık Çıkan Akademik Sıfatlar,diverse,"çeşit çeşit, türlü, değişik",sıfat,B2,,It is an ethnically diverse school.,"Bu, etnik açıdan farklı bir okul."
B1-B2 Sık Çıkan Akademik Sıfatlar,domestic,"iç, evcil, hizmetçi",sıfat,B2,,The horse is a domestic animal.,At evcil bir hayvandır.
B1-B2 Sık Çıkan Akademik Sıfatlar,done,"yapılmış, iyi pişmiş, olmuş",sıfat,B1,,I've done a lot.,Ben çok yaptım.
B1-B2 Sık Çıkan Akademik Sıfatlar,driving,"sürme, sevk, sürücü",sıfat,B2,,He is bad at driving.,O araba sürmede kötüdür.
B1-B2 Sık Çıkan Akademik Sıfatlar,due,"vadesi dolmuş, hak vergi, alacak",sıfat,B1,,When is the baby due?,Bebek ne zaman doğacak?
B1-B2 Sık Çıkan Akademik Sıfatlar,dull,"donuk, sıkıcı, mat",sıfat,B1,,I have a dull ache here.,Burada künt bir ağrım var.
Akademik Zarflar (-ly / Derece),early,"erken, erken olan şey, erken olgunlaşan meyve ya da çiçek",zarf,B1,,I know I'm early.,Erken geldiğimi biliyorum.
Akademik Zarflar (-ly / Derece),easily,"rahatlıkla, rahatça, kolayca",zarf,B1,,I don't cry easily.,Kolay kolay ağlamam.
B1-B2 Sık Çıkan Akademik Sıfatlar,eaten,"yenmiş, yenilmiş",sıfat,B1,,I haven't eaten yet.,Henüz yemek yemedim.
B1-B2 Sık Çıkan Akademik Sıfatlar,eating,"yeme, yiyim, yemek",sıfat,B1,,I'm eating a pear.,Bir armut yiyorum.
B1-B2 Sık Çıkan Akademik Sıfatlar,ecologic,"ekolojik, bir çevredeki canlı organizmaların birbirine bağımlılığıyla ifade edilen",sıfat,B2,,The empirical results of the study were remarkably ecologic.,Çalışmanın ampirik sonuçlarının son derece ekolojik olduğu görüldü.
C1 İleri Niteleme Sıfatları,ecological,"çevre, çevrebilimsel, ekolojik",sıfat,C1,,The world's tropical rainforests are critical links in the ecological chain of life on the planet.,"Dünyadaki tropikal yağmur ormanları, gezegende yaşamın ekolojik zincirine kritik bağlantılıdır."
B1-B2 Sık Çıkan Akademik Sıfatlar,economic,"ekonomik, iktisadi, hesaplı",sıfat,B2,,It doesn't make economic sense.,Ekonomik açıdan anlamsız.
C1 İleri Niteleme Sıfatları,educational,"eğitsel, eğitimsel, eğitici",sıfat,C1,,I found the field trip very educational.,Saha gezisini çok eğitici buldum.
B1-B2 Sık Çıkan Akademik Sıfatlar,effective,"efektif, etkileyici, etkili",sıfat,B2,,I wasn't very effective.,Çok etkili değildim.
Akademik Zarflar (-ly / Derece),effectively,"etkili bir şekilde, etkileyici, etkin olarak",zarf,C1,,"Last year, I spent so much time by myself that I almost forgot how to communicate effectively with others.",Geçen yıl tek başıma o kadar uzun bir zaman geçirdim ki diğerleriyle etkili şekilde nasıl iletişim kuracağımı neredeyse unuttum.
B1-B2 Sık Çıkan Akademik Sıfatlar,efficient,"etkili, liyakatli, verimli",sıfat,B2,,I think I was efficient.,Sanırım verimliydim.
Akademik Zarflar (-ly / Derece),efficiently,"yeterli olarak, verimli biçimde, etkin",zarf,C1,,You have to use your time efficiently.,Vaktini verimli kullanmalısın.
B1-B2 Sık Çıkan Akademik Sıfatlar,elevated,"keyifli, yüksek, yüce",sıfat,B2,,The empirical results of the study were remarkably elevated.,Çalışmanın ampirik sonuçlarının son derece keyifli olduğu görüldü.
B1-B2 Sık Çıkan Akademik Sıfatlar,emotional,"dokunaklı, duygusal, hissi",sıfat,B2,,I was a bit emotional.,Ben biraz duygusaldım.
C1 İleri Niteleme Sıfatları,endangered,"tehlikeye atılmış, tehlikede, nesli tükenmekte olan",sıfat,C1,,It is an endangered species.,Nesli tükenmekte olan bir türdür.
B1-B2 Sık Çıkan Akademik Sıfatlar,engaged,"bağlanmış, meşgul, nişanlı",sıfat,B2,,I'm engaged to Tom.,Ben Tom'la nişanlıyım.
B1-B2 Sık Çıkan Akademik Sıfatlar,enough,"kafi, yeterli, yeter",sıfat,B1,,I hope it's enough.,Umarım o yeterlidir.
C1 İleri Niteleme Sıfatları,entertained,"ağırlanmış, eğlendirilmiş, meşgul edilmiş",sıfat,C1,,They entertained us at dinner.,Bizi akşam yemeğinde ağırladılar.
B1-B2 Sık Çıkan Akademik Sıfatlar,entire,"bütün, tüm, tamam",sıfat,B1,,I read the entire book.,Tüm kitabı okudum.
Akademik Zarflar (-ly / Derece),entirely,"tümüyle, külliyen, büsbütün",zarf,B2,,I'm entirely to blame.,Tamamen suçlanacağım.
C1 İleri Niteleme Sıfatları,environmental,"çevre, çevresel, muhite ait",sıfat,C1,,This is a major environmental disaster.,Bu büyük bir çevre felaketi.
B1-B2 Sık Çıkan Akademik Sıfatlar,equal,"denk, eşit, muadili olmak",sıfat,B1,,I am not equal to it.,Ben ona uygun değilim.
Akademik Zarflar (-ly / Derece),especially,"özellikle, hele, ille",zarf,C1,,It is especially hot today.,Hava bugün özellikle çok sıcak.
B1-B2 Sık Çıkan Akademik Sıfatlar,essential,"ana, esas, esaslı",sıfat,B2,,Food is essential to life.,Gıda yaşam için elzemdir.
B1-B2 Sık Çıkan Akademik Sıfatlar,establish,"kanıtlamak, kurmak, tesis etmek",sıfat,B2,,Let's establish some ground rules.,Bazı temel kurallar belirleyelim.
B1-B2 Sık Çıkan Akademik Sıfatlar,european,"avrupalı, frenk, avrupai",sıfat,B2,,Spain is a European country.,İspanya bir Avrupa ülkesidir.
B1-B2 Sık Çıkan Akademik Sıfatlar,even,"düzgün, düz, pürüzsüz",sıfat,B1,,I won't even try.,Denemeyeceğim bile.
B1-B2 Sık Çıkan Akademik Sıfatlar,every,"her, bütün, alışılmış",sıfat,B1,,I see it every day.,Onu her gün görüyorum.
B1-B2 Sık Çıkan Akademik Sıfatlar,evident,"belli, vazıh, açık",sıfat,B2,,It is evident that he did it.,Onun onu yaptığı bellidir.
B1-B2 Sık Çıkan Akademik Sıfatlar,evolving,"gelişmekte olan, gitgide gelişen, gitgide evrimleşen",sıfat,B2,,The empirical results of the study were remarkably evolving.,Çalışmanın ampirik sonuçlarının son derece gelişmekte olan olduğu görüldü.
C1 İleri Niteleme Sıfatları,exceptional,"fevkalade, müstesna, istisnai",sıfat,C1,,I had an exceptional year.,Olağanüstü bir yıl geçirdim.
Akademik Zarflar (-ly / Derece),exceptionally,"fevkalade, müstesna olarak, son derece",zarf,C1,,We've done exceptionally well.,Son derece iyi yaptık.
B1-B2 Sık Çıkan Akademik Sıfatlar,excessive,"haddinden fazla, aşırı, aşkın",sıfat,B2,,Excessive honesty can be disastrous.,Aşırı dürüstlük feci olabilir.
B1-B2 Sık Çıkan Akademik Sıfatlar,executed,"asılı, yapılmış, uygulanmış",sıfat,B2,,He was executed as a spy.,O bir casus olarak idam edildi.
B1-B2 Sık Çıkan Akademik Sıfatlar,exhausted,"yorgun, tükenmiş, bitik",sıfat,B2,tired,I'm exhausted right now.,Şu anda bitkinim.
B1-B2 Sık Çıkan Akademik Sıfatlar,exhibited,"sergilenmiş, sergilenen",sıfat,B2,,He exhibited no remorse for his crime.,Suçu için hiç pişmanlık göstermedi.
B1-B2 Sık Çıkan Akademik Sıfatlar,existed,"mevcut, var olmuş, geçinmiş",sıfat,B2,,I didn't know it existed.,Bunun var olduğunu bilmiyordum.
B1-B2 Sık Çıkan Akademik Sıfatlar,existing,"mevcut, olma, var olma",sıfat,B2,,They lost faith in the existing system.,Mevcut sisteme inançlarını kaybettiler.
B1-B2 Sık Çıkan Akademik Sıfatlar,expanding,"genişleyen, tevsi, genişleme",sıfat,B2,,The workers are expanding the road.,İşçiler yolu genişletiyor.
B1-B2 Sık Çıkan Akademik Sıfatlar,expected,"beklenen, umulan, beklenilen",sıfat,B2,,I think I'm expected.,Sanırım bekleniyorum.
C1 İleri Niteleme Sıfatları,experienced,"tecrübeli, deneyimli, deneyim edilmiş",sıfat,C1,,I'm not experienced enough.,Yeterince deneyimli değilim.
C1 İleri Niteleme Sıfatları,experimental,"deneysel, tecrübi, deneyde kullanılan",sıfat,C1,,The empirical results of the study were remarkably experimental.,Çalışmanın ampirik sonuçlarının son derece deneysel olduğu görüldü.
B1-B2 Sık Çıkan Akademik Sıfatlar,explored,keşfedilmiş,sıfat,B2,,He explored the Amazon jungle.,"O, Amazon ormanını araştırdı."
B1-B2 Sık Çıkan Akademik Sıfatlar,exquisite,"çok büyük, nazik, seçkin",sıfat,B2,,This is an exquisite little painting.,Bu enfes bir küçük tablodur.
B1-B2 Sık Çıkan Akademik Sıfatlar,extensive,"yaygın, geniş, kapsamlı",sıfat,B2,,The damage is too extensive.,Zarar çok geniş çaplıdır.
B1-B2 Sık Çıkan Akademik Sıfatlar,extra,"ekstra, ilave gazete, ilave",sıfat,B1,,This is an extra one.,Bu ilave bir tane.
C1 İleri Niteleme Sıfatları,extraordinary,"fevkalade, olağandışı, olağanüstü",sıfat,C1,,It was an extraordinary year.,Bu olağanüstü bir yıldı.
B1-B2 Sık Çıkan Akademik Sıfatlar,extreme,"aşırı, aşırı derece, aşırılık",sıfat,B2,,It's a bit extreme.,Bu biraz aşırıdır.
Akademik Zarflar (-ly / Derece),extremely,"gayetle, feci, aşırı",zarf,B2,,I've been extremely busy.,Son derece meşguldüm.
B1-B2 Sık Çıkan Akademik Sıfatlar,faint,"bayılmak, bayılma, bitkin düşmek",sıfat,B1,,I'm going to faint.,Bayılacağım.
B1-B2 Sık Çıkan Akademik Sıfatlar,fair,"panayır, fuar, açık tenli",sıfat,B1,,I think it's fair.,Onun adil olduğunu düşünüyorum.
Akademik Zarflar (-ly / Derece),fairly,"büsbütün, adil bir şekilde, uygunca",zarf,B1,,It may be fairly old.,Bu oldukça eski olabilir.
B1-B2 Sık Çıkan Akademik Sıfatlar,far,"uzak, çok fazla, uzun",sıfat,B1,,I won't go far.,Çok ileri gitmeyeceğim.
B1-B2 Sık Çıkan Akademik Sıfatlar,fast,"süratli, çabuk, hızlı",sıfat,B1,,I'm a fast eater.,Ben hızlı bir yiyiciyim.
B1-B2 Sık Çıkan Akademik Sıfatlar,favorite,"favori, gözde, en çok beğenilen",sıfat,B2,,It's Tom's favorite.,"O, Tom'un favorisi."
B1-B2 Sık Çıkan Akademik Sıfatlar,female,"kadın, dişi, kız",sıfat,B1,,A doe is a female deer.,Dişi geyiğe maral denir.
B1-B2 Sık Çıkan Akademik Sıfatlar,fertile,"verimli, bereketli, mümbit",sıfat,B2,,He has a fertile imagination.,Onun yaratıcı bir hayal gücü var.
B1-B2 Sık Çıkan Akademik Sıfatlar,final,"final, nihai, kesin",sıfat,B1,,I guess that's final.,Sanırım bu son.
B1-B2 Sık Çıkan Akademik Sıfatlar,finished,"tamamlanmış, bitmiş, tamam",sıfat,B2,,I think I'm finished.,Sanırım bitirdim.
B1-B2 Sık Çıkan Akademik Sıfatlar,firm,"firma, sıkı, sert",sıfat,B1,,It's a solvent firm.,O bir çözücü firması.
B1-B2 Sık Çıkan Akademik Sıfatlar,flowing,"seyelan, akma, akış",sıfat,B2,,Tears were flowing down her cheeks.,Gözyaşları onun yanaklarından süzülüyordu.
B1-B2 Sık Çıkan Akademik Sıfatlar,focused,"üzerine odaklanılmış, odaklanmış",sıfat,B2,,I tried to stay focused.,Ben odaklı kalmaya çalıştım.
B1-B2 Sık Çıkan Akademik Sıfatlar,foggy,"sisli, sersem, bulanık",sıfat,B1,,It's really foggy here.,Burası gerçekten sisli.
B1-B2 Sık Çıkan Akademik Sıfatlar,following,"taraftarlar, takip etme, izleyen",sıfat,B2,,A dog is following us.,Bir köpek bizi takip ediyor.
B1-B2 Sık Çıkan Akademik Sıfatlar,forced,"zoraki, mecbur, mecburi",sıfat,B1,,He forced me to go.,Ben gitmek zorundaydım.
Akademik Zarflar (-ly / Derece),formerly,"vaktiyle, evvel zaman, eskiden",zarf,B2,,She was formerly a bank clerk.,O eskiden bir banka memuruydu.
Akademik Zarflar (-ly / Derece),fortunately,"şükür ki, neyse ki, bereket versin",zarf,C1,,"Fortunately, I was on time.",Neyse ki zamanında oradaydım.
B1-B2 Sık Çıkan Akademik Sıfatlar,fragrant,"kokulu, hoş, rayihalı",sıfat,B2,,These flowers are not only beautiful but also fragrant.,Bu çiçekler sadece güzel değil fakat aynı zamanda güzel kokulu da.
Akademik Zarflar (-ly / Derece),frankly,"açıkça, açık söylemek gerekirse, açıkçası",zarf,B2,"openly, clearly, honestly","Frankly, I don't care.","Açıkça, umurumda değil."
B1-B2 Sık Çıkan Akademik Sıfatlar,free,"bağımsız, beleş, muaf",sıfat,B1,,I'm a free man.,Ben özgür bir insanım.
B1-B2 Sık Çıkan Akademik Sıfatlar,fresh,"taze, serinlik, dirilik",sıfat,B1,,I need a fresh start.,Yeni bir başlangıca ihtiyacım var.
C1 İleri Niteleme Sıfatları,frightened,"ürkmüş, korkan, korkmuş",sıfat,C1,,Now don't be frightened.,Artık korkma.
C1 İleri Niteleme Sıfatları,frightening,"korkutucu, korkulu, muhatara",sıfat,C1,,This is a frightening place.,Burası korkutucu bir mekan.
B1-B2 Sık Çıkan Akademik Sıfatlar,fruitful,"bereketli, verimli, artağan",sıfat,B2,,We've had very fruitful discussions.,Çok verimli görüşmeler yaptık.
C1 İleri Niteleme Sıfatları,frustrated,"hakkı yenmiş, boşa çıkmış, boşuna didinmiş",sıfat,C1,,I know you're frustrated.,Sinirli olduğunu biliyorum.
B1-B2 Sık Çıkan Akademik Sıfatlar,full,"tok, tam, dolu",sıfat,B1,,I'm full of hope.,Ben umut doluyum.
Akademik Zarflar (-ly / Derece),fully,"tamamıyla, iyice, iyiden iyiye",zarf,B1,,I fully agree with you.,Tamamen seninle aynı fikirdeyim.
C1 İleri Niteleme Sıfatları,functional,"pratik, görevci, fonksiyonel",sıfat,C1,,I think everything is functional.,Sanırım her şey işlevsel.
C1 İleri Niteleme Sıfatları,functioning,"çalıştırma, işleyiş, faal",sıfat,C1,,The machine has stopped functioning.,Makine çalışmayı durdurdu.
C1 İleri Niteleme Sıfatları,fundamental,"esas, asli, temel ilke",sıfat,C1,,That was a fundamental error.,O temel bir hataydı.
B1-B2 Sık Çıkan Akademik Sıfatlar,general,"genel, avam, komutan",sıfat,B2,,That's the general idea.,Bu genel bir fikir.
Akademik Zarflar (-ly / Derece),generally,"genelde, genel olarak, genellikle",zarf,B2,,I generally agree with Tom.,Genel olarak Tom'a katılıyorum.
B1-B2 Sık Çıkan Akademik Sıfatlar,genetic,"genetik yapı, soyaçekim, kalıtsal",sıfat,B2,,Genetic diversity is a good thing.,Genetik çeşitlilik güzel bir şey.
Akademik Zarflar (-ly / Derece),gently,"nazikçe, kibarca, nazik bir şekilde",zarf,B1,,She laid the child down gently.,"O, çocuğu yumuşak bir biçimde yere yatırdı."
C1 İleri Niteleme Sıfatları,geological,"yerbilimsel, jeolojik, yerbilimine değin",sıfat,C1,,The empirical results of the study were remarkably geological.,Çalışmanın ampirik sonuçlarının son derece yerbilimsel olduğu görüldü.
C1 İleri Niteleme Sıfatları,geopolitical,jeopolitik,sıfat,C1,,The empirical results of the study were remarkably geopolitical.,Çalışmanın ampirik sonuçlarının son derece jeopolitik olduğu görüldü.
B1-B2 Sık Çıkan Akademik Sıfatlar,gigantic,"devasa, cüsseli, çam yarması gibi",sıfat,B2,,She owns a gigantic house.,"O, kocaman bir eve sahip."
B1-B2 Sık Çıkan Akademik Sıfatlar,global,"küresel, dünya çapında, bütün dünyayı kapsayan",sıfat,B1,,A global crisis is at hand.,Küresel bir kriz yakındır.
B1-B2 Sık Çıkan Akademik Sıfatlar,gloomy,"kasvetli, hüzün verici, sıkıntılı",sıfat,B1,,Why are you so gloomy?,Neden bu kadar sıkıntılısın?
B1-B2 Sık Çıkan Akademik Sıfatlar,golden,"altın, altından, itidal",sıfat,B1,,What's the golden rule?,Altın kural nedir?
B1-B2 Sık Çıkan Akademik Sıfatlar,good,"güzel, hayırlı, iyi",sıfat,B1,,I'm a good boy.,Ben iyi bir çocuğum.
B1-B2 Sık Çıkan Akademik Sıfatlar,gradual,"kademeli, yavaş, yavaş yavaş olan",sıfat,B2,,The changes have been gradual.,Değişiklikler kademeliydi.
Akademik Zarflar (-ly / Derece),gradually,"yavaş yavaş, gitgide, derece derece",zarf,B2,,The wind gradually died down.,Rüzgar yavaş yavaş kesildi.
B1-B2 Sık Çıkan Akademik Sıfatlar,grave,"kabir, mezar, kazımak",sıfat,B1,,This is Tom's grave.,"Bu, Tom'un mezarı."
B1-B2 Sık Çıkan Akademik Sıfatlar,gray,"ağarmak, ağartmak, gri",sıfat,B1,,My hair's turned gray.,Saçım ağardı.
B1-B2 Sık Çıkan Akademik Sıfatlar,great,"mükemmel, müthiş, harika",sıfat,B1,,It's a great deal.,Bu harika bir anlaşma.
B1-B2 Sık Çıkan Akademik Sıfatlar,growing,"gelişen, büyüyen, büyüme",sıfat,B2,,I'm growing a beard.,Sakal bırakıyorum.
B1-B2 Sık Çıkan Akademik Sıfatlar,grown,"büyümüş, yetişmiş, olmuş",sıfat,B1,,I'm a grown-up.,Ben olgunum.
B1-B2 Sık Çıkan Akademik Sıfatlar,grownup,yetişkin,sıfat,B2,,The grownups were talking among themselves.,Yetişkinler kendi aralarında konuşuyordu.
B1-B2 Sık Çıkan Akademik Sıfatlar,half,"yarım, yarı, devre",sıfat,B1,,I'm half your age.,Ben senin yarı yaşındayım.
B1-B2 Sık Çıkan Akademik Sıfatlar,handled,"yürütülen, kulplu, işlendi",sıfat,B2,,That job was handled by Tom.,O iş Tom tarafından halledildi.
B1-B2 Sık Çıkan Akademik Sıfatlar,happy,"sevinçli, mutlu, çakırkeyif",sıfat,B1,,I'm a happy man.,Ben mutlu bir adamım.
B1-B2 Sık Çıkan Akademik Sıfatlar,hard,"çetin, sert, zahmetli",sıfat,B1,,It's hard to do.,Bunu yapmak zor.
B1-B2 Sık Çıkan Akademik Sıfatlar,having,"sahip olma, sahip olan, -li",sıfat,B1,,I'm having a baby.,Bir çocuk sahibi olacağım.
B1-B2 Sık Çıkan Akademik Sıfatlar,hazardous,"tehlikeli, riskli, şüpheli",sıfat,B2,,Gusty winds are making travel hazardous for high profile vehicles.,Şiddetli rüzgarlar yüksek profilli araçlar için seyahati tehlikeli yapıyorlar.
B1-B2 Sık Çıkan Akademik Sıfatlar,healthful,"sağlığa yararlı, yararlı, sıhhatli",sıfat,B2,,The empirical results of the study were remarkably healthful.,Çalışmanın ampirik sonuçlarının son derece sağlığa yararlı olduğu görüldü.
B1-B2 Sık Çıkan Akademik Sıfatlar,healthy,"sıhhatli, sağlıklı, sağlığa yararlı",sıfat,B2,,I'm fit and healthy.,Ben formda ve sağlıklıyım.
B1-B2 Sık Çıkan Akademik Sıfatlar,helpful,"yardımsever, faydalı, yararlı",sıfat,B2,,How can I be helpful?,Nasıl yardımcı olabilirim?
B1-B2 Sık Çıkan Akademik Sıfatlar,helpless,"aciz, çaresiz, miskin",sıfat,B2,,I feel helpless right now.,Şu anda çaresiz hissediyorum.
B1-B2 Sık Çıkan Akademik Sıfatlar,hidden,"gizli, saklı, kapalı",sıfat,B1,,What's hidden in there?,Orada ne saklı?
B1-B2 Sık Çıkan Akademik Sıfatlar,high,"yüksek, direnmek, öfkelenmek",sıfat,B1,,He is a little high.,"O, biraz sarhoştur."
Akademik Zarflar (-ly / Derece),highly,"ziyadesiyle, yüksek derecede, pek çok",zarf,B1,,He spoke highly of you.,O senden övgüyle bahsetti.
B1-B2 Sık Çıkan Akademik Sıfatlar,historic,"tarihi, evrimsel, önemli",sıfat,B2,,Today is a historic day.,Bugün tarihi bir gün.
C1 İleri Niteleme Sıfatları,historical,"tarihi, tarihle ilgili, tarihsel",sıfat,C1,,Do you like historical novels?,Tarihsel romanlardan hoşlanıyor musun?
B1-B2 Sık Çıkan Akademik Sıfatlar,holy,"kutsal, kutsal yer, mukaddes",sıfat,B1,,The Holy Roman Empire came to an end in the year 1806.,Kutsal Roma İmparatorluğu 1806 yılında sona erdi.
B1-B2 Sık Çıkan Akademik Sıfatlar,homeless,"evsiz, evi barkı olmayan, yurtsuz",sıfat,B2,,I'm no longer homeless.,Ben artık evsiz değilim.
Akademik Zarflar (-ly / Derece),honestly,"dürüst olarak, gerçekten, dürüst olmak gerekirse",zarf,B2,frankly,I can honestly say no.,Dürüstçe hayır diyebilirim.
B1-B2 Sık Çıkan Akademik Sıfatlar,hopeless,"umutsuz, ümitsiz, umarsız",sıfat,B2,,I know it's hopeless.,Bunun umutsuz olduğunu biliyorum.
B1-B2 Sık Çıkan Akademik Sıfatlar,horrible,"berbat, müthiş, kötü",sıfat,B2,,I'm horrible at math.,Matematikte berbatım.
B1-B2 Sık Çıkan Akademik Sıfatlar,horrified,"dehşete düşmüş, korkmuş, dehşete kapılmış",sıfat,B2,,The empirical results of the study were remarkably horrified.,Çalışmanın ampirik sonuçlarının son derece dehşete düşmüş olduğu görüldü.
C1 İleri Niteleme Sıfatları,horrifying,"korkutma, korkunç, ürkünç",sıfat,C1,,That's a horrifying thought.,O korkunç bir düşünce.
B1-B2 Sık Çıkan Akademik Sıfatlar,hot,"kızgın, ateşli, acı",sıfat,B1,,It's a hot day.,Sıcak bir gün.
B1-B2 Sık Çıkan Akademik Sıfatlar,huge,"iri, kocaman, devasa",sıfat,B1,,I had a huge dog.,Büyük bir köpeğim var.
B1-B2 Sık Çıkan Akademik Sıfatlar,humid,"rutubetli, nemli, yaş",sıfat,B1,,It's been hot and humid.,Hava sıcak ve nemli.
B1-B2 Sık Çıkan Akademik Sıfatlar,ideal,"ülkü, ideal, mefkure",sıfat,B1,,It's ideal for us.,Bizim için idealdir.
B1-B2 Sık Çıkan Akademik Sıfatlar,ill,"hasta, fenalık, kötülük",sıfat,B1,,He can't be ill.,O hasta olamaz.
B1-B2 Sık Çıkan Akademik Sıfatlar,immune,"bağışık, bağışık kimse, ayrıcalıklı",sıfat,B1,,I'm immune to smallpox.,Çiçek hastalığına bağışıklığım var.
B1-B2 Sık Çıkan Akademik Sıfatlar,impatient,"sabırsız, titiz, hoşgörüsüz",sıfat,B2,,Don't be so impatient.,Çok sabırsız olma.
C1 İleri Niteleme Sıfatları,implemented,"uygulanmış, yerine getirilmiş, azı dişli",sıfat,C1,,The plan was never implemented.,Plan hiç uygulanmadı.
B1-B2 Sık Çıkan Akademik Sıfatlar,important,"mühim, önemli, gururlu",sıfat,B2,,It's important to me.,Bu benim için önemli.
C1 İleri Niteleme Sıfatları,impressive,"etkileyici, duyguları etkileyen, çarpıcı",sıfat,C1,dazzling,Tom's resume's impressive.,Tom'un özgeçmişi etkileyici.
Akademik Zarflar (-ly / Derece),incessantly,"aralıksız olarak, ardı arkası kesilmeden, biteviye",zarf,C1,,The empirical results of the study were remarkably incessantly.,Çalışmanın ampirik sonuçlarının son derece aralıksız olarak olduğu görüldü.
B1-B2 Sık Çıkan Akademik Sıfatlar,including,"kapsama, içerme, şamil",sıfat,B2,,There are six people including him.,O dahil altı kişi var.
B1-B2 Sık Çıkan Akademik Sıfatlar,inclusive,"dahil, şümulu olan, içlemci",sıfat,B2,,The empirical results of the study were remarkably inclusive.,Çalışmanın ampirik sonuçlarının son derece dahil olduğu görüldü.
C1 İleri Niteleme Sıfatları,inconvenient,"zahmetli, uygunsuz, zor",sıfat,C1,,I'm sure it's inconvenient.,Bunun sakıncalı olduğundan eminim.
Akademik Zarflar (-ly / Derece),increasingly,"gitgide artarak, gitgide, gittikçe artarak",zarf,C1,,Modern finance is becoming increasingly complicated and sophisticated.,Modern finans giderek karmaşık ve sofistike hale geliyor.
B1-B2 Sık Çıkan Akademik Sıfatlar,incurable,"tedavi edilemez kimse, amansız, çaresiz",sıfat,B2,,They say it's incurable.,Bunun tedavi edilemez olduğu söyleniyor.
C1 İleri Niteleme Sıfatları,independent,"bağımsız, müstakil, özgür",sıfat,C1,,He's an independent thinker.,O bağımsız bir düşünür.
Akademik Zarflar (-ly / Derece),independently,"başlı başına, birbirini etkilemeden, müstakilen",zarf,C1,,The empirical results of the study were remarkably independently.,Çalışmanın ampirik sonuçlarının son derece başlı başına olduğu görüldü.
C1 İleri Niteleme Sıfatları,indicative,"belirten, gösteren, haber kipi",sıfat,C1,,The empirical results of the study were remarkably indicative.,Çalışmanın ampirik sonuçlarının son derece belirten olduğu görüldü.
C1 İleri Niteleme Sıfatları,indispensable,"zaruri, zorunlu, vazgeçilmez",sıfat,C1,,None of us are indispensable.,Hiçbirimiz vazgeçilmez değiliz.
C1 İleri Niteleme Sıfatları,inefficient,"liyakatsiz, ehliyetsiz, zaman ve enerjiyi ekonomik bir şekilde kullanmayan",sıfat,C1,,The empirical results of the study were remarkably inefficient.,Çalışmanın ampirik sonuçlarının son derece liyakatsiz olduğu görüldü.
C1 İleri Niteleme Sıfatları,infectious,"bulaşıcı, başkalarına kolay geçen, intani",sıfat,C1,,Mumps is an infectious disease.,Kabakulak bulaşıcı bir hastalıktır.
C1 İleri Niteleme Sıfatları,inflammatory,"iltihaplı, kışkırtıcı, yangılı",sıfat,C1,,The empirical results of the study were remarkably inflammatory.,Çalışmanın ampirik sonuçlarının son derece iltihaplı olduğu görüldü.
C1 İleri Niteleme Sıfatları,influential,"etkili, etkileyici, ağababa",sıfat,C1,,We're not that influential.,O kadar etkili değiliz.
Akademik Zarflar (-ly / Derece),influentially,"güçlü bir şekilde, etkili bir biçimde",zarf,C1,,The empirical results of the study were remarkably influentially.,Çalışmanın ampirik sonuçlarının son derece güçlü bir şekilde olduğu görüldü.
B1-B2 Sık Çıkan Akademik Sıfatlar,ingenious,"ustalık, becerikli, maharetli",sıfat,B2,,The ingenious boy won a prize for his invention.,Becerikli genç buluşu için bir ödül kazandı.
B1-B2 Sık Çıkan Akademik Sıfatlar,inhabited,"meskun, iskan edilmiş, mekün",sıfat,B2,,The region has never been inhabited by people.,Bölgede insanlar hiç yaşamadı.
B1-B2 Sık Çıkan Akademik Sıfatlar,initial,"ilk harf, baş harf, baştaki",sıfat,B2,,That was my initial thought.,O benim ilk düşüncemdi.
Akademik Zarflar (-ly / Derece),initially,"başlangıçta, ilkin, baştan",zarf,B2,,Initially I found it difficult to deal with my new environment.,Başlangıçta yeni ortamımla baş etmeyi zor buldum.
C1 İleri Niteleme Sıfatları,innovative,"yaratıcı, yenilikçi, yeniliklere açık",sıfat,C1,,I try to be innovative.,Yenilikçi olmaya çalışıyorum.
B1-B2 Sık Çıkan Akademik Sıfatlar,instant,"anlık, esna, dakika",sıfat,B2,,It changed in an instant.,Bir anda değişti.
C1 İleri Niteleme Sıfatları,insufficient,"kıt, yetersiz, yeterli değil",sıfat,C1,,His knowledge of geography is insufficient.,Onun coğrafya bilgisi yetersizdir.
Akademik Zarflar (-ly / Derece),intellectually,"anlayarak, akıl ile, zeka ile",zarf,C1,,The discussion was intellectually stimulating.,Münazara entelektüel olarak aydınlatıcıydı.
B1-B2 Sık Çıkan Akademik Sıfatlar,intense,"yoğun, gergin, istekli",sıfat,B2,,The pain was very intense.,Ağrı çok yoğundu.
B1-B2 Sık Çıkan Akademik Sıfatlar,intensive,"yoğun, şiddetli, aşırı",sıfat,B2,,The two gunshot victims are in the intensive care unit at a nearby hospital.,İki kurşun mağduru yakındaki bir hastanede yoğun bakım ünitesinde bulunmaktadır.
Akademik Zarflar (-ly / Derece),intentionally,"kasten, kasıtlı olarak, taammüden",zarf,C1,,Did you do that intentionally?,Sen onu kasıtlı olarak mı yaptın?
C1 İleri Niteleme Sıfatları,international,"devletlerarası, enternasyonal, milletlerarası",sıfat,C1,,The drug problem is international.,Uyuşturucu problemi uluslararasıdır.
B1-B2 Sık Çıkan Akademik Sıfatlar,invented,"icat edilmiş, uydurmasyon, icat edilen",sıfat,B2,,It was invented by Tom.,Bu Tom tarafından icat edildi.
C1 İleri Niteleme Sıfatları,investigated,"soruşturulmuş, incelenmiş, araştırılmış",sıfat,C1,,We investigated the matter from all angles.,Konuyu tüm açılardan araştırdık.
B1-B2 Sık Çıkan Akademik Sıfatlar,involved,"ilgili, karmaşık, girift",sıfat,B2,,I can't get involved.,Ben karışamam.
B1-B2 Sık Çıkan Akademik Sıfatlar,irritable,"asabi, titiz, barut gibi",sıfat,B2,,He is always a little irritable in the morning.,"O, her zaman sabahleyin biraz asabidir."
B1-B2 Sık Çıkan Akademik Sıfatlar,irritated,"sinirli, sinirlendirilmiş, öfkeli",sıfat,B2,,I know you're irritated.,Sinirli olduğunuzu biliyorum.
C1 İleri Niteleme Sıfatları,irritating,"rahatsız etme, sinirlendirme, sinir",sıfat,C1,,Sometimes you're so irritating.,Sen bazen çok rahatsız edicisin.
B1-B2 Sık Çıkan Akademik Sıfatlar,joyful,"sevinçli, şatır, sevindirici",sıfat,B1,,Christmas is a joyful time.,Noel neşeli bir zamandır.
B1-B2 Sık Çıkan Akademik Sıfatlar,kind,"tür, çeşit, cins",sıfat,B1,,He's kind to me.,O bana karşı nazik.
Akademik Zarflar (-ly / Derece),kindly,"merhametli, iyi, içten",zarf,B1,,You will be treated kindly.,Size nazikçe davranılacak.
B1-B2 Sık Çıkan Akademik Sıfatlar,knowing,"haberdar, haberi olan, bilen",sıfat,B2,,It was nice knowing you.,Seninle tanışmak güzeldi.
B1-B2 Sık Çıkan Akademik Sıfatlar,known,"bilinen, bilindik, malum",sıfat,B1,,I've always known it.,Onu her zaman tanıyordum.
B1-B2 Sık Çıkan Akademik Sıfatlar,large,"iri, geniş, büyük",sıfat,B1,,It's a large one.,Bu büyük biri.
B1-B2 Sık Çıkan Akademik Sıfatlar,lasting,"kalıcı, sürme, sağlam ayakkabılık kumaş",sıfat,B2,,First impressions are the most lasting.,İlk izlenimler en kalıcı olanlardır.
B1-B2 Sık Çıkan Akademik Sıfatlar,late,"gecikmiş, geç, her zamanki",sıfat,B1,,I'm a bit late.,Ben biraz geç kaldım.
B1-B2 Sık Çıkan Akademik Sıfatlar,latest,"son, en son, yeni",sıfat,B1,,What is the latest news?,En son haber nedir?
B1-B2 Sık Çıkan Akademik Sıfatlar,least,"en az, asgari, en önemsiz kimse",sıfat,B1,,I can at least try.,En azından deneyebilirim.
B1-B2 Sık Çıkan Akademik Sıfatlar,less,"daha az, eksi, daha az şey",sıfat,B1,,I ate less than Tom.,Tom'dan daha az yedim.
Akademik Zarflar (-ly / Derece),likely,"büyük ihtimalle, mantıklı, geleceği parlak",zarf,B1,,He's likely to come.,"O, muhtemelen gelecektir."
B1-B2 Sık Çıkan Akademik Sıfatlar,limited,"kısıtlı, sınırlı, belirlenmiş",sıfat,B2,,It's a limited-time offer.,Bu sınırlı bir süre teklifi.
B1-B2 Sık Çıkan Akademik Sıfatlar,little,"ufak, az, küçük",sıfat,B1,,I'm a little fat.,Ben biraz şişmanım.
B1-B2 Sık Çıkan Akademik Sıfatlar,living,"canlı, geçinmek, geçim",sıfat,B1,,I'm living here now.,Şimdi burada yaşıyorum.
B1-B2 Sık Çıkan Akademik Sıfatlar,loaded,"yüklü, yüklenmiş, hileli",sıfat,B1,,The gun isn't loaded.,Silah yüklü değil.
B1-B2 Sık Çıkan Akademik Sıfatlar,local,"lokal, yerel, yerli",sıfat,B1,,Is this a local train?,Bu yerel bir tren mi?
B1-B2 Sık Çıkan Akademik Sıfatlar,located,"tespit edilmiş, yeri tayin edilmiş, kain",sıfat,B2,,It's located in Boston.,"O, Boston'da yer almaktadır."
B1-B2 Sık Çıkan Akademik Sıfatlar,logical,"mantıklı, makul, mantığa uygun",sıfat,B2,,It seems logical to me.,Bana mantıklı görünüyor.
B1-B2 Sık Çıkan Akademik Sıfatlar,losing,"kaybediş, kaybetme, zarar gören",sıfat,B1,,I'm losing my hair.,Saçımı döküyorum.
B1-B2 Sık Çıkan Akademik Sıfatlar,lost,"kayıp, kaybolmuş, kaybetmek",sıfat,B1,,I think I'm lost.,Sanırım kayboldum.
B1-B2 Sık Çıkan Akademik Sıfatlar,loud,"yüksek, yüksek sesle, kaba",sıfat,B1,,Don't talk so loud.,Yüksek sesle konuşma.
Akademik Zarflar (-ly / Derece),luckily,"çok şükür, talihine, şans eseri",zarf,B2,,"Luckily, we have a plan.",Şansımıza bir planımız var.
B1-B2 Sık Çıkan Akademik Sıfatlar,lunar,"ay ile ilgili, kameri, ay",sıfat,B1,,Lunar eclipses can be total or partial.,Ay tutulmaları tam ya da kısmi olabilir.
B1-B2 Sık Çıkan Akademik Sıfatlar,made,"yapılmış, yapmak  eyleminin ikinci hali, yapılı",sıfat,B1,,I made a U-turn.,U dönüşü yaptım.
B1-B2 Sık Çıkan Akademik Sıfatlar,magic,"sihirbazlık, büyü, sihir",sıfat,B1,,This is a magic wand.,Bu sihirli bir değnek.
B1-B2 Sık Çıkan Akademik Sıfatlar,managing,"yönetme, idare etme, idari",sıfat,B2,,How are you managing it?,Nasıl üstesinden geliyorsun?
B1-B2 Sık Çıkan Akademik Sıfatlar,many,"birçok, çok, çoğu",sıfat,B1,,Don't eat too many.,Çok fazla yeme.
B1-B2 Sık Çıkan Akademik Sıfatlar,marvelous,"harika, müthiş, nefis",sıfat,B2,"stunning, dazzling, wonderful",I had a marvelous time.,Harika bir zaman geçirdim.
B1-B2 Sık Çıkan Akademik Sıfatlar,massive,"cüsseli, iri, çok büyük",sıfat,B2,,It's a massive undertaking.,Bu çok büyük bir girişim.
B1-B2 Sık Çıkan Akademik Sıfatlar,material,"materyal, madde, malzeme",sıfat,B2,,This material never wears out.,Bu malzeme asla aşınmaz.
C1 İleri Niteleme Sıfatları,meaningless,"manasız, anlamsız, ipsiz sapsız",sıfat,C1,,Life is meaningless without you.,Sensiz hayat anlamsız.
B1-B2 Sık Çıkan Akademik Sıfatlar,medial,"ortada olan, medial, vasat",sıfat,B1,,The empirical results of the study were remarkably medial.,Çalışmanın ampirik sonuçlarının son derece ortada olan olduğu görüldü.
B1-B2 Sık Çıkan Akademik Sıfatlar,medic,"kabayonca, doktor, korunga",sıfat,B1,,The medic ripped open Tom's shirt and took a look at the wound.,"Doktor, Tom'un gömleğini yırtarak açtı ve yaraya göz attı."
B1-B2 Sık Çıkan Akademik Sıfatlar,medical,"medikal, tıbbi, tıp",sıfat,B2,,He is a medical student.,O bir tıp öğrencisidir.
B1-B2 Sık Çıkan Akademik Sıfatlar,mental,"akli, zihinsel, ruhsal",sıfat,B1,,I had a mental breakdown.,Ruhsal sinir bozuntum vardı.
B1-B2 Sık Çıkan Akademik Sıfatlar,met,karşılaşılan,sıfat,B1,,I'm glad we met.,Tanıştığımıza memnun oldum.
Akademik Zarflar (-ly / Derece),meticulously,"özenle, titizlikle, özenli biçimde",zarf,C1,,The school was meticulously clean.,Okul özenle temizlendi.
B1-B2 Sık Çıkan Akademik Sıfatlar,missing,"özlem, özleme, noksan",sıfat,B2,,I'm missing a sock.,Ben bir çorabı kaybediyorum.
B1-B2 Sık Çıkan Akademik Sıfatlar,modern,"çağdaş, modern, modern kimse",sıfat,B1,,She's a modern girl.,O modern bir kızdır.
C1 İleri Niteleme Sıfatları,modernized,"modernize, modernleştirilmiş",sıfat,C1,,The empirical results of the study were remarkably modernized.,Çalışmanın ampirik sonuçlarının son derece modernize olduğu görüldü.
B1-B2 Sık Çıkan Akademik Sıfatlar,momentary,"bir anlık, sürekli olmayan, sadece bir an devam eden",sıfat,B2,,The empirical results of the study were remarkably momentary.,Çalışmanın ampirik sonuçlarının son derece bir anlık olduğu görüldü.
B1-B2 Sık Çıkan Akademik Sıfatlar,monitored,"izlenen, gözlenen",sıfat,B2,,The U.N. monitored the country's elections.,Birleşmiş Milletler ülkedeki seçimleri izledi.
C1 İleri Niteleme Sıfatları,monotonous,"monoton, monotonluk, yavan",sıfat,C1,,She says her life is monotonous.,Yaşantısının monoton olduğunu söylüyor.
B1-B2 Sık Çıkan Akademik Sıfatlar,most,"en, en çok, en fazlası",sıfat,B1,,I love you the most.,En çok seni seviyorum.
C1 İleri Niteleme Sıfatları,motionless,"hareketsiz, duruk, devinimsiz",sıfat,C1,,A cat jumped onto the chair and lay motionless.,Bir kedi sandalyeye atladı ve hareketsiz yatıyor.
B1-B2 Sık Çıkan Akademik Sıfatlar,motive,"güdü, motif, motive etmek",sıfat,B1,,What was Tom's motive for doing that?,Tom'un bunu yapmasının nedeni neydi?
B1-B2 Sık Çıkan Akademik Sıfatlar,multi,"birden çok, çoklu, çok",sıfat,B1,,Most computers made today are equipped with multi-core processors.,Bugün yapılan çoğu bilgisayar çok çekirdekli işlemcilerle donatılmıştır.
C1 İleri Niteleme Sıfatları,multicultural,"multikültürel, çok kültürlü",sıfat,C1,,The empirical results of the study were remarkably multicultural.,Çalışmanın ampirik sonuçlarının son derece multikültürel olduğu görüldü.
C1 İleri Niteleme Sıfatları,multifunctional,"çok fonksiyonlu cihaz, çok fonksiyonlu yazıcı, multifonksiyonel peptid",sıfat,C1,,The empirical results of the study were remarkably multifunctional.,Çalışmanın ampirik sonuçlarının son derece çok fonksiyonlu cihaz olduğu görüldü.
B1-B2 Sık Çıkan Akademik Sıfatlar,musical,"müzikli, müziğe ait, müzikal",sıfat,B2,,This play is a musical.,Bu oyun bir müzikaldir.
C1 İleri Niteleme Sıfatları,mysterious,"esrarengiz, gizemli, anlaşılmaz",sıfat,C1,,Tom's death was mysterious.,Tom'un ölümü gizemliydi.
B1-B2 Sık Çıkan Akademik Sıfatlar,mystical,"gizemli, gizemcil, esrarlı",sıfat,B2,,The empirical results of the study were remarkably mystical.,Çalışmanın ampirik sonuçlarının son derece gizemli olduğu görüldü.
B1-B2 Sık Çıkan Akademik Sıfatlar,natural,"tabii, doğuştan, natürel",sıfat,B2,,I think it's natural.,Ben bunun doğal olduğunu düşünüyorum.
Akademik Zarflar (-ly / Derece),nearly,"hemen hemen, neredeyse, az kaldı",zarf,B1,,A car nearly hit Tom.,Tom'a neredeyse bir araba çarpıyordu.
B1-B2 Sık Çıkan Akademik Sıfatlar,necessary,"gereken, gerekli, gereken şey",sıfat,B2,,I think it's necessary.,Sanırım o gerekli.
B1-B2 Sık Çıkan Akademik Sıfatlar,needed,"lazım, ihtiyaç duyulan, gerek",sıfat,B1,,I got what I needed.,İhtiyacım olanı aldım.
B1-B2 Sık Çıkan Akademik Sıfatlar,negative,"negatif, olumsuz, menetmek",sıfat,B2,,Don't be so negative.,Bu kadar olumsuz olma.
B1-B2 Sık Çıkan Akademik Sıfatlar,new,"yeni, yeni olan şey, ilk evre",sıfat,B1,,I got a new job.,Yeni bir işim var.
Akademik Zarflar (-ly / Derece),newly,"yeni, yeni olarak, yakın zamanlarda",zarf,B1,,Newly printed books smell good.,Yeni basılmış kitaplar güzel kokuyor.
B1-B2 Sık Çıkan Akademik Sıfatlar,next,"sonraki, bir sonra gelen şey, önümüzdeki",sıfat,B1,,I'm next in line.,Ben sırada bir sonrakiyim.
Akademik Zarflar (-ly / Derece),nicely,"hoşça, hoş, iyi",zarf,B1,,It has worked out nicely.,Bu güzelce işe yaradı.
B1-B2 Sık Çıkan Akademik Sıfatlar,noisy,"gürültücü, gürültülü, patırtılı",sıfat,B1,,It's noisy in here.,Burası gürültülü.
B1-B2 Sık Çıkan Akademik Sıfatlar,normal,"olağan, normal, standart",sıfat,B1,,I'm a normal guy.,Ben normal bir adamım.
Akademik Zarflar (-ly / Derece),normally,"normalde, normal bir şekilde, genelde",zarf,B2,,I don't normally lie.,Normalde yalan söylemem.
B1-B2 Sık Çıkan Akademik Sıfatlar,notable,"göze çarpan, dikkate değer, tanınmış kimse",sıfat,B2,,Statues of Buddha are notable works of Japanese art.,Buda heykelleri Japon sanatının önemli eserleridirler.
C1 İleri Niteleme Sıfatları,nourishing,"besi, besleyici, besin değeri yüksek",sıfat,C1,,This food's not nourishing enough.,Bu yiyecek yeterince besleyici değil.
B1-B2 Sık Çıkan Akademik Sıfatlar,novel,"roman, acayip, yeni",sıfat,B1,,It's just a novel.,Bu sadece bir roman.
B1-B2 Sık Çıkan Akademik Sıfatlar,numerous,"sayısız, birçok, pek çok",sıfat,B2,,I've done that numerous times.,Bunu defalarca yaptım.
C1 İleri Niteleme Sıfatları,nutritional,"beslenme ile ilgili, nutrisyonel, besin",sıfat,C1,,Sugary drinks have no nutritional value and contribute significantly to weight gain.,Şekerli içeceklerin hiçbir besin değeri yoktur ve kilo almaya önemli ölçüde etki ederler.
C1 İleri Niteleme Sıfatları,obligatory,"mecburi, zorunlu, vacip",sıfat,C1,,The empirical results of the study were remarkably obligatory.,Çalışmanın ampirik sonuçlarının son derece mecburi olduğu görüldü.
B1-B2 Sık Çıkan Akademik Sıfatlar,obscure,"saklamak, gizlemek, karartmak",sıfat,B2,,The meaning is still obscure to me.,Anlam benim için hâlâ anlaşılmaz.
B1-B2 Sık Çıkan Akademik Sıfatlar,observed,"gözlenmiş, gözlenen",sıfat,B2,,I noticed I was being observed.,Gözlenmekte olduğumu fark ettim.
B1-B2 Sık Çıkan Akademik Sıfatlar,obtained,"elde edilen, elde edilmiş, elde edildi",sıfat,B2,,I obtained the painting at an auction.,Bir açık artırmada tablo satın aldım.
B1-B2 Sık Çıkan Akademik Sıfatlar,old,"eskimiş, eski, yaşlı",sıfat,B1,,I'm an old man.,Ben yaşlı bir adamım.
B1-B2 Sık Çıkan Akademik Sıfatlar,olive,"zeytin, zeytin yeşili, zeytin rengi",sıfat,B1,,Give me the olive oil.,Bana zeytinyağı ver.
B1-B2 Sık Çıkan Akademik Sıfatlar,olympic,olimpik,sıfat,B2,,He took part in the Olympic Games.,Olimpiyat oyunlarına katıldı.
B1-B2 Sık Çıkan Akademik Sıfatlar,ongoing,"süregiden, sürmekte olan, süregitmekte olan",sıfat,B2,,It's an ongoing process.,Bu devam eden bir süreç.
Akademik Zarflar (-ly / Derece),openly,"açıkça, resmen, açık",zarf,B1,"clearly, frankly, candidly",He openly confessed his faults.,Hatalarını açıkça itiraf etti.
B1-B2 Sık Çıkan Akademik Sıfatlar,opposite,"zıt, aksi, karşıt",sıfat,B2,,It'll be the opposite.,Bunun tam tersi olacak.
B1-B2 Sık Çıkan Akademik Sıfatlar,optimal,"uygun, ideal, en uygun",sıfat,B2,,Finding an optimal solution will take some time.,En uygun çözümü bulmak biraz zaman alacak.
B1-B2 Sık Çıkan Akademik Sıfatlar,optimum,"en uygun durum, ideal, optimum",sıfat,B2,,The empirical results of the study were remarkably optimum.,Çalışmanın ampirik sonuçlarının son derece en uygun durum olduğu görüldü.
B1-B2 Sık Çıkan Akademik Sıfatlar,ordered,"sıralı, ısmarlama, düzgün",sıfat,B2,,I just ordered a beer.,Sadece bir bira ısmarladım.
Akademik Zarflar (-ly / Derece),orderly,"yazıcı, hastane hademesi, emir eri",zarf,B2,,The empirical results of the study were remarkably orderly.,Çalışmanın ampirik sonuçlarının son derece yazıcı olduğu görüldü.
B1-B2 Sık Çıkan Akademik Sıfatlar,organized,"teşkilatlı, organize olmuş, tertipli",sıfat,B2,,I'm not very organized.,Çok tertipli değilim.
C1 İleri Niteleme Sıfatları,outstanding,"üstün, göze çarpan, seçkin",sıfat,C1,,She is an outstanding poet.,O seçkin bir şairdir.
B1-B2 Sık Çıkan Akademik Sıfatlar,overall,"bir uçtan bir uca, etraflı, tüm",sıfat,B2,,Where can I buy overalls?,Tulumları nereden alabilirim?
B1-B2 Sık Çıkan Akademik Sıfatlar,owing,"ödenmemiş, borçlanma, borçlu",sıfat,B1,,The dam burst owing to the heavy rain.,Yoğun yağış sebebiyle baraj taştı.
B1-B2 Sık Çıkan Akademik Sıfatlar,parallel,"aynı doğrultuda olan, paralel, benzetmek",sıfat,B2,,This line is parallel to that.,Bu çizgi ona paraleldir.
C1 İleri Niteleme Sıfatları,particular,"özel, belirli, nokta",sıfat,C1,,She's particular about food.,Yemek konusunda çok titizdir.
Akademik Zarflar (-ly / Derece),passionately,"hararetle, tutkuyla",zarf,C1,,"Even if you go away, I'll still passionately love you.","Uzaklara gitsen bile, seni yine de tutkuyla seveceğim."
B1-B2 Sık Çıkan Akademik Sıfatlar,patient,"hasta, sabırlı, mütehammil",sıfat,B2,,I'm a patient man.,Ben sabırlı bir adamım.
B1-B2 Sık Çıkan Akademik Sıfatlar,paying,"tediye, ücret, paralı",sıfat,B1,,I don't mind paying.,Ödemeye itirazım yok.
B1-B2 Sık Çıkan Akademik Sıfatlar,perfect,"kusursuz, mükemmel, mükemmelleştirmek",sıfat,B2,,It's a perfect day.,Mükemmel bir gün.
B1-B2 Sık Çıkan Akademik Sıfatlar,perilous,"vahim, korku, çok tehlikeli",sıfat,B2,,The empirical results of the study were remarkably perilous.,Çalışmanın ampirik sonuçlarının son derece vahim olduğu görüldü.
C1 İleri Niteleme Sıfatları,peripheral,"çevresel, periferik, çevre",sıfat,C1,,The empirical results of the study were remarkably peripheral.,Çalışmanın ampirik sonuçlarının son derece çevresel olduğu görüldü.
B1-B2 Sık Çıkan Akademik Sıfatlar,permanent,"daimi, kalıcı, perma",sıfat,B2,,I have a permanent contract.,Kalıcı bir sözleşmem var.
C1 İleri Niteleme Sıfatları,persistent,"ısrar eden, ısrarlı, ısrarcı",sıfat,C1,"constant, relentless, determined, tenacious",I can be very persistent.,Çok ısrarcı olabilirim.
B1-B2 Sık Çıkan Akademik Sıfatlar,personal,"kişisel, özel, şahsi",sıfat,B2,,I think it's personal.,Bence bu kişiye özel.
C1 İleri Niteleme Sıfatları,perspective,"bakış açısı, perspektif, derinlemesine inceleme yeteneği",sıfat,C1,,Let's keep it in perspective.,Ona bir bütün olarak bakalım.
B1-B2 Sık Çıkan Akademik Sıfatlar,persuaded,"ikna edilen, ikna edilmiş",sıfat,B2,,I think I've persuaded Tom.,Sanırım Tom'u ikna ettim.
B1-B2 Sık Çıkan Akademik Sıfatlar,petty,"ehemmiyetsiz, cüzi, olağan",sıfat,B1,,Don't be so petty.,Kıllık yapma.
B1-B2 Sık Çıkan Akademik Sıfatlar,physical,"bedensel, muayene, bedeni",sıfat,B2,,I had a physical checkup.,Ben bir sağlık kontrolü yaptırdım.
C1 İleri Niteleme Sıfatları,physiological,"işlevbilimsel, diriksel, fizyolojik",sıfat,C1,,The empirical results of the study were remarkably physiological.,Çalışmanın ampirik sonuçlarının son derece işlevbilimsel olduğu görüldü.
B1-B2 Sık Çıkan Akademik Sıfatlar,pivotal,"eksensel, eksen, esas",sıfat,B2,,The empirical results of the study were remarkably pivotal.,Çalışmanın ampirik sonuçlarının son derece eksensel olduğu görüldü.
B1-B2 Sık Çıkan Akademik Sıfatlar,plausible,"makul, olası, akla yatkın",sıfat,B2,,It's a plausible story.,"O, inandırıcı bir hikayedir."
B1-B2 Sık Çıkan Akademik Sıfatlar,poisonous,"zehirli, kötü niyetli, ağılı",sıfat,B2,,This is a poisonous mushroom.,Bu zehirli bir mantar.
B1-B2 Sık Çıkan Akademik Sıfatlar,polar,"ucay, zıt, kutup",sıfat,B1,,The polar bears are dying.,Kutup ayıları ölüyor.
Akademik Zarflar (-ly / Derece),politely,"kibarca, nezaketle, nazikçe",zarf,B2,,She bowed to me politely.,O kibarca bana selam verdi.
B1-B2 Sık Çıkan Akademik Sıfatlar,politic,"politik, basiretli, kurnaz",sıfat,B2,,I don't like politics.,Ben siyaseti sevmiyorum.
B1-B2 Sık Çıkan Akademik Sıfatlar,political,"politik, siyasi, siyasal",sıfat,B2,,He had many political enemies.,Onun çok sayıda siyasi düşmanları vardı.
B1-B2 Sık Çıkan Akademik Sıfatlar,positive,"pozitif, artı, olumlu",sıfat,B2,,I can't be positive.,Olumlu olamıyorum.
B1-B2 Sık Çıkan Akademik Sıfatlar,possible,"olabilir, olanaklı, muhtemel",sıfat,B2,,It won't be possible.,Mümkün olmayacak.
B1-B2 Sık Çıkan Akademik Sıfatlar,potent,"cinsel gücü yüksek, inandırıcı, nüfuzlu",sıfat,B1,,The empirical results of the study were remarkably potent.,Çalışmanın ampirik sonuçlarının son derece cinsel gücü yüksek olduğu görüldü.
B1-B2 Sık Çıkan Akademik Sıfatlar,potential,"potansiyel, olası, güç",sıfat,B2,,He is a potential leader.,O potansiyel bir liderdir.
Akademik Zarflar (-ly / Derece),potently,"yoğun bir şekilde, güçlü bir şekilde",zarf,B2,,The empirical results of the study were remarkably potently.,Çalışmanın ampirik sonuçlarının son derece yoğun bir şekilde olduğu görüldü.
B1-B2 Sık Çıkan Akademik Sıfatlar,powered,"motorla tahrik edilen, tahrikli",sıfat,B2,,I wish I had solar-powered car.,Keşke güneş enerjili arabam olsa.
B1-B2 Sık Çıkan Akademik Sıfatlar,powerful,"güçlü, kuvvetli, muhteşem",sıfat,B2,,He's rich and powerful.,"O, zengin ve güçlüdür."
B1-B2 Sık Çıkan Akademik Sıfatlar,practical,"tatbiki, kullanışlı, pratik",sıfat,B2,,I never was very practical.,Ben asla çok pratik değildim.
Akademik Zarflar (-ly / Derece),precisely,"açık olarak, tam, belli",zarf,B2,,What precisely did you do?,Tam olarak ne yaptın?
B1-B2 Sık Çıkan Akademik Sıfatlar,prevalent,"yaygın, olagelen, etkili",sıfat,B2,,Colds are prevalent this winter.,"Soğuk algınlığı, bu kış yaygındır."
C1 İleri Niteleme Sıfatları,preventing,"önleyen, engelleyen",sıfat,C1,,Nothing's preventing you from leaving.,Hiçbir şey sizin gitmenizi engellemiyor.
C1 İleri Niteleme Sıfatları,preventive,"önleyici, önleyici ilaç, önlem",sıfat,C1,,Preventive measures are much more effective than the actual treatment.,Önleyici tedbirler gerçek tedaviden çok daha etkilidir.
Akademik Zarflar (-ly / Derece),previously,"önceden, daha önce, evvelce",zarf,C1,,The empirical results of the study were remarkably previously.,Çalışmanın ampirik sonuçlarının son derece önceden olduğu görüldü.
B1-B2 Sık Çıkan Akademik Sıfatlar,probable,"olası, muhtemel, olasılı",sıfat,B2,,How probable is that to happen?,Onun olması ne kadar muhtemel?
B1-B2 Sık Çıkan Akademik Sıfatlar,produced,"üretmek, üretilen, üretilmiş",sıfat,B2,,My efforts produced no results.,Çabalarım hiç sonuç vermedi.
C1 İleri Niteleme Sıfatları,productive,"üretken, verimli, kazançlı",sıfat,C1,,I hope you had a productive day.,Umarım üretken bir gün geçirdiniz.
C1 İleri Niteleme Sıfatları,progressive,"ileri düşünceli kimse, müterakki, ilerleyici",sıfat,C1,,His policies were too progressive.,Onun politikaları çok yenilikçi idi.
Akademik Zarflar (-ly / Derece),progressively,"devamlı olarak, ilerledikçe, artan bir şekilde",zarf,C1,,The empirical results of the study were remarkably progressively.,Çalışmanın ampirik sonuçlarının son derece devamlı olarak olduğu görüldü.
B1-B2 Sık Çıkan Akademik Sıfatlar,prominent,"öne çıkan, çıkıntılı, önde gelen",sıfat,B2,,He felt ill at ease among prominent scholars.,Seçkin bilim adamları arasında huzursuz hissetti.
Akademik Zarflar (-ly / Derece),properly,"uygun bir şekilde, doğru dürüst, düzgün bir şekilde",zarf,B2,,Let's do this properly.,Hadi bunu doğru düzgün yapalım.
C1 İleri Niteleme Sıfatları,protective,"koruyucu, sahip çıkan, koruma",sıfat,C1,,He's very protective of him.,O kendine karşı çok koruyucu.
B1-B2 Sık Çıkan Akademik Sıfatlar,proven,"kanıtlanmış, kanıtlı, ispatlı",sıfat,B1,,It's a proven fact.,O kanıtlanmış bir gerçek.
C1 İleri Niteleme Sıfatları,psychological,"ruhbilimsel, ruhi, tinbilimsel",sıfat,C1,,The doctor thinks Tom's problem is psychological.,Doktor Tom'un sorununun psikolojik olduğunu düşünüyor.
B1-B2 Sık Çıkan Akademik Sıfatlar,punitive,"cezalandırıcı, ceza, cezayı gerektiren",sıfat,B2,,The empirical results of the study were remarkably punitive.,Çalışmanın ampirik sonuçlarının son derece cezalandırıcı olduğu görüldü.
C1 İleri Niteleme Sıfatları,purchasable,"alınabilir, satın alınabilir, satın alınır",sıfat,C1,,The empirical results of the study were remarkably purchasable.,Çalışmanın ampirik sonuçlarının son derece alınabilir olduğu görüldü.
Akademik Zarflar (-ly / Derece),purposely,"kasti olarak, inadına, kasten",zarf,B2,,Did you do that purposely?,Onu kasıtlı olarak mı yaptın?
B1-B2 Sık Çıkan Akademik Sıfatlar,puzzled,"şaşkın, şaşırmış, karışmış",sıfat,B2,,I'm a little puzzled.,Biraz şaşkınım.
B1-B2 Sık Çıkan Akademik Sıfatlar,puzzling,"kafa karıştırıcı, muammalı, anlaşılmaz",sıfat,B2,,It was puzzling to me.,Benim için şaşırtıcıydı.
B1-B2 Sık Çıkan Akademik Sıfatlar,qualified,"nitelikli, vasıflı, kalifiye",sıfat,B2,,Am I qualified to do that?,Onu yapmak için nitelikli miyim?
B1-B2 Sık Çıkan Akademik Sıfatlar,quick,"süratli, hızlı, çabuk",sıfat,B1,,I ate a quick lunch.,Hızlı bir öğle yemeği yedim.
Akademik Zarflar (-ly / Derece),quickly,"hızla, aceleyle, süratle",zarf,B2,,I had to act quickly.,Çabuk hareket etmek zorunda kaldım.
B1-B2 Sık Çıkan Akademik Sıfatlar,rainy,"yağmurlu, yağışlı",sıfat,B1,,It's a rainy day.,Yağmurlu bir gün.
B1-B2 Sık Çıkan Akademik Sıfatlar,rapid,"ani, hızlı, kuduruk",sıfat,B1,,He has made rapid progress in English.,"O, İngilizcede hızlı bir gelişme yaptı."
Akademik Zarflar (-ly / Derece),rapidly,"hızla, süratle, çarçabuk",zarf,B2,,She tends to speak rapidly.,"O, hızlı konuşmaya eğilimlidir."
B1-B2 Sık Çıkan Akademik Sıfatlar,reachable,"ulaşılabilir, erişebilir, varılabilir",sıfat,B2,,The empirical results of the study were remarkably reachable.,Çalışmanın ampirik sonuçlarının son derece ulaşılabilir olduğu görüldü.
Akademik Zarflar (-ly / Derece),readily,"kolaylıkla, rahatlıkla, hemen anında",zarf,B2,,He readily agreed to it.,O onu kolayca kabul etti.
B1-B2 Sık Çıkan Akademik Sıfatlar,ready,"hazır, hazırlamak, peşin para",sıfat,B1,,I'm ready to go.,Gitmeye hazırım.
Akademik Zarflar (-ly / Derece),really,"hakikaten, gerçekten, cidden",zarf,B1,,It's really a must.,Bu gerçekten bir zorunluluktur.
B1-B2 Sık Çıkan Akademik Sıfatlar,receive,"teslim almak, almak, anlamak",sıfat,B2,,How much will I receive?,Ne kadar alacağım?
B1-B2 Sık Çıkan Akademik Sıfatlar,recent,"son, yeni, taze",sıfat,B1,,Is it a recent picture?,O yeni bir resim mi?
C1 İleri Niteleme Sıfatları,recommended,"tavsiye edilmiş, tavsiye edilen, önerilen",sıfat,C1,,I'll do as you recommended.,Senin tavsiye ettiğin gibi yapacağım.
B1-B2 Sık Çıkan Akademik Sıfatlar,recurrent,"reküren, devirli, geri dönen",sıfat,B2,,The empirical results of the study were remarkably recurrent.,Çalışmanın ampirik sonuçlarının son derece reküren olduğu görüldü.
B1-B2 Sık Çıkan Akademik Sıfatlar,regional,"bölgesel, bölgesel kurum, mevzii",sıfat,B2,,Fried spiders are a regional delicacy in Cambodia.,"Kızarmış örümcek, Kamboçya'da bölgesel bir yiyecektir."
B1-B2 Sık Çıkan Akademik Sıfatlar,regular,"müdavim, muntazam, düzenli",sıfat,B2,,She is a regular beauty.,O düzenli bir güzellik.
Akademik Zarflar (-ly / Derece),regularly,"düzenli olarak, sürekli, devamlı olarak",zarf,B2,,Do you work out regularly?,Düzenli çalışıyor musunuz?
B1-B2 Sık Çıkan Akademik Sıfatlar,relaxed,"rahatlamış, gevşemiş, rahat",sıfat,B2,,I feel relaxed with Tom.,Ben Tom'la rahat hissediyorum.
B1-B2 Sık Çıkan Akademik Sıfatlar,relaxing,"dinlendirici, rahatlatıcı, gevşetici",sıfat,B2,,He's relaxing at home.,"O, evde dinleniyor."
B1-B2 Sık Çıkan Akademik Sıfatlar,reliable,"güvenilir, itimat edilir, güven telkin eden",sıfat,B2,,I think it's reliable.,Sanırım bu güvenilir.
B1-B2 Sık Çıkan Akademik Sıfatlar,religious,"dinsel, dini, dindar",sıfat,B2,,I'm not very religious.,Ben çok dindar değilim.
C1 İleri Niteleme Sıfatları,remarkable,"dikkat çekici, göze çarpan, dikkate değer",sıfat,C1,,You're the remarkable one.,Sen dikkat çekici birisin.
B1-B2 Sık Çıkan Akademik Sıfatlar,remote,"uzak, naklen yayın, uzakta olan şey",sıfat,B1,,Do you have the remote?,Uzaktan kumandan var mı?
B1-B2 Sık Çıkan Akademik Sıfatlar,renewable,"yenilenebilir, temdit edilebilir, uzatılabilir",sıfat,B2,,We must develop renewable energy sources.,Yenilenebilir enerji kaynaklarımızı geliştirmeliyiz.
C1 İleri Niteleme Sıfatları,repetitious,"tekrarlayan, tekrarlayıp duran, tekrarlarla dolu",sıfat,C1,,The empirical results of the study were remarkably repetitious.,Çalışmanın ampirik sonuçlarının son derece tekrarlayan olduğu görüldü.
C1 İleri Niteleme Sıfatları,repetitive,"tekrarlayıp duran, tekrarlı, tekrarlanan",sıfat,C1,,We must try not to be repetitive.,Tekrarcı olmamaya çalışmalıyız.
Akademik Zarflar (-ly / Derece),reply,"yanıtlamak, cevap, yanıt",zarf,B1,,Here's Tom's reply.,İşte Tom'un cevabı.
B1-B2 Sık Çıkan Akademik Sıfatlar,reported,"rapor edilmiş, rapor edilen",sıfat,B2,,No damage has been reported.,Hiçbir hasar bildirilmedi.
B1-B2 Sık Çıkan Akademik Sıfatlar,required,"gerekli, lazım, lüzumlu",sıfat,B2,,I do what is required.,Ben gerekeni yaparım.
B1-B2 Sık Çıkan Akademik Sıfatlar,requisite,"zorunlu, gerekli şey, gereç",sıfat,B2,,The empirical results of the study were remarkably requisite.,Çalışmanın ampirik sonuçlarının son derece zorunlu olduğu görüldü.
C1 İleri Niteleme Sıfatları,responsible,"mesul, sorumlu, yükümlü",sıfat,C1,,I'm responsible for Tom.,Tom'dan sorumluyum.
C1 İleri Niteleme Sıfatları,restricted,"sınırlı, kısıtlı, gizli",sıfat,C1,,This is a restricted area.,Bu yasak bir alandır.
B1-B2 Sık Çıkan Akademik Sıfatlar,retired,"emekli, kuytu, münzevi",sıfat,B2,"former, emeritus","Aren't you retired, Tom?","Emekli değil misin, Tom?"
C1 İleri Niteleme Sıfatları,retributive,"intikamcı, kinci, cezalandırıcı",sıfat,C1,,The empirical results of the study were remarkably retributive.,Çalışmanın ampirik sonuçlarının son derece intikamcı olduğu görüldü.
B1-B2 Sık Çıkan Akademik Sıfatlar,right,"sağ, hak, haklı",sıfat,B1,,I know I'm right.,Haklı olduğumu biliyorum.
B1-B2 Sık Çıkan Akademik Sıfatlar,risky,"riskli, sakat, terbiyesiz",sıfat,B1,,It's a risky plan.,Bu riskli bir plan.
B1-B2 Sık Çıkan Akademik Sıfatlar,rival,"rakip, ... kadar ... olmak, çekişmek",sıfat,B1,,I'm Tom's rival.,Tom'un rakibiyim.
B1-B2 Sık Çıkan Akademik Sıfatlar,robust,"güçlü, dirençli, çetin",sıfat,B1,,He has a robust constitution.,Onun sağlam bir yapısı var.
B1-B2 Sık Çıkan Akademik Sıfatlar,rough,"kaba saba, kaba, sert",sıfat,B1,,I had a rough day.,Zor bir gün geçirdim.
Akademik Zarflar (-ly / Derece),roughly,"yaklaşık olarak, tahminen, kabaca",zarf,B2,,I'm roughly the same age as Tom.,Ben aşağı yukarı Tom'la aynı yaştayım.
B1-B2 Sık Çıkan Akademik Sıfatlar,running,"çalışma, işletme, koşma",sıfat,B2,,I'm sick of running.,Koşmaktan usandım.
B1-B2 Sık Çıkan Akademik Sıfatlar,rural,"kırsal, taşra, köye ait",sıfat,B1,,I live in a rural area.,Kırsal bir alanda yaşıyorum.
B1-B2 Sık Çıkan Akademik Sıfatlar,said,"söz konusu, adı geçen, söylenmiş",sıfat,B1,,I said I'd go.,Gideceğimi söyledim.
B1-B2 Sık Çıkan Akademik Sıfatlar,scared,korkmuş,sıfat,B1,,I'm a bit scared.,Ben biraz korkuyorum.
B1-B2 Sık Çıkan Akademik Sıfatlar,scary,"ürkütücü, korkunç, korkutucu",sıfat,B1,,It's a little scary.,O biraz korkutucu.
Akademik Zarflar (-ly / Derece),scholarly,"ilmi, bilgili, bilimsel",zarf,B2,,The empirical results of the study were remarkably scholarly.,Çalışmanın ampirik sonuçlarının son derece ilmi olduğu görüldü.
C1 İleri Niteleme Sıfatları,scientific,"ilmi, bilimsel, fenni",sıfat,C1,,Is that a scientific fact?,O bilimsel bir gerçek mi?
B1-B2 Sık Çıkan Akademik Sıfatlar,seasoned,"lezzet verilmiş, baharatlı, deneyimli",sıfat,B2,,I seasoned the fish with salt and pepper.,Tuz ve biberle balığı çeşnilendirdim.
B1-B2 Sık Çıkan Akademik Sıfatlar,secret,"sır, gizli, gizem",sıfat,B1,,I've got a secret.,Bir sırrım var.
B1-B2 Sık Çıkan Akademik Sıfatlar,sedative,"yatıştırıcı, yatıştırıcı ilaç, teskin edici",sıfat,B2,,The nurse gave you a sedative.,Hemşire sana bir sakinleştirici verdi.
B1-B2 Sık Çıkan Akademik Sıfatlar,sedentary,"oturarak yapılan, sakin, sedanter",sıfat,B2,,The empirical results of the study were remarkably sedentary.,Çalışmanın ampirik sonuçlarının son derece oturarak yapılan olduğu görüldü.
B1-B2 Sık Çıkan Akademik Sıfatlar,seen,görülen,sıfat,B1,,I've seen a few.,Birkaç tane gördüm.
B1-B2 Sık Çıkan Akademik Sıfatlar,select,"seçmek, ayıklamak, elemek",sıfat,B1,,He selected a Christmas gift for her.,Onun için bir noel hediyesi seçti.
B1-B2 Sık Çıkan Akademik Sıfatlar,sensible,"mantıklı, akla uygun, halden anlayan",sıfat,B2,,I think it's sensible.,Bence bu mantıklı.
B1-B2 Sık Çıkan Akademik Sıfatlar,sensitive,"içli, hassas, duyarlı",sıfat,B2,delicate,Don't be so sensitive.,O kadar hassas olma.
B1-B2 Sık Çıkan Akademik Sıfatlar,sensual,"duygusal, şehvetli, kösnül",sıfat,B2,,The empirical results of the study were remarkably sensual.,Çalışmanın ampirik sonuçlarının son derece duygusal olduğu görüldü.
C1 İleri Niteleme Sıfatları,sentimental,"duygusal, içli, hassas",sıfat,C1,,Don't be so sentimental.,Bu kadar duygusal olmayın.
B1-B2 Sık Çıkan Akademik Sıfatlar,serious,"ciddi, ağır, ağırbaşlı",sıfat,B2,,I'm a serious person.,Ben ciddi bir kişiyim.
B1-B2 Sık Çıkan Akademik Sıfatlar,several,"birçok, çeşitli, ayrı",sıfat,B2,,I met him several times.,Onunla birkaç kez karşılaştım.
B1-B2 Sık Çıkan Akademik Sıfatlar,severe,"haşin, sert, şiddetli",sıfat,B1,,I had a severe headache.,Şiddetli bir baş ağrım vardı.
B1-B2 Sık Çıkan Akademik Sıfatlar,shallow,"sığ, sığlaşmak, düzlemek",sıfat,B2,,Do you think I'm shallow?,Benim sığ olduğumu mu düşünüyorsun?
B1-B2 Sık Çıkan Akademik Sıfatlar,short,"az, alçak, kısa",sıfat,B1,,It's a short walk.,O kısa bir yürüyüş.
B1-B2 Sık Çıkan Akademik Sıfatlar,shown,gösterilen,sıfat,B1,,They were shown the door.,Onlar sokak anahtarını aldılar.
B1-B2 Sık Çıkan Akademik Sıfatlar,sick,"hasta, yakalatmak, kusmak",sıfat,B1,,I'm sick of it.,Bundan bıktım.
C1 İleri Niteleme Sıfatları,significant,"dikkate değer, kayda değer, belirli",sıfat,C1,,It was a significant moment.,O önemli bir andı.
Akademik Zarflar (-ly / Derece),significantly,"önemli ölçüde, anlamlı, önemli",zarf,C1,,My grades have improved significantly.,Benim notlarım önemli ölçüde arttı.
B1-B2 Sık Çıkan Akademik Sıfatlar,simple,"sade, yalın, basit",sıfat,B1,,I'm a simple girl.,Ben basit bir kızım.
Akademik Zarflar (-ly / Derece),simply,"basit bir şekilde, basitçe, bayağı",zarf,B1,,I simply don't know.,Sadece bilmiyorum.
B1-B2 Sık Çıkan Akademik Sıfatlar,single,"bekar, tek, ayırmak",sıfat,B1,,I'm a single mom.,Ben tek bir anneyim.
Akademik Zarflar (-ly / Derece),smartly,"ustalıkla, zekice, sert/sıkı bir şekilde",zarf,B2,,The empirical results of the study were remarkably smartly.,Çalışmanın ampirik sonuçlarının son derece ustalıkla olduğu görüldü.
B1-B2 Sık Çıkan Akademik Sıfatlar,snowy,"karlı, bembeyaz, yağışlı",sıfat,B1,,My grandfather has snowy white hair.,Büyükbabamın kar beyazı saçı var.
B1-B2 Sık Çıkan Akademik Sıfatlar,social,"sosyal, sokulgan, toplumsal",sıfat,B1,,I'm a social worker.,Ben bir sosyal hizmet görevlisiyim.
B1-B2 Sık Çıkan Akademik Sıfatlar,societal,toplumsal,sıfat,B2,,The empirical results of the study were remarkably societal.,Çalışmanın ampirik sonuçlarının son derece toplumsal olduğu görüldü.
B1-B2 Sık Çıkan Akademik Sıfatlar,solar,"güneş, güneşsel, güneşle ilgili",sıfat,B1,,Do you use solar panels?,Güneş panelleri kullanıyor musunuz?
B1-B2 Sık Çıkan Akademik Sıfatlar,somatic,"somatik, bedeni, tensel",sıfat,B2,,The empirical results of the study were remarkably somatic.,Çalışmanın ampirik sonuçlarının son derece somatik olduğu görüldü.
B1-B2 Sık Çıkan Akademik Sıfatlar,some,"biraz, bazı, birkaç",sıfat,B1,,I'll go get some.,Biraz almaya gideceğim
B1-B2 Sık Çıkan Akademik Sıfatlar,sound,"ses, söylemek, derine dalmak",sıfat,B1,,Do I sound in love?,Âşık gibi görünüyor muyum?
B1-B2 Sık Çıkan Akademik Sıfatlar,sour,"ekşi, zehir olmak, bozulmak",sıfat,B1,,Is it sweet or sour?,"O, tatlı mı yoksa ekşi midir?"
B1-B2 Sık Çıkan Akademik Sıfatlar,spare,"kıymamak, ayırmak, boş",sıfat,B1,,I have a spare key.,Yedek anahtarım var.
B1-B2 Sık Çıkan Akademik Sıfatlar,special,"özel, özel bir program, yemek",sıfat,B2,,I'm no one special.,Ben özel biri değilim.
B1-B2 Sık Çıkan Akademik Sıfatlar,specific,"belirli, özgül, özel",sıfat,B2,,He has no specific aim.,Özel bir amacı yok.
B1-B2 Sık Çıkan Akademik Sıfatlar,specified,"belirlenmiş, belirtilmiş, belirtilen",sıfat,B2,,The empirical results of the study were remarkably specified.,Çalışmanın ampirik sonuçlarının son derece belirlenmiş olduğu görüldü.
B1-B2 Sık Çıkan Akademik Sıfatlar,spiced,"baharlı, baharatlı, baharatlanmış",sıfat,B1,,The empirical results of the study were remarkably spiced.,Çalışmanın ampirik sonuçlarının son derece baharlı olduğu görüldü.
B1-B2 Sık Çıkan Akademik Sıfatlar,spicy,"baharatlı, şık, hoş",sıfat,B1,,It's too spicy for me.,Benim için fazla baharatlı.
B1-B2 Sık Çıkan Akademik Sıfatlar,spoiled,"şımarık, el bebek gül bebek, acımış",sıfat,B2,,I guess I'm spoiled.,Şımarık olduğumu düşünüyorum.
B1-B2 Sık Çıkan Akademik Sıfatlar,sporting,"spor, av, avcılık",sıfat,B2,,I took part in the sporting event.,Spor olayına katıldım.
B1-B2 Sık Çıkan Akademik Sıfatlar,stable,"ahır, istikrarlı, durağan",sıfat,B1,,Prices are stable these days.,Fiyatlar bu günlerde istikrarlıdır.
B1-B2 Sık Çıkan Akademik Sıfatlar,started,"başlatılan, başlamış, başlatılmış",sıfat,B2,,Don't get me started.,Beni başlatmayın.
Akademik Zarflar (-ly / Derece),steadily,"durmadan, sabit şekilde, boyuna",zarf,B2,,We're steadily moving forward.,Durmadan ileriye gidiyoruz.
B1-B2 Sık Çıkan Akademik Sıfatlar,steady,"sabit durum, istikrarlı, oynamaz",sıfat,B1,,Drive at a steady speed.,İstikrarlı bir hızda sür.
B1-B2 Sık Çıkan Akademik Sıfatlar,stolen,"çalınan, çalıntı, çalınmış",sıfat,B1,,I had my car stolen.,Arabamı çaldırdım.
B1-B2 Sık Çıkan Akademik Sıfatlar,stormy,"fırtınalı, heyecanlı, çekişmeli",sıfat,B1,,It was a dark and stormy night.,Karanlık ve fırtınalı bir geceydi.
B1-B2 Sık Çıkan Akademik Sıfatlar,striking,"çarpıcı, vurma, geçici desteklerin alınması",sıfat,B2,,The workers are striking for better pay.,İşçiler daha iyi bir maaş için grev yapıyor.
B1-B2 Sık Çıkan Akademik Sıfatlar,strong,"güçlü, kuvvetli, domuz gibi",sıfat,B1,,I'm a strong woman.,Ben güçlü bir kadınım.
B1-B2 Sık Çıkan Akademik Sıfatlar,stunning,"sersemletme, çekici, müstesna",sıfat,B2,"marvelous, dazzling, breathtaking, magnificent",You really do look stunning.,Gerçekten çekici görünüyorsun.
C1 İleri Niteleme Sıfatları,substantial,"varlıklı, önemli, azımsanmayacak",sıfat,C1,,The money involved is substantial.,İlgili para önemli.
C1 İleri Niteleme Sıfatları,successful,"başarılı, başarıya ulaşan şey, muvaffak",sıfat,C1,,I want to be successful.,Ben başarılı olmak istiyorum.
B1-B2 Sık Çıkan Akademik Sıfatlar,such,"çok, böylesine, bu gibi",sıfat,B1,,I'm such a klutz.,Sakar Şakir'in tekiyim.
B1-B2 Sık Çıkan Akademik Sıfatlar,sudden,"ani, ansızın olan, apansız",sıfat,B1,,He felt a sudden pain.,"O, ani bir ağrı hissetti."
C1 İleri Niteleme Sıfatları,sufficient,"kafi, yeterli, elverişli",sıfat,C1,,I had to be self-sufficient.,Kendi kendime yeterli olmak zorundaydım.
B1-B2 Sık Çıkan Akademik Sıfatlar,suitable,"münasip, uygun, elverişli",sıfat,B2,,I'm not sure that's suitable.,Onun uygun olduğundan emin değilim.
B1-B2 Sık Çıkan Akademik Sıfatlar,sunny,"güneşli, günlük güneşlik, neşeli",sıfat,B1,,It's a sunny day.,Bugün güneşli bir gün.
Akademik Zarflar (-ly / Derece),supply,"tedarik etmek, sağlamak, tedarik",zarf,B1,,Cows supply us with milk.,İnekler bize süt sağlar.
B1-B2 Sık Çıkan Akademik Sıfatlar,surgical,"cerrahi, ameliyatlarda kullanılan, ameliyatla yapılan",sıfat,B2,,How common are surgical errors?,Cerrahi hatalar ne kadar yaygındır?
B1-B2 Sık Çıkan Akademik Sıfatlar,surprised,"şaşırmış, hayret etmiş, şaşmış",sıfat,B2,,I'm surprised at you.,Sana hayret ediyorum.
C1 İleri Niteleme Sıfatları,surprising,"şaşırtıcı, şaşılası, hayret verici",sıfat,C1,,It was a little surprising.,Biraz şaşırtıcıydı.
C1 İleri Niteleme Sıfatları,surrounding,"çevre, sarma, kuşatma",sıfat,C1,,The surrounding area was very quiet.,Etraf çok sakindi.
B1-B2 Sık Çıkan Akademik Sıfatlar,survival,"hayatta kalma, kalıntı, daha uzun yaşama",sıfat,B2,,It's a matter of survival.,Bu bir ölüm kalım meselesi.
B1-B2 Sık Çıkan Akademik Sıfatlar,survive,"uzun yaşamak, baki kalmak, daha uzun yaşamak",sıfat,B2,,We'll try to survive.,Hayatta kalmaya çalışacağız.
C1 İleri Niteleme Sıfatları,susceptible,"duyarlı, duygulu, duygularına kolaylıkla kapılan",sıfat,C1,vulnerable,She was susceptible to colds.,"O, soğuk algınlığına duyarlıydı."
B1-B2 Sık Çıkan Akademik Sıfatlar,swift,"süratli, kara sağan, kılıç kırlangıcı",sıfat,B1,,The stream is not very swift.,Dere çok hızlı değil.
Akademik Zarflar (-ly / Derece),swiftly,"süratle, hızla, fişek gibi",zarf,B2,,His fingers ran swiftly over the keys.,Parmakları klavyenin üzerinde hızla hareket etti.
Akademik Zarflar (-ly / Derece),systematically,"sistematik olarak, sistemli olarak",zarf,C1,,"Her sewing basket, dresser drawers and pantry shelves are all systematically arranged in apple-pie order.","Onun dikiş sepeti, şifonyer çekmeceleri ve külotlu çorap rafları hepsi sistemli olarak yerli yerinde düzenlenir."
B1-B2 Sık Çıkan Akademik Sıfatlar,systemic,"vücuda ait, sistemik, dizgesel",sıfat,B2,,The empirical results of the study were remarkably systemic.,Çalışmanın ampirik sonuçlarının son derece vücuda ait olduğu görüldü.
B1-B2 Sık Çıkan Akademik Sıfatlar,tedious,"sıkıcı, bıktırıcı, meşakkatli",sıfat,B2,,It was a tedious job.,Can sıkıcı bir işti.
B1-B2 Sık Çıkan Akademik Sıfatlar,teenage,"13 19 yaş arası, on üç ile on dokuz yaşlar arasındaki devreye ait, gençlere ait",sıfat,B2,,I have two teenage sons.,İki tane ergen oğlum var.
B1-B2 Sık Çıkan Akademik Sıfatlar,tentative,"deneme ve tecrübe nevinden, geçici/belirsiz, geçici girişim",sıfat,B2,,I have a tentative schedule.,Geçici bir programım var.
B1-B2 Sık Çıkan Akademik Sıfatlar,terrible,"berbat, korkunç, berbat kimse",sıfat,B2,,I did a terrible job.,Berbat bir iş yaptım.
C1 İleri Niteleme Sıfatları,territorial,"gönüllü asker, kara, belirli bir bölgeye ait",sıfat,C1,,The empirical results of the study were remarkably territorial.,Çalışmanın ampirik sonuçlarının son derece gönüllü asker olduğu görüldü.
B1-B2 Sık Çıkan Akademik Sıfatlar,that,"şu, o, oradaki",sıfat,B1,,I can't do that.,Onu yapamam.
B1-B2 Sık Çıkan Akademik Sıfatlar,these,"böyle bir miktarda, bunlar",sıfat,B1,,I don't want these.,Bunları istemiyorum.
B1-B2 Sık Çıkan Akademik Sıfatlar,thrive,"thrived/throve - thrived/thriven, serpilmek, gelişmek",sıfat,B1,"flourish, prosper, succeed",The empirical results of the study were remarkably thrive.,Çalışmanın ampirik sonuçlarının son derece thrived/throve - thrived/thriven olduğu görüldü.
B1-B2 Sık Çıkan Akademik Sıfatlar,thriving,"kuvvetli, büyüyen, mamur",sıfat,B2,,The empirical results of the study were remarkably thriving.,Çalışmanın ampirik sonuçlarının son derece kuvvetli olduğu görüldü.
B1-B2 Sık Çıkan Akademik Sıfatlar,tidy,"düzenli, derli toplu, temizlemek",sıfat,B1,,Tom's house is tidy.,Tom'un evi düzenli.
B1-B2 Sık Çıkan Akademik Sıfatlar,tiny,"mini mini, ufacık, minicik",sıfat,B1,,She got me a tiny toy.,"O, bana küçük bir oyuncak aldı."
B1-B2 Sık Çıkan Akademik Sıfatlar,tired,"argın, yorgun, yorgun düşmüş",sıfat,B1,"exhausted, weary, fatigued",I'm a bit tired.,Ben biraz yorgunum.
Akademik Zarflar (-ly / Derece),tirelessly,"yorgunluk nedir bilmeden, hiç yorulmaksızın, usanmadan",zarf,C1,,The empirical results of the study were remarkably tirelessly.,Çalışmanın ampirik sonuçlarının son derece yorgunluk nedir bilmeden olduğu görüldü.
B1-B2 Sık Çıkan Akademik Sıfatlar,tiring,"yorucu, eziyetli, yorulmuş",sıfat,B1,,It's a tiring job.,Bu yorucu bir iş.
B1-B2 Sık Çıkan Akademik Sıfatlar,topic,"konu, başlık, bahis",sıfat,B1,,Don't change the topic.,Konuyu değiştirme.
B1-B2 Sık Çıkan Akademik Sıfatlar,torn,"yırtık, kopuk, ayrılmış",sıfat,B1,,I had my thumbnail torn off.,Baş parmak tırnağımı kırdım.
B1-B2 Sık Çıkan Akademik Sıfatlar,total,"toplam, tutar, bulmak",sıfat,B1,,I'm a total wreck.,Ben tam bir enkazım.
Akademik Zarflar (-ly / Derece),totally,"bütünüyle, tamamen, tamamıyla",zarf,B2,,He's totally lost it.,O delirdi.
B1-B2 Sık Çıkan Akademik Sıfatlar,touching,"dokunaklı, acıklı, yanık",sıfat,B2,,I'm not touching it.,Ben ona dokunmuyorum.
B1-B2 Sık Çıkan Akademik Sıfatlar,tough,"zorlu, çetin, zor",sıfat,B1,,I had a tough day.,Zor bir gün geçirdim.
B1-B2 Sık Çıkan Akademik Sıfatlar,toxic,"zehirli, toksik, çok zararlı",sıfat,B1,,Lead is a toxic metal.,Kurşun toksik bir metaldir.
C1 İleri Niteleme Sıfatları,traditional,"geleneksel, ananevi, göreneksel",sıfat,C1,,Sing me a traditional song.,Bana geleneksel bir şarkı söyle.
C1 İleri Niteleme Sıfatları,transforming,"dönüştürücü, dönüşmekte olan, dönüşen",sıfat,C1,,The empirical results of the study were remarkably transforming.,Çalışmanın ampirik sonuçlarının son derece dönüştürücü olduğu görüldü.
C1 İleri Niteleme Sıfatları,transnational,"uluslaraşırı, transnasyonal, uluslararası",sıfat,C1,,The empirical results of the study were remarkably transnational.,Çalışmanın ampirik sonuçlarının son derece uluslaraşırı olduğu görüldü.
B1-B2 Sık Çıkan Akademik Sıfatlar,treated,"işlem görmüş, arıtılmış, davranılmış",sıfat,B2,,How are you being treated?,Nasıl tedavi ediliyorsun?
B1-B2 Sık Çıkan Akademik Sıfatlar,trial,"yargılama, duruşma, deneme",sıfat,B1,,When was Tom's trial?,Tom'un testi ne zamandı?
B1-B2 Sık Çıkan Akademik Sıfatlar,tried,"mücerrep, saf, sınanmış",sıfat,B1,,I tried to do it.,Bunu yapmaya çalıştım.
B1-B2 Sık Çıkan Akademik Sıfatlar,triggered,"tetiklenmiş, ateşlenmiş, tetikli",sıfat,B2,,Their small protest triggered a mass demonstration.,Onların küçük protestosu kitlesel bir gösteriyi tetikledi.
C1 İleri Niteleme Sıfatları,trustworthy,"güvenilir, harbi, sağlam",sıfat,C1,,I believe that he's trustworthy.,Onun güvenilir olduğuna inanıyorum.
B1-B2 Sık Çıkan Akademik Sıfatlar,trying,"deneme, zor, sıkıntılı",sıfat,B1,,I'm trying my best.,Elimden geleni yapıyorum.
B1-B2 Sık Çıkan Akademik Sıfatlar,ultra,"aşırı, uç görüşlü kimse, son derece",sıfat,B1,,The empirical results of the study were remarkably ultra.,Çalışmanın ampirik sonuçlarının son derece aşırı olduğu görüldü.
B1-B2 Sık Çıkan Akademik Sıfatlar,uncertain,"belirsiz, bilinmez, şüpheli",sıfat,B2,,It's uncertain if he'll come.,Onun gelip gelmeyeceği belirsiz.
B1-B2 Sık Çıkan Akademik Sıfatlar,unchanged,"değiştirilmemiş, değişmemiş, değiştirilemez",sıfat,B2,,The empirical results of the study were remarkably unchanged.,Çalışmanın ampirik sonuçlarının son derece değiştirilmemiş olduğu görüldü.
B1-B2 Sık Çıkan Akademik Sıfatlar,unclear,"belirsiz, zor anlaşılır, açık olmayan",sıfat,B2,,It's unclear what went wrong.,Neyin yanlış gittiği belirsiz.
C1 İleri Niteleme Sıfatları,undergoing,"süregelen, süren",sıfat,C1,,The website was undergoing maintenance.,Web sitesi bakım geçiriyor.
B1-B2 Sık Çıkan Akademik Sıfatlar,undesired,"istenmeyen, arzu edilmeyen, istenmedik",sıfat,B2,,The empirical results of the study were remarkably undesired.,Çalışmanın ampirik sonuçlarının son derece istenmeyen olduğu görüldü.
B1-B2 Sık Çıkan Akademik Sıfatlar,unequal,"eşitsiz, eşit olamayan, oransız",sıfat,B2,,The empirical results of the study were remarkably unequal.,Çalışmanın ampirik sonuçlarının son derece eşitsiz olduğu görüldü.
C1 İleri Niteleme Sıfatları,unexpected,"beklenmedik, beklenmeyen, ummadık",sıfat,C1,,It's just so unexpected.,Bu sadece çok beklenmedik.
C1 İleri Niteleme Sıfatları,unfavorable,"elverişsiz, olumsuz, ters",sıfat,C1,,The empirical results of the study were remarkably unfavorable.,Çalışmanın ampirik sonuçlarının son derece elverişsiz olduğu görüldü.
C1 İleri Niteleme Sıfatları,unfinished,"işlenmemiş, yarım kalmış, yarım",sıfat,C1,,We had some unfinished business.,Biraz bitmemiş işimiz vardı.
Akademik Zarflar (-ly / Derece),unfortunately,"maalesef, aksi gibi, ne yazık ki",zarf,C1,,"Unfortunately, it's a hoax.",Ne yazık ki bu bir aldatmaca.
B1-B2 Sık Çıkan Akademik Sıfatlar,unique,"emsalsiz, benzersiz, kendine mahsus",sıfat,B1,,We have a unique bond.,Benzersiz bir bağımız var.
B1-B2 Sık Çıkan Akademik Sıfatlar,unlike,"farklı, benzemez, birbirine benzemeyen",sıfat,B1,,That's so unlike you.,O sana çok benzemiyor.
Akademik Zarflar (-ly / Derece),unluckily,"şanssızlık eseri, aksi tesadüf, maalesef",zarf,B2,,The empirical results of the study were remarkably unluckily.,Çalışmanın ampirik sonuçlarının son derece şanssızlık eseri olduğu görüldü.
C1 İleri Niteleme Sıfatları,unparallel,"eğri, paralel olmayan",sıfat,C1,,The empirical results of the study were remarkably unparallel.,Çalışmanın ampirik sonuçlarının son derece eğri olduğu görüldü.
C1 İleri Niteleme Sıfatları,unprecedented,"eşi benzeri görülmemiş, eşi görülmemiş, yeni",sıfat,C1,,The price jump was unprecedented.,Fiyat sıçramasının eşi benzeri görülmemişti.
B1-B2 Sık Çıkan Akademik Sıfatlar,unsafe,"güvenli olmayan, emin olmayan, güvenilmez",sıfat,B1,,I don't feel unsafe.,Emniyetsiz hissetmiyorum.
C1 İleri Niteleme Sıfatları,unsuitable,"uygunsuz, olmayacak, uymaz",sıfat,C1,,"In my opinion, it's quite unsuitable.","Bence, o oldukça uygunsuz."
C1 İleri Niteleme Sıfatları,untreatable,"tedavisiz, tedavisi imkansız, tedavi edilemez",sıfat,C1,,The empirical results of the study were remarkably untreatable.,Çalışmanın ampirik sonuçlarının son derece tedavisiz olduğu görüldü.
B1-B2 Sık Çıkan Akademik Sıfatlar,unwanted,"istenilmeyen, istenmemiş, istenmeyen",sıfat,B2,,I keep receiving unwanted emails.,İstemediğim e-postaları almaya devam ediyorum.
B1-B2 Sık Çıkan Akademik Sıfatlar,updated,"günümüze en yakın tarihte hazırlanmış, yenilenmiş, güncellenen",sıfat,B2,,We'll keep you updated.,Sizi gelişmelerden haberdar edeceğiz.
B1-B2 Sık Çıkan Akademik Sıfatlar,upheaval,"yükselme, devrim, kabarma",sıfat,B2,,The empirical results of the study were remarkably upheaval.,Çalışmanın ampirik sonuçlarının son derece yükselme olduğu görüldü.
B1-B2 Sık Çıkan Akademik Sıfatlar,urban,"şehirsel, kentsel, şehir",sıfat,B1,,Isn't that just an urban legend?,Bu sadece bir şehir efsanesi değil mi?
B1-B2 Sık Çıkan Akademik Sıfatlar,useful,"faydalı, yararlı, kullanışlı",sıfat,B1,,I hope it's useful.,Umarım yararlıdır.
B1-B2 Sık Çıkan Akademik Sıfatlar,using,"kullanma, kullanan, kullanılan",sıfat,B1,,I'm using that cup.,Ben o fincanı kullanıyorum.
Akademik Zarflar (-ly / Derece),usually,"genellikle, çoğunlukla, çoğu zaman",zarf,B2,,I don't usually cry.,Genellikle ağlamam.
Akademik Zarflar (-ly / Derece),utterly,"tümüyle, tamamen, düpedüz",zarf,B2,,The report is utterly false.,Rapor tamamen yanlış.
B1-B2 Sık Çıkan Akademik Sıfatlar,vague,"şüpheli, kararsız, anlaşılmaz",sıfat,B1,,It's a vague story.,O belirsiz bir hikaye.
B1-B2 Sık Çıkan Akademik Sıfatlar,vanish,"ortadan kaybolmak, yitmek, kayıplara karışmak",sıfat,B1,,Tom's smile vanished instantly.,Tom'un gülümsemesi anında kayboldu.
B1-B2 Sık Çıkan Akademik Sıfatlar,variable,"değişken, uyuşmazlık, değişken şey",sıfat,B2,,Variable names in C are case sensitive.,C'deki değişken isimler büyük küçük harfe duyarlıdır.
B1-B2 Sık Çıkan Akademik Sıfatlar,various,"çeşitli, muhtelif, birkaç",sıfat,B2,,He's collecting various data.,O çeşitli veriler topluyor.
B1-B2 Sık Çıkan Akademik Sıfatlar,venomous,"haince, düşman, ağılı",sıfat,B2,,This snake isn't venomous.,Bu yılan zehirli değil.
B1-B2 Sık Çıkan Akademik Sıfatlar,very,"çok, hatta, bile",sıfat,B1,,I'm not very old.,Ben çok yaşlı değilim.
B1-B2 Sık Çıkan Akademik Sıfatlar,vital,"yaşamsal, çok önemli, hayati",sıfat,B1,,Exercise is vital for a dog.,"Egzersiz, bir köpek için hayatidir."
B1-B2 Sık Çıkan Akademik Sıfatlar,wanted,"lazım, gerekli, aranılan",sıfat,B1,,I wanted to do it.,Onu yapmak istedim.
B1-B2 Sık Çıkan Akademik Sıfatlar,wealthy,"varlıklı, zengin, servet sahibi",sıfat,B2,,I'm a wealthy man.,Ben zengin bir adamım.
B1-B2 Sık Çıkan Akademik Sıfatlar,wet,"ıslatmak, ıslak, yaş",sıfat,B1,,I'm cold and wet.,Ben üşüdüm ve ıslağım.
B1-B2 Sık Çıkan Akademik Sıfatlar,whole,"tam, bütün, tüm",sıfat,B1,,I saw the whole thing.,Bütün şeyi gördüm.
B1-B2 Sık Çıkan Akademik Sıfatlar,wide,"geniş, bol, engin",sıfat,B1,,Now I'm wide awake.,Şimdi tamamen uyanığım.
C1 İleri Niteleme Sıfatları,widespread,"yaygın, alabildiğine açılmış, geniş alana yayılmış",sıfat,C1,,The decision caused widespread anger.,Karar yaygın öfkeye neden oldu.
B1-B2 Sık Çıkan Akademik Sıfatlar,wild,"yaban, vahşi, yabani",sıfat,B1,,I'm not that wild.,O kadar vahşi değilim.
B1-B2 Sık Çıkan Akademik Sıfatlar,windy,"rüzgarlı, hızlı, lafı uzatan",sıfat,B1,,It's a windy day.,Rüzgarlı bir gün.
Akademik Zarflar (-ly / Derece),wisely,"akıllıca, bilgece",zarf,B1,,You must act more wisely.,Daha akıllıca hareket etmelisin.
B1-B2 Sık Çıkan Akademik Sıfatlar,witnessed,"meşhut, şahit olunmuş",sıfat,B2,,She witnessed him being killed.,"O, onun öldürülüşüne tanıklık etti."
B1-B2 Sık Çıkan Akademik Sıfatlar,worldwide,"dünya çapındaki, dünyadaki her ulusu kapsayan, yaygın",sıfat,B2,,It's a worldwide problem.,Dünya çapında bir sorun.
B1-B2 Sık Çıkan Akademik Sıfatlar,worried,"endişeli, kaygılı, endişelenmiş",sıfat,B2,,I'm a bit worried.,Biraz endişeliyim.
B1-B2 Sık Çıkan Akademik Sıfatlar,worrying,"endişe verici, üzücü, rahatsız edici",sıfat,B2,,I do a lot of worrying.,Bir sürü üzücü şey yaptım.
B1-B2 Sık Çıkan Akademik Sıfatlar,worthy,"önemli kimse, ileri gelenlerden biri, saygın kişi",sıfat,B1,,He's not worthy of you.,O sana layık değil.
B1-B2 Sık Çıkan Akademik Sıfatlar,wounded,"yaralı, yaralanmış, mecruh",sıfat,B2,,He was wounded in the war.,"O, savaşta yaralandı."
B1-B2 Sık Çıkan Akademik Sıfatlar,xx,yirminci,sıfat,B1,,The empirical results of the study were remarkably xx.,Çalışmanın ampirik sonuçlarının son derece yirminci olduğu görüldü.
B1-B2 Sık Çıkan Akademik Sıfatlar,young,"genç, hayvan yavrusu, döl",sıfat,B1,,He can't be young.,"O, genç olamaz."
B1-B2 Sık Çıkan Akademik Sıfatlar,youthful,"dinç, genç bir havaya sahip, genç",sıfat,B2,,The empirical results of the study were remarkably youthful.,Çalışmanın ampirik sonuçlarının son derece dinç olduğu görüldü.
