Kelime,Türkçe Anlamı,Tür,Seviye,Eş Anlamlılar,Örnek Cümle (İngilizce),Örnek Cümle (Türkçe)
a,"belirli bir tür veya nitelikteki, en yüksek not, ingiliz alfabesinin birinci harfi",isim,B1,,I'm a DJ.,Ben bir DJ'im.
ability,"hüner, kabiliyet, yetenek",isim,B2,,Tom has psychic ability.,Tom'un psişik yeteneği var.
abuse,"suistimal etmek, kötüye kullanmak, suistimal",isim,B1,,Child abuse is a crime.,Çocuk istismarı suçtur.
access,"erişim, erişme, giriş",isim,B1,,Bicycle access is limited.,Bisiklet girişi sınırlı.
accessibility,"ulaşılırlık, giriş imkanı, kolaylıkla görüşülebilir olma",isim,C1,,The goal is accessibility.,Amaç erişilebilirliktir.
accommodation,"konaklama, kalacak yer, konfor",isim,C1,,We need accommodation for six.,Altı kişi için kalacak yere ihtiyacımız var.
accomplishment,"başarma, becerme, başarılan iş",isim,C1,,It's a great accomplishment.,Bu büyük bir başarı.
according,"uyma, binaenaleyh, uyarak",isim,B2,,It all went according to plan.,Onun hepsi plana göre gitti.
account,"hesap, açıklamasını yapmak, avlamak",isim,B2,,Put it on my account.,Bunu benim hesabıma yatır.
achievement,"başarı, eser, edinim",isim,C1,,It's a big achievement.,O büyük bir başarı.
act,"davranmak, hareket etmek, eylem",isim,B1,,Act like a dog.,Bir köpek gibi davranın.
action,"çalışma, davranış, aksiyon",isim,B1,,We need more action.,Daha fazla eyleme ihtiyacımız var.
activists,"siyasal eylemciler, hayvan hakları savunucuları",isim,B2,,The activists deny the accusations.,Eylemciler suçlamaları reddediyor.
activities,"icraat, aktiviteler, etkinlikler",isim,C1,,Children like outdoor activities.,Çocuklar açık hava aktivitelerinden hoşlanır.
activity,"etkinlik, faaliyet, meşguliyet",isim,B2,,This is a fun activity.,"Bu, eğlenceli bir aktivite."
adding,"ekleme, cemi, izafe",isim,B1,,I'm adding the last touch.,Son rötuşları yapıyorum.
addition,"ek, ilave, toplama",isim,B2,,Do you need anything in addition?,Buna ek olarak bir şeye ihtiyacın var mı?
addressing,"retorik, sesleniş, hitabet",isim,C1,,Who am I addressing?,Kiminle müşerref oluyorum?
admin,"yönetici, idare, yönetim",isim,B1,,The study highlighted the profound impact of admin.,Çalışma yönetici kavramının derin etkisini vurguladı.
administer,"yönetmek, idare etmek, tatbik etmek",isim,C1,,He administered his friend's affairs.,"O, arkadaşlarının işlerini idare etti."
administration,"yönetim, idare, yerine getirme",isim,C1,,Give the administration a chance.,Yönetime bir şans ver.
adolescence,"ergenlik çağı, ergenlik, büyüme çağı",isim,C1,,The study highlighted the profound impact of adolescence.,Çalışma ergenlik çağı kavramının derin etkisini vurguladı.
adult's,"yetişkin, yetişkin gözetiminde bulunmak, yetişkin gözetiminde olmak",isim,B2,,The study highlighted the profound impact of adult's.,Çalışma yetişkin kavramının derin etkisini vurguladı.
adulthood,"erişkinlik dönemi, erginlik, yetişkinlik",isim,B2,,The study highlighted the profound impact of adulthood.,Çalışma erişkinlik dönemi kavramının derin etkisini vurguladı.
advance,"terfi ettirmek, avans vermek, geliştirmek",isim,B2,,I paid in advance.,Peşin ödedim.
advancement,"ilerleme, yükselme, gelişme",isim,C1,,Does this job offer opportunities for advancement?,"Bu iş, ilerleme için fırsatlar sunuyor mu?"
advancements,teknolojik gelişmeler,isim,C1,,The study highlighted the profound impact of advancements.,Çalışma teknolojik gelişmeler kavramının derin etkisini vurguladı.
advances,"avanslar, arkadaşlık teklifleri, göze girmek için yapılan öneriler",isim,B2,,Recent advances in medicine are remarkable.,Tıptaki son gelişmeler dikkat çekiyor.
advice,"nasihat, tavsiye, öğüt",isim,B1,,Get Tom's advice.,Tom'un tavsiyesini alın.
africa,afrika,isim,B1,,Africa is a continent.,Afrika bir kıtadır.
age,"yaş, çağ, devir",isim,B1,,He's my age.,O benim yaşımda.
ages,"uzun süre, uzun zaman, asırlar",isim,B1,,It's been ages.,Uzun süre oldu.
aid,"yardım etmek, yardım, yardımcı olmak",isim,B1,,I need first aid.,İlk yardıma ihtiyacım var.
aim,"amaçlamak, hedeflemek, nişan almak",isim,B1,,That's my aim.,O benim amacım.
air,"havalandırmak, yayına girmek, hava",isim,B1,,I need some air.,Biraz havaya ihtiyacım var.
airbus,"uçak, kısa mesafelerde çok sayıda yolcu taşımak üzere tasarlanmış uçak, jet yolcu uçağı",isim,B1,,The study highlighted the profound impact of airbus.,Çalışma uçak kavramının derin etkisini vurguladı.
aircraft,"uçak, uçaklar, hava taşıtı",isim,B2,,One of the aircraft's engines cut out.,Uçağın motorlarından biri durdu.
airline,"hava yolu, havayolu, düz hat",isim,B2,,Which airline do you work for?,Hangi hava yolu için çalışıyorsun?
airplane,"uçak, tayyare, teyyare",isim,B2,,I saw an airplane.,Bir uçak gördüm.
airplanes,uçaklar,isim,B2,,We have three airplanes.,Bizim üç uçağımız var.
airport,"havalimanı, havaalanı, hava limanı",isim,B2,,I'm at the airport.,Havaalanındayım.
alcohol,"alkol, ispirto, içki",isim,B2,,Alcohol is a drug.,Alkol bir uyuşturucudur.
alter,"değiştirmek, değişiklik yapmak, hadım etmek",isim,B1,,We must alter our plan.,Planımızı değiştirmeliyiz.
alteration,"değişiklik, değişim, değiştirme",isim,C1,,The study highlighted the profound impact of alteration.,Çalışma değişiklik kavramının derin etkisini vurguladı.
alternatives,"çareler, seçenekler, seçilebilecek yollar",isim,C1,,We have no alternatives.,Bizim hiçbir alternatifimiz yok.
amb,"amb, büyükelçi, ambulans",isim,B1,,The study highlighted the profound impact of amb.,Çalışma amb kavramının derin etkisini vurguladı.
american,"amerikan, amerikalı, amerika",isim,B2,,He is an American.,O bir Amerikalı.
amount,"miktar, tutar, meblağ",isim,B1,,It's a large amount.,O büyük bir miktar.
amusement,"eğlendiren oyun veya uğraş, oyalanma, eğlenme",isim,B2,,Tom went to an amusement park.,Tom bir eğlence parkına gitti.
an,"bir, hollanda antilleri, anabatik rüzgar",isim,B1,,I got an A.,Bir A aldım.
analysis,"çözümleme, analiz, tahlil",isim,B2,,I want your analysis.,Analizini istiyorum.
analyst,"çözümlemeci, analist, araştırmacı",isim,B2,"researcher, scientist, examiner",Tom is a data analyst.,Tom bir veri analistidir.
anomalies,"anormallikler, aykırılıklar, kural dışı durumlar",isim,B2,,The study highlighted the profound impact of anomalies.,Çalışma anormallikler kavramının derin etkisini vurguladı.
answer,"yanıt vermek, cevaplamak, cevap vermek",isim,B1,,I got no answer.,Hiçbir cevap almadım.
antibodies,antikorlar,isim,C1,,Antibodies fight off infections and viruses.,Antikorlar enfeksiyonları ve virüsleri defeder.
anxiety,"endişe, kaygı, tasa",isim,B2,,Tom had an anxiety attack.,Tom bir endişe nöbeti yaşadı.
appearance,"dış görünüş, görünüm, görünüş",isim,C1,,His appearance deceived me.,Görünüşüne aldandım.
appliance,"cihaz, gereç, aygıt",isim,B2,,I'm appliance shopping.,Cihaz alışverişi yapıyorum.
application,"tatbik, uygulama, başvuru",isim,C1,,Fill out the application.,Başvuru formunu doldurun.
applications,uygulamalar,isim,C1,,Applications are due by Monday.,Başvurular için süre sonu pazartesi.
applying,uygulanıyor,isim,B2,,I'm applying for a job.,Bir iş başvurusu yapıyorum.
approach,"yanaşmak, yaklaşmak, yaklaşım",isim,B2,,That's our approach.,Bu bizim yaklaşımımız.
apps,"apps denetimi, istemci uygulamaları",isim,B1,,I have dozens of apps on my phone that I seldom use.,"Telefonumda, nadiren kullandığım düzinelerce uygulamam var."
architect,"mimar, yapmak, planlamak",isim,B2,,Tom is an architect.,Tom bir mimar.
architects,mimarlar,isim,C1,,The study highlighted the profound impact of architects.,Çalışma mimarlar kavramının derin etkisini vurguladı.
are,"ar, 100 metrekare'ye eşit alan ölçüsü birimi, yüz metrekare, ar",isim,B1,,Are you a cop?,Sen bir polis misin?
areas,"alanları doldurmak, koruma alanları, sağlık hizmetleri alanı",isim,B1,,Large areas were deforested.,Geniş alanlar ormansızlaştı.
argument,"argüman, tartışma, sav",isim,B2,,I won the argument.,Tartışmayı kazandım.
aries,"koç, koç burcu, balık ve boğa takımyıldızları arasında yer alan koç takımyıldızı",isim,B1,,I'm an Aries.,Koç burcuyum.
arms,"koyun, kucak, silahlar",isim,B1,,Tom's arms ached.,Tom'un kolları ağrıyordu.
arteries,arterler,isim,B2,,Tom has clogged arteries.,Tom atardamarları tıkadı.
artist,"artist, sanatkar, sanatçı",isim,B1,,I'm an artist.,Ben bir sanatçıyım.
artists,sanatçılar,isim,B2,,They're both artists.,Onların ikisi de sanatçı.
aside,"bertaraf, ayrı, bir kenara",isim,B1,,I took him aside.,Onu bir kenara aldım.
aspect,"hal, taraf, yön",isim,B1,,I love every aspect of the game.,Oyunun her yönünü seviyorum.
assessing,"değerleme, değerlendirme",isim,B2,,We're now assessing the situation.,Biz şimdi durumu değerlendiriyoruz.
assist,"yardım etmek, asistanlık yapmak, asiste etmek",isim,B1,,I'll assist Tom.,Tom'a yardım sağlayacağım.
assortment,"karışım, ayırma, çeşitlilik",isim,C1,,The study highlighted the profound impact of assortment.,Çalışma karışım kavramının derin etkisini vurguladı.
astronomers,astronomlar,isim,C1,,Ancient astronomers noticed constellations and gave them names.,Eski astronomlar takımyıldızları fark ettiler ve onlara isimler verdiler.
astrophysics,"gökfiziği, astrofizik, gök fiziği",isim,C1,,The study highlighted the profound impact of astrophysics.,Çalışma gökfiziği kavramının derin etkisini vurguladı.
athletes,"atletler, sporcular",isim,B2,,Some athletes sweat more than others.,Bazı sporcular diğerlerinden daha fazla terler.
atmosphere,"atmosfer, havayuvarı, gazyuvarı",isim,C1,,The moon has no atmosphere.,Ay'ın atmosferi yoktur.
attempting,"girişimde bulunma, yeltenme, kalkışma",isim,C1,,I'm attempting to win here.,Burada kazanmaya çalışıyorum.
attempts,"bir çok girişim, çok sayıda girişim, çevirme denemeleri",isim,B2,,All our attempts failed.,Tüm girişimlerimiz başarısız oldu.
attention,"özen, ilgilenme, ilgi",isim,B2,,Get Tom's attention.,Tom'un dikkatini çek.
attitude,"tutum, tavır, duruş",isim,B2,,I like his attitude.,Onun davranışını seviyorum.
attitudes,"tutumlar, bir eşya, mal veya fikre karşı uzun süreli duygu, düşünce ve tepki",isim,B2,,Attitudes sure have changed.,Davranışlar kesinlikle değişti.
audience,"izleyiciler veya dinleyiciler topluluğu, seyirci, izleyici",isim,B2,,We have an audience.,Bizim bir kitlemiz var.
audiences,seyirciler,isim,B2,,Tom really does detest giving speeches in front of large audiences.,Tom geniş kitlenin önünde konuşma yapmaktan hoşlanmaz.
author,"yazar, yazmak, yazarı olmak",isim,B1,,He's an author.,O bir yazar.
authorities,"yetkililer, makam ve merci, resmi merciler",isim,C1,,Tom alerted the authorities.,Tom yetkilileri uyardı.
authority,"yetki, otorite, bilirkişi",isim,B2,,Tom has no authority.,Tom'un hiçbir yetkisi yok.
authors,yazarlar,isim,B2,,He is one of Spain's most famous authors.,"O, İspanya'nın en ünlü yazarlarından biridir."
automobile,"otomobil, otomobilde seyahat etmek, araba",isim,C1,,An automobile ran over him.,Bir otomobil onu ezdi.
average,"ortalama, ortalamasını bulmak, belirli bir miktar tüketmek",isim,B2,,My marks were average.,Notlarım ortalamaydı.
awareness,"farkındalık, bilinçlenme, farkında olma",isim,B2,knowledge,Developing political awareness takes time.,Siyasi farkındalık edinmek zaman alır.
ax,"balta, kovmak, azaltmak",isim,B1,,I got the ax.,Baltayı aldım.
axe,"balta, kısmak, azaltmak",isim,B1,,She always has some axe to grind.,Onun her zaman bir şikâyeti vardır.
background,"arka plan, fon, ardyöre",isim,C1,,I'll stay in the background.,Ben arka planda kalacağım.
backgrounds,"şeffaf zemin, web arka planları",isim,C1,,I want to meet people from all types of backgrounds.,Her türlü kökenden insanlarla tanışmak istiyorum.
balance,"dengede tutmak, dengelemek, bakiye",isim,B2,,He lost his balance.,O dengesini kaybetti.
banks,"bankalar, alabama eyaletinde şehir",isim,B1,,I don't trust banks.,Bankalara güvenmiyorum.
barrage,"yoğun yaylım ateşi, yaylım ateşi, baraj",isim,B2,,The study highlighted the profound impact of barrage.,Çalışma yoğun yaylım ateşi kavramının derin etkisini vurguladı.
barrier,"set, bariyer, aperitif",isim,B2,,High tariffs have become a barrier to international trade.,Yüksek tarifeler uluslararası ticaret için bir engel haline gelmiştir.
barriers,"engeller, radyasyon emen bariyerler",isim,B2,,We must work hard to break down social barriers.,Bizim sosyal engelleri yıkmak için çok çalışmamız gerekmektedir.
barter,"takas, takas yapmak, değiş tokuş etmek",isim,B1,,The study highlighted the profound impact of barter.,Çalışma takas kavramının derin etkisini vurguladı.
base,"dayandırmak, üs, baz",isim,B1,,I stole a base.,Bir kale kaptım.
battle,"savaş, muharebe, dövüşmek",isim,B1,,We won the battle.,Biz savaşı kazandık.
bears,"bu söylediğimi doğruluyor, tekrar söylemeye değer, tekrar söylemekte fayda var",isim,B1,,I am afraid of bears.,Ayılardan korkarım.
becomes,"boynuz kulağı geçer, ava giden avlanır, boynuz kulağı geçermiş",isim,B2,,That hat becomes you.,Bu şapka üzerinde iyi durdu.
behavior,"davranış, hareket tarzı, tutum",isim,B2,,Tom's behavior was bad.,Tom'un davranışı kötüydü.
behaviors,davranışlar,isim,B2,,The study highlighted the profound impact of behaviors.,Çalışma davranışlar kavramının derin etkisini vurguladı.
being,"yapı, vücut, tanrı",isim,B1,,I'm being sued.,Dava ediliyorum.
belonging,"eşya, aidiyet, ait olma",isim,B2,,He lost all his belongings.,"O, bütün eşyalarını kaybetti."
belongings,"ayniyat, özel eşya, kişisel eşyalar",isim,C1,,He lost all his belongings.,"O, bütün eşyalarını kaybetti."
benefit,"yararlanmak, menfaat, çıkar",isim,B2,,This is for your benefit.,Bu senin menfaatin için.
benefiting,"asılanma, yararlanma",isim,C1,,The study highlighted the profound impact of benefiting.,Çalışma asılanma kavramının derin etkisini vurguladı.
better,"daha iyi, iyileştirmek, ıslah etmek",isim,B1,,I'd better go.,Gitsem iyi olur.
bias,"önyargı, aklını çelmek, bir tarafa etki etmek",isim,B1,,Cut the cloth on the bias.,Kumaşı diyagonal kesin.
bigger,"daha büyük, büyük",isim,B1,,That hat is bigger.,O şapka daha büyük.
bike,"bisiklete binmek, bisiklet, bisiklet sürmek",isim,B1,,I have a bike.,Bir bisikletim var.
billion,"milyar, bilyon",isim,B2,,A billion adults are illiterate.,Bir milyar yetişkin okuma yazma bilmemektedir.
biologists,"dirimbilimci, yaşambilimci, biyolog",isim,C1,,Biologists released some turtles into the sea.,Biyologlar bazı kaplumbağaları denize bıraktılar.
blamelessness,"suçsuzluk, kusursuzluk, masumluk",isim,C1,,The study highlighted the profound impact of blamelessness.,Çalışma suçsuzluk kavramının derin etkisini vurguladı.
blood,"kan, akrabalık, asalet",isim,B1,,It's not blood.,Bu kan değil.
boats,"köprüleri atmak, kayıklar ve kayıkçılık, bir ulusun refahı herkese yarar sağlar",isim,B1,,We have two boats.,İki teknemiz var.
books,"kitaplar, kayıtlar",isim,B1,,I have few books.,Birkaç kitabım var.
border,"hudut, kenarlık, kenar",isim,B1,,The border is closed.,Sınır kapalıdır.
bore,"bunaltmak, delmek, sıkmak",isim,B1,,Don't be a bore.,Sıkma insanı.
boring,"bıktırıcı, bıktıran, sıkıcı",isim,B1,,It's so boring.,Çok sıkıcı.
bounce,"sektirmek, zıplamak, sekmek",isim,B1,,You'll bounce back.,Sen iyileşeceksin.
boundary,"sınır, had, hudut",isim,B2,,There is a fence marking the boundary between our yard and the neighbor's.,Bizim ve komşunun avlusu arasındaki sınırı işaretlemek için bir çit vardır.
bowl,"tas, çanak, kase",isim,B1,,Tom likes to bowl.,Tom bovling oynamayı sever.
brain,"beyin, kafasına ağır bir darbe indirmek, kafa yarmak",isim,B1,,My brain is full.,Beynim dolu.
branch,"dallanmak, şube, dal",isim,B1,,Tom is branch manager.,Tom şube müdürü.
breakthrough,"ilerleme, atılım, buluş",isim,C1,,This is a real breakthrough.,Bu gerçek bir atılım.
breast,"meme, göğüs, göğüs germek",isim,B1,,Breast cancer is a disease.,Meme kanseri bir hastalıktır.
bridge,"köprü, köprü kurmak, köprü yapmak",isim,B1,,Is the bridge safe?,Köprü güvenli mi?
bridges,köprüler,isim,B2,,I'm burning my bridges.,Köprüleri yakıyorum.
bringing,"getirmek, getiri, getiren",isim,B2,,I'm bringing wine.,Ben şarap getiriyorum.
buddy,"ahbap, kanka, kafadar",isim,B1,,Tom is my buddy.,Tom benim arkadaşım.
building,"inşaat, bina, yapma",isim,B2,,I own this building.,Bu bina bana ait.
buildings,"site, inşaat, yapılar",isim,B2,,Both buildings burned down.,Her iki bina da yandı.
businesses,"aile işletmeleri, emlak işleri, işlerin çoğunun fiziksel temsilciler vasıtası ile fiziksel ürünler satarak gerçekleştirildiği eski ve geleneksel ticaret yöntemi",isim,C1,,Many businesses closed down.,Çok sayıda işletme kapandı.
cabin,"kabin, tahdit etmek, küçük bir yere kapamak",isim,B1,,Is this our cabin?,Bu bizim kabin mi?
cake,"kek, pasta, katılaşmak",isim,B1,,I want a cake.,Bir pasta istiyorum.
cal,"kilokalori, kalsiyum hidroksit, cal",isim,B1,,The study highlighted the profound impact of cal.,Çalışma kilokalori kavramının derin etkisini vurguladı.
cameras,kameralar,isim,B2,,I have two cameras.,İki kameram var.
can,"olabilmek, kovmak, konservelemek",isim,B1,,I can't go.,Ben gidemiyorum.
cancer,"kanser, yengeç burcu, kötü şey",isim,B1,,I'm a Cancer.,Yengeç burcuyum.
cap,"başlık, kapak, kep",isim,B1,,Put on your cap.,Şapkanı giy.
capabilities,yetenekler,isim,C1,,The study highlighted the profound impact of capabilities.,Çalışma yetenekler kavramının derin etkisini vurguladı.
capability,"kabiliyet, iktidar, yararlılık",isim,C1,,The study highlighted the profound impact of capability.,Çalışma kabiliyet kavramının derin etkisini vurguladı.
capacity,"kapasite, iktidar, yeterlik",isim,B2,,The bus was filled to capacity.,Otobüs tam kapasite doluydu.
capillaries,kılcal damarlar,isim,C1,,The study highlighted the profound impact of capillaries.,Çalışma kılcal damarlar kavramının derin etkisini vurguladı.
capillary,"ince boru, kılcal damar, kılla ilgili",isim,B2,,The study highlighted the profound impact of capillary.,Çalışma ince boru kavramının derin etkisini vurguladı.
carbs,karbonhidrat,isim,B1,,The study highlighted the profound impact of carbs.,Çalışma karbonhidrat kavramının derin etkisini vurguladı.
care,"önem vermek, aldırmak, umursamak",isim,B1,,I don't care.,Umurumda değil.
carrying,"taşıma, nakliye, taşımacılık",isim,B2,,I'm carrying plates.,Tabak taşıyorum.
cars,arabalar,isim,B1,,I have two cars.,İki arabam var.
case,"dava, kasa, kılıf",isim,B1,,This is the case.,Durum budur.
cases,"davalar, vakalar, vukuat",isim,B1,,What's in those cases?,Şu kutularda ne var?
cat's,"kedi, tehlikeli işi üzerine almak, sırıtmak",isim,B1,,The study highlighted the profound impact of cat's.,Çalışma kedi kavramının derin etkisini vurguladı.
cause,"sebebiyet vermek, sebep olmak, yol açmak",isim,B1,,What's the cause?,Neden nedir?
cavity,"çukur, delik, kavite",isim,B1,,I have a cavity.,Bir diş çukurum var.
center,"ortalamak, merkez, ortaya yerleştirmek",isim,B1,,He works in a call center.,O bir çağrı merkezinde çalışır.
centuries,yüzyıllar,isim,B2,,This cathedral was built more than four centuries ago.,"Bu katedral, dört yüzyıldan fazla süre önce inşa edilmiş."
century,"asır, yüzyıl, 100'ün üzerindeki skor/sayı/100'lük seri",isim,B2,,I'm over a half century old.,Yarım asrı geçtim.
ch,"isviçre:ch, ch-4 yağ sınıfı, reform kilisesi",isim,B1,,The study highlighted the profound impact of ch.,Çalışma isviçre:ch kavramının derin etkisini vurguladı.
challenges,zorluklar,isim,C1,,We face many challenges.,Biz birçok zorluklarla karşı karşıyayız.
chance,"olanak, ihtimal, şans",isim,B1,,I'll chance it.,Bunu göze alacağım.
change,"değişmek, değiştirmek, değişiklik",isim,B1,,I'll change it.,Onu değiştireceğim.
characterization,"niteleme, nitelendirme, nitelendirilme",isim,C1,,The study highlighted the profound impact of characterization.,Çalışma niteleme kavramının derin etkisini vurguladı.
charge,"yüklemek, suçlamak, şarj etmek",isim,B1,,I'm in charge.,Sorumluyum.
charm,"albeni, cazibe, çekicilik",isim,B1,,It worked like a charm.,Çok işe yaradı.
cheer,"neşelendirmek, neşe, şenlendirmek",isim,B1,,It'll cheer you up.,Seni neşelendirecek.
chefs,"herkes patron, herkes patron kesilmiş, bir işe elli kişi karışırsa …",isim,B1,,The study highlighted the profound impact of chefs.,Çalışma herkes patron kavramının derin etkisini vurguladı.
chemist,"kimyacı, eczacı, kimyager",isim,B2,,The study highlighted the profound impact of chemist.,Çalışma kimyacı kavramının derin etkisini vurguladı.
chemists,kimyagerler,isim,B2,,The study highlighted the profound impact of chemists.,Çalışma kimyagerler kavramının derin etkisini vurguladı.
childhood,"çocukluk, çocukluk dönemi, küçüklük",isim,B2,,His childhood was harsh.,Onun çocukluğu zordu.
chip,"havalandırmak, takılmak, kırılmak",isim,B1,,How did you chip your tooth?,Dişinizi nasıl çektiniz?
circle,"halka, daire, çember",isim,B1,,Draw a small circle.,Küçük bir daire çizin.
circumference,"daire çevresi, dairenin etrafını dolaşan çizgi, dairenin çevresi",isim,C1,,The study highlighted the profound impact of circumference.,Çalışma daire çevresi kavramının derin etkisini vurguladı.
cities,şehirler,isim,B1,,I like big cities.,Büyük şehirleri severim.
cl,"uluslararası sınıflama, şili:cl, cl yükü",isim,B1,,You can't cling to the past.,Geçmişe sadık kalamazsın.
clarification,"açıklık kazanma, açıklığa kavuşma, açıklığa kavuşturma",isim,C1,,I just want clarification.,Ben sadece açıklama istiyorum.
class,"ders, sınıf, saymak",isim,B1,,Let's cut class.,Dersi asalım.
classification,"sınıflandırma, klasman, adlandırma",isim,C1,,The study highlighted the profound impact of classification.,Çalışma sınıflandırma kavramının derin etkisini vurguladı.
classroom,"sınıf, dershane, derslik",isim,B2,,It isn't a classroom.,O bir sınıf değil.
clearer,daha net,isim,B2,,It's never been clearer.,Daha net olmamıştı.
client,"müvekkil, müşteri, hasta",isim,B1,,I'm a client.,Ben bir müşteriyim.
clients,"hizmetten yararlananlar, müşteriler",isim,B2,,I'm losing clients.,Müşterileri kaybediyorum.
climbing,"tırmanış, dağcılık, tırmanma",isim,B2,,I went rock climbing.,Kaya tırmanışına gittim.
clouds,bulutlar,isim,B1,,Look at those clouds.,Şu bulutlara bakın.
clue,"ipucu, aydınlatmak, bilgi vermek",isim,B1,,I had no clue.,Hiçbir ipucum yoktu.
clues,ipuçları,isim,B1,,Did you find any clues?,Herhangi bir ipucu buldun mu?
co,"birlikte, ko, vietnam’da yaşayan etnik bir grup",isim,B1,,Tom injured a co-worker.,Tom bir iş arkadaşını yaraladı.
coast,"sahil, kıyı, deniz kıyısı",isim,B1,,Is the coast clear?,Sahil açık mı?
coaster,"tahta peynirlik, kabotaj yapan gemi, kıyı boyunca işleyen ticari gemi",isim,B2,,Tom rode the roller coaster.,Tom lunapark hız trenine bindi.
coating,"kaplama, kaplanma, paltoluk kumaş",isim,B2,,The study highlighted the profound impact of coating.,Çalışma kaplama kavramının derin etkisini vurguladı.
color,"boya, renk, renk katmak",isim,B1,,I'm color blind.,Ben renk körüyüm.
comedian's,"komedi yazarı, komedyen, güldürücü",isim,C1,,The study highlighted the profound impact of comedian's.,Çalışma komedi yazarı kavramının derin etkisini vurguladı.
comfort,"rahatlık, konfor, rahat",isim,B2,,I can comfort her.,Onu teselli edebilirim.
comm,açıklama,isim,B1,,The study highlighted the profound impact of comm.,Çalışma açıklama kavramının derin etkisini vurguladı.
command,"emretmek, buyurmak, kumanda",isim,B2,,I was in command.,Ben amirdim.
commence,"başlatmak, başlamak, dava açmak",isim,B2,,The study highlighted the profound impact of commence.,Çalışma başlatmak kavramının derin etkisini vurguladı.
communication,"iletişim, temas, mesaj",isim,C1,,Communication is the key.,İletişim anahtardır.
communities,"topluluklar, toplumlar",isim,C1,,Asian communities tend to be quite closed.,Asya toplulukları oldukça kapalı olma eğilimindedir.
community,"halk, camia, topluluk",isim,B2,,Is this community safe?,Bu topluluk güvenli mi?
company,"bölük, şirket, firma",isim,B2,,I've got company.,Benim şirketim var.
comparing,"kıyaslama, karşılaştırma, kıyas",isim,B2,,Stop comparing Tom with Mary.,Tom'u Mary ile karşılaştırmayı bırak
competence,"yeterlik, kabiliyet, yeterlilik",isim,C1,,I'm not questioning your competence.,Ben senin yeterliliğini sorgulamıyorum.
complement,"tamamlamak, tümlemek, mürettebat",isim,C1,,We complement each other.,Biz birbirimizi tamamlarız.
complex,"karışık, blok, bileşik şey",isim,B2,,How complex is it?,Ne kadar karmaşık?
compliment,"kompliman, iltifat, övgü",isim,C1,,It's a compliment.,Bu bir iltifat.
compliments,"selamlar, saygılar, tebrikler",isim,C1,,I got a lot of compliments on it.,Onun üzerine birçok övgü aldım.
component,"bileşen, parça, cüz",isim,B2,,Electronic components can be cleaned using pure isopropyl alcohol.,Elektronik bileşenler saf izopropil alkol kullanarak temizlenebilir.
composer,"yazar, bestekar, yaratıcı",isim,B2,,He is a famous composer.,O ünlü bir bestecidir.
computing,"hesaplama, hesaplayan, programlama",isim,B2,,Boys are more interested in engineering and computing than girls.,Mühendislik ve bilgisayar alanında erkekler kızlara göre daha ilgili.
concern,"ilgilendirmek, kaygı, endişe",isim,B2,,Is that a concern?,O bir endişe mi?
conclusion,"sonuç, bitim, ceza",isim,C1,,What's your conclusion?,Senin sonucun nedir?
conclusions,"sonuçlar bildirgesi, sonuçlar",isim,C1,,Don't jump to conclusions.,Sonuçlara atlamayın.
condition,"şartlandırmak, hal, koşul",isim,B2,,There's a condition.,Bir durum var.
conditions,"koşullar, şartlar, ahval",isim,C1,,What are the conditions?,Şartlar nelerdir?
conf,conf,isim,B1,,The study highlighted the profound impact of conf.,Çalışma conf kavramının derin etkisini vurguladı.
confidence,"güven, mahremiyet, itimat",isim,C1,,Don't lose confidence.,Güveni kaybetme.
connection,"bağ, bağlantı, alaka",isim,C1,,Is there a connection?,Bir bağlantı var mı?
connectivity,"bağlanırlık, bağlantısallık, bağlanabilirlik",isim,C1,,The study highlighted the profound impact of connectivity.,Çalışma bağlanırlık kavramının derin etkisini vurguladı.
conquer,"fethetmek, ele geçirmek, zaptetmek",isim,B2,,You must conquer your fear of the dark.,Karanlık korkunuzu yenmelisiniz.
consequence,"netice, sonuç, semere",isim,C1,,It's of no consequence.,Bu önemsiz.
consider,"durumu değerlendirmek, dikkate almak, göz önünde bulundurmak",isim,B2,,I'll consider it.,Onu dikkate alacağım.
constraint,"kısıtlama, baskı, kısıtlamak",isim,C1,,There are few legal constraints on the sale of firearms in the U.S.,ABD'de ateşli silah satışı üzerine birkaç yasal sınırlama vardır.
construction,"yapı, inşaat, inşa",isim,C1,,I'm a construction worker.,Ben bir inşaat işçisiyım.
contact,"ilişki kurmak, irtibat kurmak, temas etmek",isim,B2,,I'll contact Tom.,Tom ile iletişime geçeceğim.
container,"konteyner, kap, saklama kabı",isim,B2,,The container is full.,Konteyner dolu.
containers,"içecek kapları, yiyecek kapları, kap adedi",isim,C1,,These containers are airtight.,Bu konteynerler hava geçirmezler.
containment,"tutma, kapsama, önleme",isim,C1,,The study highlighted the profound impact of containment.,Çalışma tutma kavramının derin etkisini vurguladı.
contamination,"pislik, kirletilme, bulaşım",isim,C1,,The study highlighted the profound impact of contamination.,Çalışma pislik kavramının derin etkisini vurguladı.
continent,"kıta, anakara, alan",isim,B2,,Africa is a continent.,Afrika bir kıtadır.
control,"denetlemek, kontrol etmek, kontrol",isim,B2,,I'm in control.,Kontroldayım.
copper,"bakır, bakır kaplamak, bakırlamak",isim,B1,,Copper is a metal.,Bakır bir metaldir.
core,"göbek, öz, çekirdek",isim,B1,,I don't eat the apple core.,Ben elma çekirdeği yemem.
corner,"köşe, yakalamak, viraj almak",isim,B1,,It's at the corner.,O köşededir.
corporation,"kurum, dernek, lonca",isim,C1,,She works for a large American corporation.,Büyük bir Amerikan şirketi için çalışıyor.
countries,ülkeler,isim,B2,,I've been to many countries.,Birçok ülkeye gittim.
court,"mahkeme, aranmak, yaltaklanmak",isim,B1,,Tom is in court.,Tom mahkemede.
courtroom,mahkeme salonu,isim,B2,,The courtroom was packed.,Mahkeme salonu tıka basa doluydu.
courtrooms,mahkeme salonu,isim,C1,,The study highlighted the profound impact of courtrooms.,Çalışma mahkeme salonu kavramının derin etkisini vurguladı.
cover,"örtmek, kaplamak, kılıf",isim,B1,,Tom ran for cover.,Tom güvenli bir yere kaçtı.
coverage,"kapsam, olay kaydı, yayın alanı",isim,B2,,Everyone has medical coverage.,Herkesin sağlık sigortası vardır.
creating,"yaratma, oluşturma, oluşturulan",isim,B2,,I'm interested in creating my own website.,Ben kendi web sitemi oluşturmakla ilgileniyorum.
creation,"kreasyon, icat, yaratma",isim,B2,,That has allowed the creation of 4.000 new jobs.,O 4.000 yeni istihdam yaratılmasını sağladı.
creature,"varlık, yaratık, mahluk",isim,B2,,I'm a creature of habit.,Ben bir alışkanlıkların insanıyım.
crew,"tayfa, mürettebat, kitle",isim,B1,,I need a crew.,Bir ekibe ihtiyacım var.
crisis,"bunalım, buhran, kriz",isim,B1,,We have a crisis.,Bir krizimiz var.
cultures,"yeni kültürlerle tanışmak, eski kültürler, kültür başkenti",isim,B2,,There are many cultures on Earth.,Dünyada birçok kültür vardır.
curiosity,"merak, tuhaf şey, tuhaf tip",isim,B2,,Curiosity killed the cat.,Fazla merak iyi değildir.
curtain,"perde, perdelemek, perde takmak",isim,B2,,Pull the curtain back.,Perdeyi geri çek.
cycle,"devir, çevrim, pedal çevirmek",isim,B1,,I cycle to work.,İşe bisikletle giderim.
dam,"baraj, büğemek, zapt etmek",isim,B1,,I live near a dam.,Ben bir baraj yakınında yaşıyorum.
damage,"zarar vermek, zarar, hasar",isim,B1,,There's no damage.,Hiç hasar yok.
dams,"barajlar, yavaşlatıcılar",isim,B1,,The study highlighted the profound impact of dams.,Çalışma barajlar kavramının derin etkisini vurguladı.
danger,"tehlike, risk, varta",isim,B1,,I'm in danger.,Tehlikedeyim.
dat,-e hali,isim,B1,,All dates are tentative.,Tüm tarihler geçicidir.
data,"veri, bilgi, girdi",isim,B1,information,I saw the data.,Ben veriyi gördüm.
dating,"yaşlandırma, buluşma, tanışma",isim,B1,,We're not dating.,Biz çıkmıyoruz.
days,"eyyam, yaşam, günler",isim,B1,,Give me five days.,Bana beş gün verin.
daytime,"gündüz, gün, iş günü",isim,B2,,Stars cannot be seen in the daytime.,Yıldızlar gündüzün görülemez.
death,"ölüm, vefat, katil",isim,B1,,I'm on death row.,Ben ölüm hücresindeyim.
decade,"10 yıl, on yıl, onlu grup",isim,B1,,I lost my son about a decade ago.,Yaklaşık on yıl önce oğlumu kaybettim.
decades,on yıllar,isim,B2,,I met Tom decades ago.,On yıl önce Tom'la tanıştım.
decision,"karar, yargı, emir",isim,B2,,It's my decision.,Bu benim kararım.
defect,"bozukluk, arıza, kusur",isim,B1,,A quick temper is the only defect in her character.,Karakterindeki tek kusur hızlı bir öfke.
deforestation,"orman açma, ormanları tahrip etme, ormansızlaşma",isim,C1,,Their habitat is threatened by deforestation.,Onların yetişme ortamı ormansızlaşma tarafından tehdit ediliyor.
deliver,"teslim etmek, yapmak, yapıştırmak",isim,B2,,Can you deliver it?,Bunu teslim edebilir misin?
depression,"çöküntü, depresyon, bunalım",isim,C1,,She's in a depression.,O bir depresyonda.
depth,"derinlik, dip, bilinçaltı",isim,B1,,We measured the depth of the river.,Nehrin derinliğini ölçtük.
design,"dizayn etmek, tasarlamak, tasarım",isim,B1,,It's a design flaw.,Bu bir tasarım kusuru.
desire,"istek duymak, arzulamak, arzu etmek",isim,B1,,What do you desire?,Ne arzu ediyorsun?
detriment,"muhatara, muzır, zarar",isim,B2,,The study highlighted the profound impact of detriment.,Çalışma muhatara kavramının derin etkisini vurguladı.
development,"gelişim, gelişme, adet edinme",isim,C1,,This is a huge development.,Bu büyük bir gelişme.
device,"cihaz, alet, nişan",isim,B1,,I love this device.,Bu cihazı seviyorum.
devices,aygıtlar,isim,B2,,Computers are amazing devices.,Bilgisayarlar inanılmaz cihazlardır.
di,"iki, çift, di",isim,B1,,"If Tom dies, what'll we do?",Tom ölürse ne yaparız?
diagnosis,"teşhis, tanı, belirtme",isim,B2,,What's the diagnosis?,Teşhis nedir?
diamond,"elmas, camcı keskisi, baklava şekli",isim,B2,,He stole the diamond.,O elmas çaldı.
diet,"diyet, perhiz, perhiz vermek",isim,B1,,I'm on a diet.,Ben diyetteyim.
dietician,"diyetisyen, beslenme uzmanı, beslenme eğitimcisi",isim,B2,,The study highlighted the profound impact of dietician.,Çalışma diyetisyen kavramının derin etkisini vurguladı.
dietitian,"diyetisyen, diyet uzmanı, beslenme uzmanı",isim,B2,,The study highlighted the profound impact of dietitian.,Çalışma diyetisyen kavramının derin etkisini vurguladı.
dietitians,"diyetisyen, diyet uzmanı, beslenme uzmanı",isim,C1,,The study highlighted the profound impact of dietitians.,Çalışma diyetisyen kavramının derin etkisini vurguladı.
difficulty,"zorluk, güçlük, açmazlık",isim,C1,,Are you in any difficulty?,Herhangi bir sıkıntı içinde misin?
digging,"kazma, maden, kazı",isim,B2,"excavation, mining, burrowing",I'm digging this.,Bunu kazıyorum.
director,"yönetici, yönetmen, müdür",isim,B2,,I became a director.,Ben bir yönetmen oldum.
disappearance,"gözden kaybolma, kaybolma, yok olma",isim,C1,,Everyone knows about Tom's disappearance.,Herkes Tom'un kaybolduğunu biliyor.
disappointment,"hüsran, hayal kırıklığı, ümidi boşa çıkma",isim,C1,,It was a disappointment.,O bir hayal kırıklığıydı.
discharge,"taburcu etmek, tahliye etmek, tahliye",isim,B2,,I have a discharge from my left ear.,Benim sol kulağımda bir akıntı var.
discomfort,"rahatsız etmek, rahatsızlık, bozmak",isim,C1,,Are you experiencing any discomfort?,Bir rahatsızlık hissediyor musunuz?
discover,"keşfetmek, çıkarmak, anlamak",isim,B2,,What did Tom discover?,Tom ne keşfetti?
discoveries,"coğrafyada keşifler, bilimde keşifler, altın aramaları",isim,C1,,She made a series of medical discoveries.,O bir dizi tıbbi keşifler yaptı
discovering,buluculuk,isim,C1,,Learning another language means discovering a new world.,"Başka bir dil öğrenmek, yeni bir dünya keşfetmek demektir."
discovery,"buluş, bulgu, keşif",isim,B2,,I've made a discovery.,Bir keşif yaptım.
discussion,"tartışma, müzakere, bahis",isim,C1,,I led the discussion.,Tartışmayı yönettim.
disease,"hastalık, sayrılık, maraz",isim,B2,,It's a bad disease.,Bu kötü bir hastalık.
diseases,hastalıklar,isim,B2,,Some diseases are incurable.,Bazı hastalıklar tedavi edilemez.
disparity,"farklılık, uyumsuzluk, ihtilaf",isim,B2,,The study highlighted the profound impact of disparity.,Çalışma farklılık kavramının derin etkisini vurguladı.
display,"sergilemek, gösterme, teşhir",isim,B2,,His latest works are on temporary display.,Onun en son çalışmaları geçici sergide.
dispute,"çekişmek, tartışmak, tartışma",isim,B2,,I won't dispute that.,Onu tartışmayacağım.
distance,"mesafe, uzaklık, geride bırakmak",isim,B2,,Tom kept his distance.,Tom soğuk davrandı.
disturbance,"kargaşa, rahatsızlık, rahatsız etme",isim,C1,,The police intervened in the disturbance.,Polis rahatsızlığa müdahale etti.
disturbances,fitne,isim,C1,,The study highlighted the profound impact of disturbances.,Çalışma fitne kavramının derin etkisini vurguladı.
dive,"dalmak, dove/dived - dived, dived/dove - dived",isim,B1,,I know how to dive.,Nasıl dalacağımı biliyorum.
diver,"dalgıç, dalış yapan kimse, dalgıçkuşu",isim,B1,,Tom is a good diver.,Tom iyi bir dalgıç.
diversity,"çeşitlilik, değişik tür, çeşit",isim,B2,,I like the diversity.,Çeşitliliği severim.
diving,"dalış, pike, dalma",isim,B1,,He is good at diving.,"O, dalmada iyidir."
division,"bölme, sınır, tefrika",isim,B2,,What division of the company do you work in?,Şirketin hangi bölümünde çalışıyorsun?
doc,"doktor, belge, bel",isim,B1,,"""Doc"" is an abbreviation of ""doctor"".","""Doktor"" kelimesinin kısaltması ""Dr."" dir."
doctors,"doktorların ihmalinden öldüğü iddia edilmek, doktorlara yönelik düşüncesini/tavrını vs değiştirmek, doktorların dağılımı",isim,B2,,We're not doctors.,Biz doktor değiliz.
doing,"faaliyet, yapma, meydana getirme",isim,B1,,I'm doing it.,Ben yapıyorum.
don't,yapılmaması gereken şey,isim,B1,,The study highlighted the profound impact of don't.,Çalışma yapılmaması gereken şey kavramının derin etkisini vurguladı.
donating,"bağışlama, bağışta bulunma",isim,B2,,Tom is donating blood.,Tom kan bağışlıyor.
dosages,dozaj spektrumu,isim,B2,,The study highlighted the profound impact of dosages.,Çalışma dozaj spektrumu kavramının derin etkisini vurguladı.
drawing,"çizme, çekme, çizim",isim,B2,,What's Tom drawing?,Tom ne çiziyor?
drug,"ilaç, uyuşturmak, ilaç vermek",isim,B1,medication,It's like a drug.,O bir ilaç gibi.
duty,"görev, vazife, saygı",isim,B1,,I'm on duty.,Görevdeyim.
each,"her biri, herbir, beher",isim,B1,,We dig each other.,Birbirimizden hoşlanıyoruz.
ease,"rahatlatmak, kolaylaştırmak, rahatlamak",isim,B1,,Let's ease up.,Gevşeyelim.
education,"öğretim, eğitim, öğrenim",isim,B2,,I believe in education.,Eğitime inanıyorum.
effect,"tesir, etki, etkisi olmak",isim,B1,,How did this effect you?,Bu seni nasıl etkiledi?
effects,"eşya, efekt, kişisel eşyalar",isim,B2,,There were no side effects.,Hiçbir yan etki yoktu.
efficacy,"efikasite, etkililik, fayda",isim,B2,,The study highlighted the profound impact of efficacy.,Çalışma efikasite kavramının derin etkisini vurguladı.
efficiency,"liyakat, yeterlik, hızlı ve verimli çalışma",isim,C1,,The study highlighted the profound impact of efficiency.,Çalışma liyakat kavramının derin etkisini vurguladı.
effort,"efor, çaba, gayret",isim,B1,,It took some effort.,Biraz çaba gerektirdi.
efforts,mesai,isim,B2,,He mocked my efforts.,Çabalarımla alay etti.
either,"iki, her, her iki",isim,B1,,Either day is OK.,Her iki gün de tamam.
election,"seçim, intihap, tercih",isim,B2,,I won the election.,Ben seçimi kazandım.
electricity,"elektrik, cereyan, çıngı",isim,C1,,We do need electricity.,Elektriğe ihtiyacımız var.
element,"eleman, unsur, doğa şartları",isim,B2,,Motivation is a key element.,Motivasyon anahtar unsurdur.
elements,"ilk adımlar, başlangıç, doğa güçleri",isim,B2,,Iridium is one of the rarest elements.,İridyum en ender elementlerden biridir.
eliciting,"aydınlığa çıkartma, sağlama, temin etme",isim,B2,,The study highlighted the profound impact of eliciting.,Çalışma aydınlığa çıkartma kavramının derin etkisini vurguladı.
emissions,emisyonlar,isim,B2,,It is said that global warming is directly related to carbon dioxide emissions.,Küresel ısınmanın karbondioksit emisyonu ile doğrudan ilgili olduğu söyleniyor.
employe,"bir başkası hesabına ücret karşılığında çalışan kimse, çalışan, memur",isim,B2,,Tom has three employees.,Tom'un üç çalışanı var.
employee,"işçi, eleman, çalışan",isim,B2,,Tom is an employee.,Tom bir çalışan.
employer,"işveren, patron, çalıştıran",isim,B2,,You should speak with your employer.,Patronunla konuşmalısın.
empower,"izin vermek, yetki vermek, güçlendirmek",isim,B2,,I want to empower the people.,İnsanları güçlendirmek istiyorum.
empowering,"salahiyet tanıma, müsaade etme, salahiyet verme",isim,C1,,The study highlighted the profound impact of empowering.,Çalışma salahiyet tanıma kavramının derin etkisini vurguladı.
endanger,"tehlikeye atmak, zarar vermek, kayıp vermek",isim,B2,,It is an endangered species.,Nesli tükenmekte olan bir türdür.
endeavor,"çabalamak, gayret etmek, uğraşmak",isim,B2,,This is a worthwhile endeavor.,Bu değerli bir çaba.
energies,"avrupa yenilenebilir enerji birliği, özgül sinir enerjisi doktrini, özgül sinir enerjileri",isim,B2,,I concentrated all my energies on the problem.,Tüm enerjimi sorun üzerinde yoğunlaştırdım.
energy,"enerji, kuvvet, derman",isim,B1,,I have no energy.,Hiç enerjim yok.
engine,"motor, makine takmak, itfaiye arabası",isim,B1,,This is engine oil.,Bu motor yağıdır.
engineer,"mühendis, mühendisliğini yapmak, planlayıp düzenlemek",isim,B2,,I'm an engineer.,Ben bir mühendisim.
engineers,mühendisler,isim,B2,,We're looking for engineers.,Mühendis arıyoruz.
enhance,"arttırmak, yükseltmek, artırmak",isim,B2,"improve, boost, strengthen",Can we enhance the image?,Görüntüyü büyütebilir miyiz?
enhancement,"artırılma, iyileştirme, artış",isim,C1,,Numerous other enhancements were added.,Sayısız başka iyileştirme eklendi.
enigma,"bilmece, gizem, anlaşılmaz kimse",isim,B1,,Tom is an enigma.,Tom bir gizemdir.
ensuring,sigortalama,isim,B2,,The study highlighted the profound impact of ensuring.,Çalışma sigortalama kavramının derin etkisini vurguladı.
enters,"depresyona girmiş, karamsarlığa düşmüş, çaresizliğe/umutsuzluğa düşmüş",isim,B1,,Make sure that nobody enters.,Kimsenin girmediğinden emin ol.
entertainment,"eğlence, alem, ziyafet",isim,C1,,Entertainment will be provided.,Eğlence sağlanacaktır.
enthusiasm,"heves, coşkunluk, coşku",isim,C1,,I love Tom's enthusiasm.,Tom'un hevesini seviyorum.
environment,"çevre, ortam, etraf",isim,C1,,It's a hostile environment.,Bu düşmanca bir ortam.
environments,"endüstriyel ortamlar, daha zorlu ortamlarda, finansal çevreler",isim,C1,,Rural environments are too quiet for me.,Kırsal ortamlar benim için çok sessiz.
equilibrium,"denge, balans, kararlılık",isim,C1,,The study highlighted the profound impact of equilibrium.,Çalışma denge kavramının derin etkisini vurguladı.
equipment,"teçhizat, araç gereç, donanım",isim,B2,,We have the equipment.,Bizim donanımımız var.
es,"es, aynştayniyum'un kimyasal simgesi, aynştanyumun simgesi",isim,B1,,The study highlighted the profound impact of es.,Çalışma es kavramının derin etkisini vurguladı.
establishing,"tesis, kurma, tesbit",isim,C1,,The study highlighted the profound impact of establishing.,Çalışma tesis kavramının derin etkisini vurguladı.
establishment,"kuruluş, kurum, tesis",isim,C1,,The study highlighted the profound impact of establishment.,Çalışma kuruluş kavramının derin etkisini vurguladı.
europeans,avrupalılar,isim,B2,,Europeans like to drink wine.,Avrupalılar şarap içmek isterler.
evaluation,"değerlendirme, ölçüm, değer tahmini",isim,C1,,We want a complete evaluation.,Tam bir değerlendirme istiyoruz.
event,"olay, aksiyon, yarışma",isim,B1,,I won the event.,Ben yarışmayı kazandım.
evidence,"kanıt, delil, açığa vurmak",isim,B2,,I've got evidence.,Kanıtım var.
evil,"fenalık, kötülük, kötü",isim,B1,,I'm not evil.,Ben kötü değilim.
evolution,"evrim, gelişim, arka arkaya gelme",isim,B2,,Do you believe in evolution?,Evrime inanıyor musun?
examination,"inceleme, muayene, sınav",isim,C1,,He passed the examination.,O sınavı geçti.
examining,"inceleme, soruşturma, tahkikat",isim,B2,,The doctor's examining Tom right now.,Doktor şu anda Tom'u muayene ediyor.
excavation,"kazı, kazma, hafriyat",isim,C1,"digging, mining, unearthing",Human remains were found during the excavation.,Kazı sırasında insan kalıntıları bulundu.
excess,"aşırılık, fazlalık, aşırıya kaçma",isim,B1,,He drinks to excess.,"O, çok fazla içiyor."
exchange,"takas etmek, değiş tokuş etmek, bozdurmak",isim,B2,,What do I get in exchange?,Karşılığında ne alırım?
excitement,"heyecan, galeyan, coşku",isim,C1,,I miss the excitement.,Ben heyecanı özlüyorum.
exhibition,"sergi, gösteri, şölen",isim,C1,,The exhibition is now open.,Sergi şimdi açık.
exist,"var olmak, geçinmek, bulunmak",isim,B1,,It doesn't exist.,O yok.
existence,"mevcudiyet, varlık, varoluş",isim,B2,,We believe in the existence of God.,Biz Allah'ın varlığına inanıyoruz.
expansion,"genleşme, ilerleme, gelişme",isim,B2,,The study highlighted the profound impact of expansion.,Çalışma genleşme kavramının derin etkisini vurguladı.
expectation,"beklenti, ümit, olasılık",isim,C1,,It fell short of my expectation.,"O, beklentimi karşılamadı."
expectations,"beklentiler, bekleyiş, tahmin",isim,C1,,Our expectations are high.,Beklentilerimiz yüksek.
experience,"deneyim, tecrübe, görmek",isim,C1,,I have no experience.,Hiç deneyimim yok.
experiences,"deneyimler, yaşananlar",isim,C1,,He likes new experiences.,O yeni deneyimleri sever.
experiencing,"deneyim, deneyim etme",isim,C1,,Are you experiencing any discomfort?,Bir rahatsızlık hissediyor musunuz?
experiment,"deney, deney yapmak, deney uygulamak",isim,C1,,It's an experiment.,Bu bir deney.
experiments,deneyler,isim,C1,,Tom did many of the experiments himself.,Tom deneylerin çoğunu kendi yaptı.
expertness,"bilirkişilik, ustalık, uzmanlık",isim,C1,,The study highlighted the profound impact of expertness.,Çalışma bilirkişilik kavramının derin etkisini vurguladı.
explanation,"açıklama, izah, anlam",isim,C1,,I have an explanation.,Benim bir açıklamam var.
exploration,"keşif, araştırma, inceleme",isim,C1,,The study highlighted the profound impact of exploration.,Çalışma keşif kavramının derin etkisini vurguladı.
extinction,"söndürme, feshetme, sönme",isim,C1,,They are in danger of extinction.,Onlar yok olma tehdidi altında.
faa,federal havacılık idaresi,isim,B1,,The study highlighted the profound impact of faa.,Çalışma federal havacılık idaresi kavramının derin etkisini vurguladı.
fact,"vaka, gerçek durum, vak’a",isim,B1,,It's a fact.,Bu bir gerçek.
factor,"etken, faktör, etmen",isim,B1,,Cost is also a factor.,Maliyet de bir faktördür.
failure,"yapmayış, başarısızlık, arıza",isim,B2,,You're a failure.,Sen bir başarısızlıksın.
failures,"arızalar arası ortalama zaman, banka iflasları, işletme başarısızlıkları",isim,B2,,We're going to have failures.,Hatalarımız olacak.
falling,"düşüş, düşme, sukut",isim,B2,,A leaf is falling.,Bir yaprak düşüyor.
fauna,"bölge hayvanlarının tümü, hayvanat, fauna",isim,B1,,The study highlighted the profound impact of fauna.,Çalışma bölge hayvanlarının tümü kavramının derin etkisini vurguladı.
fear,"korkmak, korku, kuşkulanmak",isim,B1,,I fear no one.,Ben kimseden korkmam.
feels,"ağlarsa anam ağlar, gerisi yalan ağlar, duygular, duygularını/hislerini kabartmak",isim,B1,,He feels at home.,"O, evinde gibi hissediyor."
felt,"keçe, keçe ile kaplamak, keçe yapmak",isim,B1,,He felt at home.,O evindeymiş gibi hissetti.
fever,"ateş, ateşlenmek, telaş",isim,B1,,I have a fever.,Ateşim var.
field,"tarla, alan, saha",isim,B1,,I plowed the field.,Ben tarlayı sabanla sürdüm.
figure,"rakam, şekil, yer almak",isim,B1,,She has no figure.,Onun hiçbir figürü yoktur.
figures,"eşkal, rakamsal veriler",isim,B2,,Add up these figures.,Bu sayıları toplayın.
finding,"bulma, bulgu, keşfedilmiş şey",isim,B2,,Finding Tom wasn't easy.,Tom'u bulmak kolay değildi.
findings,"araç gereç, bulgular, hükümler",isim,B2,,I asked Tom to confirm my findings.,Tom'un bulgularımı tasdik etmesini istedim.
fitness,"formda olma, uygun olma, bedenen formda olma",isim,B2,,Tom is a fitness expert.,Tom bir form uzmanı.
flavor,"tat duyusu, tat, lezzet",isim,B1,,What flavor do you want?,Ne çeşit istiyorsun?
flow,"akmak, debi, akım",isim,B1,,Go with the flow.,Sürüden ayrılma.
flowers,çiçekler,isim,B2,,I do love flowers.,Çiçekleri seviyorum.
flu,"grip, enflüanza, influenza",isim,B1,,I got the flu.,Grip oldum.
focus,"odaklanmak, odaklamak, odak noktası",isim,B1,,I need to focus.,Odaklanmalıyım.
force,"zorlamak, baskı yapmak, mecbur etmek",isim,B1,,Tom will use force.,Tom güç kullanacak.
forces,"el ele vermek, kuvvetini toplamak, güç birliği yapmak",isim,B1,,Our forces occupied the city.,Birliklerimiz şehri ele geçirdi.
forecast,"tahmin etmek, tahmin, forecast - forecast",isim,B2,,What's the forecast?,Tahmin nedir?
forel,rf -sismik siddet skalası,isim,B1,,The study highlighted the profound impact of forel.,Çalışma rf -sismik siddet skalası kavramının derin etkisini vurguladı.
forest,"orman, ağaçlandırmak, ormanlaştırmak",isim,B1,,We're in the forest.,Biz ormandayız.
forestation,"ağaçlandırma, ormancılık",isim,C1,,The study highlighted the profound impact of forestation.,Çalışma ağaçlandırma kavramının derin etkisini vurguladı.
form,"biçimlendirmek, şekillendirmek, oluşturmak",isim,B1,,Fill in this form.,Bu formu doldurun.
formation,"oluşum, biçimlendirme, yapım",isim,B2,,The study highlighted the profound impact of formation.,Çalışma oluşum kavramının derin etkisini vurguladı.
former,"önceki, evvelki, biçimlendirici",isim,B1,retired,Tom is former CIA.,Tom eski CIA'den.
forms,formlar,isim,B1,,Please fill out these forms.,Lütfen bu formları doldurun.
fossil,"taşlaşmak, köhneleşmek, fosilleşmek",isim,B1,,Tom found a fossil.,Tom bir fosil buldu.
foster,"bakmak, teşvik etmek, beslemek",isim,B1,"stimulate, encourage, promote, nurture",Tom grew up in foster care.,Tom koruyucu ailede büyüdü.
fostering,"besleme, gelişmesine yardım etme, teşvik etme",isim,B2,,The study highlighted the profound impact of fostering.,Çalışma besleme kavramının derin etkisini vurguladı.
foundation,"dayanak, vakıf, kuruluş",isim,C1,,The rumor was without foundation.,Söylenti temelsizdi.
founding,"kuruluş, döküm, kurucu",isim,B2,,The study highlighted the profound impact of founding.,Çalışma kuruluş kavramının derin etkisini vurguladı.
freezing,"donma, dondurma, çok soğuk",isim,B2,,I'm freezing cold.,"Eski günlerde, ayar resmi geceleri TV'de tek şeydi."
front,"yönelmek, ön, cephe",isim,B1,,Tom is in front.,Tom önde.
fruits,"meyveler, ürünler",isim,B1,,I like canned fruits.,Konserve meyveleri seviyorum.
frustration,"hüsran, eziklik, hayal inkisarı",isim,C1,,There has been frustration.,Hüsran vardı.
function,"işlev, fonksiyon, fonksiyonunu yerine getirmek",isim,B2,,The function was canceled.,Görev iptal edildi.
functions,"fonksiyonlar, işlevler, fonksyionlar",isim,B2,,"When we are asleep, bodily functions slow down and body temperature falls.",Uyuduğumuzda vücut fonksiyonları yavaşlar ve vücut sıcaklığı düşer.
fund,"kaynak, sermaye, fon",isim,B1,,He's good at fund raising.,"O, fon sağlamada iyidir."
fur,"kürk, kürk ile süslemek, kürk ile kaplamak",isim,B1,,Fur coats are on sale.,Kürk mantolar satışa sunulmuştur.
future,"istikbal, gelecek, gelecek zaman",isim,B1,,I have no future.,Benim bir geleceğim yok.
galaxies,gökadalar,isim,B2,,There are many galaxies in the universe.,Evrende bir sürü galaksi vardır.
galaxy,"galaksi, gökada, yıldızlar geçidi",isim,B1,,I wonder how many planets in our galaxy have life.,Galaksimizdeki kaç gezegende yaşam olduğunu merak ediyorum.
gallery,"galeri, kemeraltı, lağım",isim,B2,,May I visit an art gallery?,Ben bir sanat galerisini ziyaret edebilir miyim?
games,"spor, oyunlar",isim,B1,,Don't play games.,Oyun oynamayın.
gardeners,bahçıvanlar,isim,B2,,Tom and Mary are gardeners.,Tom ve Mary bahçıvanlar.
gardens,bahçeler,isim,B2,,My father gardens on Sundays.,Babam Pazar günleri bahçe işleri yapar.
gas,"benzin, gaz, övünmek",isim,B1,,I'm out of gas.,Benzinim bitti.
gasoline,"benzin, gazolin, yakıt",isim,B2,,This isn't gasoline.,"Bu, benzin değildir."
gate,"kapı, geçit, vana",isim,B1,,The gate is open.,Kapı açık.
gather,"toplanmak, devşirmek, bir araya getirmek",isim,B1,,Gather up your stuff.,Eşyalarınızı toplayın.
gathering,"toplanma, meclis, büzgü",isim,B2,,They are gathering nuts.,Onlar fındık topluyorlar.
gen,"bilgi vermek, bilgi, tam bilgi",isim,B1,,Genes consist of a specific sequence of DNA.,Genler DNA'nın belirli bir sıralanmasından oluşur.
genesis,"doğuş, oluş, başlangıç",isim,B2,,The study highlighted the profound impact of genesis.,Çalışma doğuş kavramının derin etkisini vurguladı.
genius,"dahi, koruyucu melek, öke",isim,B1,,I'm a genius.,Ben bir dahiyim.
genre,"tür, üslup, çeşit",isim,B1,,The study highlighted the profound impact of genre.,Çalışma tür kavramının derin etkisini vurguladı.
getting,"temin, edinme",isim,B2,,I'm getting fat.,Şişmanlıyorum.
giving,"verme, bağışlama, hibe",isim,B1,,I'm giving up.,Ben pes ediyorum.
glassies,bardakları ve kül tablalarını temizleyen kiş,isim,B2,,The study highlighted the profound impact of glassies.,Çalışma bardakları ve kül tablalarını temizleyen kiş kavramının derin etkisini vurguladı.
globe,"küre, küre biçimine getirmek, yeryuvarlağı",isim,B1,,She has traveled all over the globe.,"O, dünyanın her yerinde seyahat etti."
goal,"gaye, erek, gol",isim,B1,,That's my goal.,O benim amacım.
goat,"teke, keçi, pis",isim,B1,,I hate goat cheese.,Keçi peynirinden nefret ediyorum.
going,"gidiş, ayrılış, tempo",isim,B1,,I'll be going.,Gidiyor olacağım.
gold,"altın, servet, altın para",isim,B1,,It's not gold.,Bu altın değil.
goodness,"iyilik, ihsan, bir şeyin yararlı olan kısmı",isim,B2,,Thank goodness that's over.,Tanrıya şükür bitti.
goods,"mal, yük, ayniyat",isim,B1,,Tom made leather goods.,Tom deri eşyalar yaptı.
government,"hükümet, devlet yönetimi, siyasal bilgiler",isim,C1,,I'm a government worker.,Ben bir devlet işçisiyim.
governments,"hükümetlerin meşruluğu, adlarına bu sözleşmenin imzalandığı hükümetler bundan sonra ""katılımcı devletler"" olarak anılacaktır, devletin kolu uzundur",isim,C1,,They were members of the local governments.,Onlar yerel yönetimin üyeleriydi.
governor,"vali, banka müdürü, amir",isim,B2,,The governor was furious.,Vali öfkeliydi.
grade,"puanlamak, sınıf, rütbe",isim,B1,,I got a bad grade.,Kötü bir not aldım.
gravity,"yer çekimi, ciddilik, ağırbaşlılık",isim,B2,,How does gravity work?,Yer çekimi nasıl çalışır?
greater,"daha büyük, büyük",isim,B2,,Nothing would give me greater pleasure.,Hiçbir şey bana daha büyük bir zevk vermezdi.
greenhouse,"sera, kış bahçesi, camekan",isim,C1,,Tom is in the greenhouse.,Tom seranın içinde.
ground,"yer, zemin, toprak",isim,B1,,I sat on the ground.,Yere oturdum.
group,"grup, gruplandırmak, toplanmak",isim,B1,,We're a group.,Biz bir grubuz.
growth,"büyüme, nema, geliştirme",isim,B1,,Tom has a growth on his arm.,Tom'un kolunda bir uru var.
guard,"korumak, nöbetçi, muhafız",isim,B1,,I'm a guard.,Ben bir nöbetçiyim.
guest,"davetli, konuk, misafir",isim,B1,,I have a guest.,Benim bir konuğum var.
guests,"konuklar, misafirler, davetliler",isim,B1,,You're my guests.,Siz benim misafirlerimizsiniz.
guidelines,"öneriler, ana esaslar, yönlendirici ilkeler",isim,C1,,I'm following the guidelines.,Ben yönergeleri izliyorum.
habit,"alışkanlık, huy, yaradılış",isim,B1,,It's a bad habit.,Kötü bir alışkanlık.
habits,"adetler, alışkanlıklar",isim,B1,,Bad habits die hard.,Kötü alışkanlıklar zor biter.
handle,"idare etmek, işlemek, ele almak",isim,B1,,I'll handle it.,Onun üstesinden gelirim.
harbor,"barındırmak, liman, beslemek",isim,B1,,The island has a fine harbor.,Adanın güzel bir limanı var.
hardship,"zorluk, güçlük, yokluk",isim,B2,,He had to go through a lot of hardships.,Bir sürü zorluklardan geçmesi gerekiyordu.
hardships,"hayatın zorlukları, şehir hayatının zorlukları, karşılaşılan zorluk",isim,B2,,He had to go through a lot of hardships.,Bir sürü zorluklardan geçmesi gerekiyordu.
harms,"sigara içmenin zararları, sigaranın zararları, sigara sağlığa zararlıdır",isim,B1,,Smoking harms your health.,"Sigara, sağlığına zarar verir."
harvest,"hasat, hasat zamanı, biçmek",isim,B2,,The rains ruined the harvest.,Yağmurlar ürünü harap etti.
hazard,"risk, tehlike, tehlikeye atmak",isim,B1,,That's a safety hazard.,Bu bir güvenlik tehlikesi.
headlamp,"far, ön far, pupa feneri",isim,B2,,The study highlighted the profound impact of headlamp.,Çalışma far kavramının derin etkisini vurguladı.
headlight,"far, sonuçlanmak, pupa feneri",isim,B2,,The headlight doesn't work.,Far çalışmıyor.
headlights,farlar,isim,C1,,The headlights don't work.,Farlar çalışmıyor.
healing,"şifa, şifalı, sağlığına kavuşma",isim,B2,,The wound is healing.,Yara iyileşiyor.
health,"sıhhat, sağlık, afiyet",isim,B1,,I have my health.,Sağlığım yerinde.
healthcare,sağlık hizmeti,isim,C1,,Some healthcare workers spend more time doing paperwork than taking care of patients.,Bazı sağlık çalışanları hastalara bakmak yerine evrak işleri yaparak daha çok zaman geçirmektedirler.
heat,"ısıtmak, sıcaklık, hararet",isim,B1,,I like the heat.,Ben ısıyı severim.
heating,"ısınma, ısıtma, kızdırma",isim,B2,,We have gas heating.,Bizim gazlı ısıtmamız var.
heel,"topuk, topuk pası vermek, topuğunu yere vurarak dansetmek",isim,B1,,I prefer low heels.,Ben alçak topuklu tercih ederim.
height,"yükseklik, boy, yükselti",isim,B1,,Tom is average height.,Tom ortalama boyda.
heritage,"miras, kalıtım, tereke",isim,B2,,You always tell me I should be proud of my heritage.,Bana her zaman mirasımla gurur duymam gerektiğini söylüyorsun.
hiding,"dayak, saklama, sopa",isim,B1,,I'm not hiding.,Saklamıyorum.
higher,"ileri, daha yüksek, daha yukarı",isim,B1,,Gold is going higher.,Altın daha da yükseliyor.
hiking,"doğa yürüyüşü, günübirlik doğa yürüyüşü, fiyatları yükseltme",isim,B1,,Let's go hiking.,Yürüyüşe gidelim.
hill,"tepe, toprak yığmak, tepelemek",isim,B1,,I ran up the hill.,Tepeye koştum.
hinder,"engellemek, engel olmak, aksatmak",isim,B1,,He hindered me in my work.,"O, işimde beni engelledi."
hint,"çıtlatmak, ima etmek, ima",isim,B1,,I want a hint.,Bir ipucu istiyorum.
his,"eril onunki, onun, onunki",isim,B1,,It wasn't his.,Onunki değildi.
history,"geçmiş, tarih, kayıtlar",isim,B2,,History doesn't lie.,Tarih yalan söylemez.
hit,"çarpmak, vurmak, isabet etmek",isim,B1,,Don't hit me.,Bana vurma.
hole,"çukur, delik, kapanmak",isim,B1,,I dug a hole.,Bir çukur kazdım.
homes,"moruk, ahbap, evler",isim,B1,,Stay in your homes.,Evlerinizde kalın.
hope,"ummak, umut etmek, ümit etmek",isim,B1,,I do hope so.,Öyle umuyorum.
horror,"korku, istikrah, yılgı",isim,B1,,I hate horror movies.,Korku filmlerinden nefret ederim.
host,"ağırlamak, ev sahibi, sunuculuk yapmak",isim,B1,,Tom will be the host.,Tom ev sahibi olacak.
hour,"saat, vakit, zaman",isim,B1,,It's rush hour.,Trafiğin en yoğun olduğu zaman.
hours,"saatler, saat, saatte bir doğrula",isim,B1,,It'll take hours.,Saatler alacak.
human,"insan, insani, insanlık",isim,B1,,I'm only human.,Ben sadece insanım.
humor,"mizah, ayak uydurmak, suyuna gitmek",isim,B1,,We'd better humor Tom.,Tom'u neşelendirsek iyi olur.
hydration,"hidratlama, hidrasyon, hidratasyon",isim,B2,,The study highlighted the profound impact of hydration.,Çalışma hidratlama kavramının derin etkisini vurguladı.
hypothesis,"hipotez, varsayım, kaziye",isim,C1,,It was only a hypothesis.,O sadece bir hipotezdi.
identification,"kimlik saptama, aynileştirme, özdeşleştirme",isim,C1,,Do you have identification?,Kimliğiniz var mı?
illness,"hastalık, maraz, illet",isim,B2,,He cured my illness.,O benim hastalğımı tedavi etti.
immunity,"bağışıklık, ayrıcalık, masuniyet",isim,B2,,The study highlighted the profound impact of immunity.,Çalışma bağışıklık kavramının derin etkisini vurguladı.
imp,"bir kuşun uçuş gücünü artırmak için kanat veya kuyruğuna tüy eklemek, kuvvetlendirmek, parça takarak bir tüyü onarmak",isim,B1,,The study highlighted the profound impact of imp.,Çalışma bir kuşun uçuş gücünü artırmak için kanat veya kuyruğuna tüy eklemek kavramının derin etkisini vurguladı.
impact,"darbe, etki, çarpma",isim,B1,,Brace yourselves for impact.,Darbe için kendinizi güçlendirin.
impacts,"olumsuz etkiler, havacılığın çevresel etkileri, mali olmayan nicel etkiler",isim,B2,,The study highlighted the profound impact of impacts.,Çalışma olumsuz etkiler kavramının derin etkisini vurguladı.
implement,"yerine getirmek, uygulamak, alet-edevat",isim,B2,"apply, conduct, execute, carry out",These implements are in common use.,Bu araçlar ortak kullanımdadır.
implementation,"uygulama, yürürlüğe koyma, uyarlama",isim,C1,,The study highlighted the profound impact of implementation.,Çalışma uygulama kavramının derin etkisini vurguladı.
importance,"önem, saygınlık, etki",isim,C1,,It's of no importance.,Bu önemli değil.
impression,"izlenim, etki, baskı",isim,C1,,Is that your impression?,O senin izlenimin mi?
improper,"uygun olmayan, yersiz, çirkin",isim,B2,,It is highly improper.,"O, oldukça uygunsuz."
improvement,"gelişim, ilerleme, iyileşme",isim,C1,,It's an improvement.,Bu bir gelişme.
improving,"düzeltme, iyileştirme, geliştirme",isim,B2,,We're still improving.,Biz hala geliştiriyoruz.
incident,"hadise, olay, yük",isim,B2,,I reported the incident.,Olayı rapor ettim.
inclusion,"derç, içine alma, katılma",isim,B2,,The study highlighted the profound impact of inclusion.,Çalışma derç kavramının derin etkisini vurguladı.
independence,"özgürlük, bağımsızlık, serbestlik",isim,C1,,I love my independence.,Ben özgürlüğümü severim.
indication,"belirti, anlatma, ölçüm",isim,C1,,I see no indication of that ever happening.,Onun olup bittiğine dair bir işaret görmüyorum.
inequality,"eşitsizlik, sapma, değişebilirlik",isim,C1,,No inequality should be allowed to exist between men and women.,Kadınlar ve erkekler arasında hiçbir eşitsizliğin var olmasına izin verilmemesi gerekir.
infant,"bebek, çocuk, küçük çocuk",isim,B1,,The young woman was carrying an infant in her arms.,Genç kadın kollarında bir bebek taşıyordu.
infants,"sübyan mektebi, sıbyan mektebi, çocuk kıyafeti",isim,B2,,We need more medical care for infants.,Bizim bebekler için daha fazla tıbbi bakıma ihtiyacımız var.
infection,"enfeksiyon, bulaşma, iltihap",isim,B2,,It's an infection.,Bu bir enfeksiyon.
influence,"tesir etmek, etkilemek, etki altına almak",isim,B2,,He's a bad influence.,Onun kötü bir etkisi var.
information,"bilgi, ilmi vukuf, iddia",isim,C1,"knowledge, data, intel",I have some information.,Benim biraz bilgim var.
ingredient,"cüz, bir şeyin terkibine giren madde, bileşim maddesi",isim,C1,,What's the secret ingredient?,Gizli madde nedir?
inheritance,"veraset, miras, kalıt",isim,C1,,Tom has no inheritance.,Tom'un hiçbir mirası yok.
injection,"püskürtme, enjekte, zerk",isim,B2,,Tom was executed by lethal injection.,Tom öldürücü enjeksiyonla idam edildi.
injury,"zarar, halel, incinme",isim,B1,,Tom has a back injury.,Tom'un bir sırt yarası var.
innocence,"masumluk, masum olma, günahsızlık",isim,B2,,Tom maintains his innocence.,Tom masumiyetini koruyor.
innovator,"yenilikçi, yenilik yapan kimse, mucit",isim,B2,,Tom was an innovator.,Tom bir yenilikçiydi.
innovators,yenilikçiler,isim,C1,,The study highlighted the profound impact of innovators.,Çalışma yenilikçiler kavramının derin etkisini vurguladı.
inoculation,"aşılama, aşı, aşılanma",isim,C1,,The study highlighted the profound impact of inoculation.,Çalışma aşılama kavramının derin etkisini vurguladı.
insider,"içeriden biri, içerideki, iç yüzünü bilen kimse",isim,B2,,The study highlighted the profound impact of insider.,Çalışma içeriden biri kavramının derin etkisini vurguladı.
insight,"içyüzünü anlama, anlayış, içgörü",isim,B2,knowledge,Thanks for the insight.,Anlama için teşekkürler.
instinct,"içgüdü, iç güdü, yetenek",isim,B2,,I acted on instinct.,Ben içgüdüsel olarak hareket ettim.
instructor,"eğitmen, eğitici, asistan",isim,C1,,Tom is a ski instructor.,Tom bir kayak öğretmeni.
instrument,"enstrüman, alet, belgit",isim,C1,,Do you play an instrument?,Bir enstrüman çalıyor musun?
instruments,"edevat, araç gereç, araçlar",isim,C1,,I play several instruments.,Birkaç enstrüman çalıyorum.
intelligence,"istihbarat, zeka, akıl",isim,C1,,You insult my intelligence.,Benim zekamı aşağılıyorsun.
intensity,"yoğunluk, koyuluk, gerilim",isim,B2,,He was overwhelmed by the intensity of her love.,"O, onun sevgisinin yoğunluğuyla bunalmıştı."
interactions,"ayrık etkileşimler, elektron-fonon etkileşimleri, geçişim etkileşimleri",isim,C1,,Tom has trouble with social interactions.,Tom'un sosyal etkileşimlerle ilgili sorunu var.
interest,"ilgilendirmek, çıkar, faiz",isim,B2,,I've lost interest.,Ben ilgimi yitirdim.
interference,"karışma, müdahale, girişim",isim,C1,,The biggest problem in Tom and Mary's marriage is Mary's mother's interference.,Tom ve Mary'nin evliliğindeki en büyük sorun Mary'nin annesinin karışmasıdır.
internet,"internet, ağlararası ağ, edalyan",isim,B2,,How do I access the Internet?,İnternete nasıl erişirim?
interruption,"sekte, kesinti, kesilme",isim,C1,,Sorry for the interruption.,Kestiğim için özür dilerim.
interruptions,"kısa kesintiler ve gerilim değişmeleri ile ilgili bağışıklık deneyleri, kısa kesintiler, makine denetim kesilmeleri",isim,C1,,He doesn't allow interruptions.,"O, kesintilere izin vermez."
intervention,"araya girme, müdahale, aracılık",isim,C1,,The intervention was necessary.,Müdahale gerekliydi.
introduction,"giriş, tanıtım, tavsiye mektubu",isim,C1,,Tom needs no introduction.,Tom'un tanıtıma ihtiyacı yok.
invention,"buluş, icat, düzen",isim,B2,,What a wonderful invention!,Ne harika bir buluş!
investigation,"soruşturma, araştırma, teftiş",isim,C1,,Am I under investigation?,Ben soruşturma altında mıyım?
investigations,"soruşturmalar, tahkikat, taharriyat",isim,C1,,Let the investigations begin.,Soruşturmalar başlasın.
investigator,"müfettiş, dedektif, araştırmacı",isim,C1,researcher,I'm a private investigator.,Ben özel bir müfettişim.
iq,"zeka düzeyi, zeka katsayısı, ıq",isim,B1,,Tom has a high IQ.,Tom'un yüksek bir katsayısı var.
iron,"ütülemek, demir, ütü",isim,B1,,Iron is a metal.,Demir bir metaldir.
isolation,"izolasyon, tecrit, soyutlanma",isim,B2,,We shouldn't confuse solitude with isolation. They are two separate things.,Yalnızlık ile izole edilmeyi birbirine karıştırmamak gerek. Bunlar iki farklı şey.
issue,"nüsha, konu, mesele",isim,B1,,Is that an issue?,Bu bir sorun mu?
issues,sorunlar,isim,B1,,Tom has anger issues.,Tom'un öfke sorunları var.
item,"kalem, madde, adet",isim,B1,,What is this item called?,Bu maddeye ne denir?
its,"onun, -in",isim,B1,,It's on its way.,Yolda.
jail,"hapishane, hapis, cezaevi",isim,B1,,I'm in jail.,Ben hapisteyim.
jailer,"gardiyan, zindancı",isim,B1,,The study highlighted the profound impact of jailer.,Çalışma gardiyan kavramının derin etkisini vurguladı.
jogging,"hafif koşu, jogging, koşu",isim,B2,,Why not try jogging?,Neden koşmayı denemiyorsun?
joke,"komiklik, şaka, espri yapmak",isim,B1,,It's a joke.,Bu bir şaka.
journey,"yolculuk, seyahat, yolculuk etmek",isim,B2,,Have a safe journey.,İyi yolculuklar.
jumping,"atlama, sıçrama, sıçrayış",isim,B2,,The boy is jumping.,Çocuk zıplıyor.
jungle,"orman, karışıklık, cangıl",isim,B1,,They entered the jungle.,Onlar ormana girdiler.
keeping,"geçindirme, bakım, koruma",isim,B2,,I'm keeping count.,Sayısını tutuyorum.
keys,"anahtarlar, ana resimler",isim,B1,,I have my keys.,Anahtarlarım var.
kid,"velet, çocuk, küçük çocuk",isim,B1,,I'm a kid.,Ben bir çocuğum.
kidney,"böbrek, huy, tip",isim,B1,,I need a new kidney.,Yeni bir böbreğe ihtiyacım var.
kids,çocuklar,isim,B1,,I've got kids.,Çocuklarım var.
killer,"öldürücü, katil, öldürücü darbe",isim,B1,,I'm the killer.,Ben katilim.
km,"kilometre, km",isim,B1,,"They fly about 35,000 km in eight months.","Onlar sekiz ayda yaklaşık 35,000 km uçarlar."
knives,bıçaklar,isim,B1,,There are no knives.,Hiç bıçak yok.
knowledge,"bilgi, ilim, bili",isim,B2,"information, wisdom, insight, awareness",It's public knowledge.,Bu kamu bilgisi.
lamb,"kuzu, kuzulamak, kuzu gibi masum ve zayıf kimse",isim,B1,,The wolf killed the lamb.,"Kurt, kuzuyu öldürdü."
laughter,"kahkaha, kahkahalar, hande",isim,B2,,He burst into laughter.,"O, gülmekten kırıldı."
law,"yasa, hukuk, kanun",isim,B1,,I'm the law.,Ben kanunum.
lawyer,"avukat, hukukçu, dava vekili",isim,B1,,I'm a lawyer.,Ben avukatım.
lawyers,hukukçular,isim,B2,,Talk to my lawyers.,Avukatlarımla konuş.
ldl,"düşük dansiteli lipoprotein, düşük dansiteli okside lipoprotein, düşük dansiteli lipoprotein kolesterol",isim,B1,,The study highlighted the profound impact of ldl.,Çalışma düşük dansiteli lipoprotein kavramının derin etkisini vurguladı.
lea,"otlak, mera, çayır",isim,B1,,Lead is a metal.,Kurşun bir metaldir.
lead,"yol göstermek, rehberlik etmek, sürmek",isim,B1,,Lead is a metal.,Kurşun bir metaldir.
leaders,liderler,isim,B2,,They're our leaders.,Onlar bizim liderlerimiz.
leads,"yol açar, sabreden derviş muradına ermiş, aksilikler/sorunlar hep üst üste gelir",isim,B1,,He leads a hectic life.,O telaşlı bir hayat sürüyor.
leaf,"yaprak vermek, yaprak, yapraklanmak",isim,B1,,A leaf is falling.,Bir yaprak düşüyor.
learner,"acemi, öğrenici, öğrenci",isim,B2,,I'm a fast learner.,Ben hızlı bir öğreniciyim.
learning,"öğrenme, öğrenim, ilim",isim,B2,,I'm learning a lot.,Çok şey öğreniyorum.
leather,"deri, kayışla dövmek, deri ile donatmak",isim,B2,,Is this real leather?,Bu gerçek deri mi?
leaves,"kitap yaprağı, yapraklar",isim,B1,,He leaves at eight.,O saat sekizde gider.
leaving,"ayrılma, terketme, terk",isim,B2,,I'm leaving Tom.,Tom'u terk ediyorum.
lecture,"ders anlatmak, konferans vermek, uzun öğüt",isim,B2,,Don't lecture me.,Bana ders anlatma.
led,"neden olmuş, çok küçük ampul, ışık yayan diyot",isim,B1,,I led the way.,Ben yol gösterdim.
legacy,"miras, kalıt, vasiyetname ile bırakılan mal veya varlık",isim,B1,,This is our legacy.,Bu mirasımız.
leisure,"boş vakit, işsizlik, dinlence",isim,B2,,You can do it at your leisure.,Onu boş zamanınızda yapabilirsiniz.
lesson,"ders, azar, hisse",isim,B1,,Lesson Two is easy.,Ders iki kolaydır.
level,"seviye, düzey, kademe",isim,B1,,Tom is level-headed.,Tom aklı başında.
levels,"sel sınıflama derecesi, çehrenin, yüzün üç basamağı",isim,B1,,Frustration levels are high.,Hayal kırıklığı seviyeleri yüksektir.
life,"yaşam, hayat, can",isim,B1,,It's my life.,Bu benim hayatım.
lifestyle,"yaşam tarzı, yaşam stili, yaşam biçimi",isim,B2,,Tom has a healthy lifestyle.,Tom'un sağlıklı bir yaşam tarzı vardır.
limit,"sınırlandırmak, kısıtlamak, sınırlamak",isim,B1,,That's the limit.,Bu sınırdır.
limitation,"kısıtlama, sınırlama, limit",isim,C1,,I know my limitations.,Sınırlarımı biliyorum.
limitations,"kısıtlamalar, kısıtlar, sınırlar",isim,C1,,I know my limitations.,Sınırlarımı biliyorum.
limits,"çerçeve, hudut hatları, sınırlar",isim,B1,,I have my limits.,Benim sınırlarım var.
line,"astarlamak, satır, hat",isim,B1,,I got in line.,Ben sıraya girdim.
listener,"dinleyici, dinleyen",isim,B2,,Be a good listener.,İyi bir dinleyici olun.
listening,"dinleme, dinleyiş, dinleyen",isim,B2,,I'm not listening.,Ben dinlemiyorum.
literature,"literatür, edebiyat, kaynak",isim,C1,,Do you like French literature?,Fransız edebiyatını beğenir misin?
liver,"karaciğer, ciğer, emaye dalgası",isim,B1,,Do you like liver?,Karaciğer sever misin?
location,"yer, konum, iskan",isim,B2,,What's your location?,Konumunuz nedir?
longer,"can atan kimse, özlemiş kimse, daha uzun",isim,B1,,I no longer care.,Artık takmıyorum.
looking,"bakış, görünme, bakma",isim,B2,,I wasn't looking.,Bakmıyordum.
looks,görünüş,isim,B1,,He looks his age.,"O, yaşını gösteriyor."
lorry,"kamyon, alçak, açık",isim,B1,,The study highlighted the profound impact of lorry.,Çalışma kamyon kavramının derin etkisini vurguladı.
loss,"zarar, kayıp, hasar",isim,B1,,It's your loss.,Bu sizin kaybınız.
lot,"pay, bölüştürmek, taksim etmek",isim,B1,,I cry a lot.,Ben çok ağlarım.
lower,"düşürmek, alçaltmak, indirmek",isim,B1,,Please lower the flag.,Lütfen bayrağı indir.
lowering,"tezellül, alçaltma, indirme",isim,B2,,Are you taking a cholesterol-lowering medication?,Kolestrol düşürücü bir ilaç alıyor musun?
luck,"şans, talih, akyazı",isim,B1,,I'm in luck.,Şanslıyım.
lullabies,ninni,isim,B2,,The study highlighted the profound impact of lullabies.,Çalışma ninni kavramının derin etkisini vurguladı.
lumber,"kereste, ormanda ağaç kesmek, ağaç kesmek",isim,B1,,We need lumber to build a barn.,Ahır inşa etmek için keresteye ihtiyacımız var.
lung,"akciğer, ciğer",isim,B1,,I have lung cancer.,Akciğer kanserim var.
lungs,"akciğer, ciğer, akciğerler",isim,B1,,Smoking does damage your lungs.,Sigara içmek akciğerlerinize zarar verir.
magician,"sihirbaz, büyücü, gözbağcı",isim,B2,,I'm a magician.,Ben bir sihirbazım.
magician's,"sihirbaz, büyücü, gözbağcı",isim,C1,,The study highlighted the profound impact of magician's.,Çalışma sihirbaz kavramının derin etkisini vurguladı.
maintaining,"koruma, kollama",isim,C1,,Maintaining that tie is important.,O kravata bakım yapmak önemlidir.
maintenance,"bakım, muhafaza, idame",isim,C1,,The website was down for maintenance.,Web sitesi bakım için devre dışıydı.
major,"asıl, büyük, başlıca",isim,B1,,What's your major?,Esas branşın nedir?
makes,"bahaneci, beni öldürmeyen şey beni güçlendirir, başarı aptal insanları bilge gibi gösterir",isim,B1,,It makes me sad.,Beni üzüyor.
making,"yapma, etme, yapım",isim,B1,,I'm making it.,Ben yapıyorum.
male,"erkek, bay, erkek fiş",isim,B1,,Tom had no male heir.,Tom'un bir erkek varisi yoktu.
management,"işletme, idare, yönetim",isim,C1,,I'm with management.,Yönetimle birlikteyim.
manager,"menajer, idareci, yönetici",isim,B2,,I'm the manager.,Ben müdürüm.
mankind,"insanlık, erkekler, insan soyu",isim,B2,,I fear for the future of mankind.,Ben insanlığın geleceği için korkuyorum.
mantle,"harmaniye, lamba gömleği, örten şey",isim,B1,,The study highlighted the profound impact of mantle.,Çalışma harmaniye kavramının derin etkisini vurguladı.
manufacture,"imal etmek, üretim, uydurmak",isim,C1,,Robots are used to manufacture cars.,Robotlar araba üretmek içindir.
manufacturer,"imalatçı, yapımcı, üreticisi",isim,C1,,The manufacturer guaranteed the new machine for 5 years.,Üretici yeni makineye 5 yıl garanti verdi.
mark,"işaretlemek, iz, işaret",isim,B1,,He hit the mark.,"O, doğru tahmin etti."
marketing,"pazarlama, alışveriş, alışveriş yapma",isim,B2,,I work in marketing.,Pazarlamada çalışıyorum.
mate,"mat, ahbap, eş olmak",isim,B1,,Where is the mate to this sock?,Bu çorabın eşi nerede?
materials,"malzemeler, materyaller, bez",isim,B2,,Materials will be provided.,Malzemeler sağlanacaktır.
matrix,"kalıp, rahim, matris",isim,B1,,The study highlighted the profound impact of matrix.,Çalışma kalıp kavramının derin etkisini vurguladı.
matter,"önemli olmak, madde, cisim",isim,B1,,It won't matter.,Önemli değil.
matters,umur,isim,B2,,It matters a lot.,Çok önem taşıyor.
may,"mayıs ayı, mayıs, mümkün olmak",isim,B1,,May I cut in?,Sözünüzü kesebilir miyim?
mayor,"belediye başkanı, belediye reisi",isim,B1,,I ran for mayor.,Belediye başkanlığına aday oldum.
means,"araç, vasıta, vesile",isim,B1,,Do it by all means.,Her ne şekilde olursa olsun onu yap.
measure,"ölçmek, önlem, ölçü",isim,B2,,I didn't measure it.,Onu ölçmedim.
measurement,"ölçüm, ölçü, mesaha",isim,C1,,That's an exact measurement.,O bir tam ölçüm.
measurements,"ölçüler, ölçü birimi",isim,C1,,What are your measurements?,Senin ölçülerin neler?
measures,"had, miktar, önlem",isim,B2,,Desperate measures were taken.,Umutsuz önlemler alındı.
measuring,"değer biçme, ölçüm, ölçü",isim,B2,,The carpenter is measuring the floor.,Marangoz döşemeyi ölçüyor.
media,"medya, basın, radyo",isim,B1,,Don't believe the media.,Medyaya inanma.
medication,"ilaç, ilaç tedavisi, iyileştirme",isim,C1,"treatment, medicine, drug, cure",I'm on medication.,İlaçla tedavi oluyorum.
medicine,"tıp, ilaç, katlanmak",isim,B2,medication,That's my medicine.,Bu benim ilacım.
medics,"kabayonca, doktor, korunga",isim,B1,,Medics were immediately called.,Sağlık görevlileri hemen çağrıldı.
medium,"orta, çevre, çare",isim,B1,,I like my steak medium.,Bifteğimi orta büyüklükte severim.
melodies,"melodi, terane, nağme",isim,B2,,The study highlighted the profound impact of melodies.,Çalışma melodi kavramının derin etkisini vurguladı.
melody,"melodi, terane, nağme",isim,B1,,That's an eerie melody.,Bu ürkütücü bir melodi.
melting,"ergime, eritme, eri",isim,B2,,The ice is melting.,Buz eriyor.
member,"üye, organ, mensup",isim,B1,,I'm a member.,Ben bir üyeyim.
members,üyeler,isim,B2,,We have many members.,Bir hayli üyemiz var.
men,"erkekler, işçiler, adamlar",isim,B1,,Men don't cry.,Adamlar ağlamaz.
meter,"sayaç, metre, saat ile ölçmek",isim,B1,,Look at the meter.,Metreye bak.
method,"metot, usul, yöntem",isim,B1,,Our method is simple.,Bizim yöntemimiz basittir.
methods,yöntemler,isim,B2,,All these methods work.,Bütün bu yöntemler işe yarıyor.
mice,fareler,isim,B1,,I killed the mice.,Ben fareleri öldürdüm.
million,milyon,isim,B2,,I know a million jokes.,Bir milyon fıkra biliyorum.
mind,"önemsemek, aldırmak, akıl",isim,B1,,I don't mind.,Aldırış etmem.
minor,"rüştünü ispat etmemiş kimse, reşit olmayan kimse, ergin olmayan kimse",isim,B1,,I'm a minor.,Ben reşit değilim.
mission,"vazife, misyon, görev",isim,B2,,That's my mission.,Bu benim görevim.
model,"model, manken, modellik etmek",isim,B1,,I'm a model.,Ben bir mankenim.
modernist,"yenilikçi, modernist",isim,B2,,The study highlighted the profound impact of modernist.,Çalışma yenilikçi kavramının derin etkisini vurguladı.
moist,"rutubetli, nemli, ıslak",isim,B1,,This soil is moist.,Bu toprak nemli.
moment,"an, önem, cevher",isim,B1,,Give it a moment.,Ona biraz zaman ver.
monitor,"izlemek, gözlemek, monitör",isim,B2,,Parents should monitor their children's activities.,"Anne babalar, çocuklarının etkinliklerini izlemelidirler."
months,aylar,isim,B1,,It'll take months.,Aylar alacak.
morning,"sabah, sabah vakti, başlama",isim,B2,,I cried all morning.,Bütün sabah ağladım.
mortality,"ölümlülük, fanilik, ölüm oranı",isim,B2,,The mortality rate has fallen.,Ölüm oranı düştü.
mosque,"mescit, cami",isim,B1,,I have to go to the mosque.,Camiye gitmek zorundayım.
mosquito,"sivrisinek, moskuito",isim,B2,,I killed the mosquito.,Sivrisineği öldürdüm.
movement,"hareket, gidiş, saatin parçaları",isim,B2,,Every movement is painful.,Her hareket acı verici.
movie,"film, sinema, sinema filmi",isim,B1,,I saw the movie.,Ben filmi izledim.
murder,"cinayet işlemek, öldürmek, öldürme",isim,B1,,Did you murder Tom?,Tom'u öldürdün mü?
murderer,"katil, kıyacı, cani",isim,B2,,Tom is a murderer.,Tom bir katil.
musicians,"çalgıcılar, müzisyenler",isim,B2,,Are you two musicians?,İkiniz müzisyen misiniz?
must,"gerekmek, -malı, -meli",isim,B1,,I must do it.,Onu yapmalıyım.
mutation,"mutasyon, dönüşme, değişim",isim,B2,,The study highlighted the profound impact of mutation.,Çalışma mutasyon kavramının derin etkisini vurguladı.
my,"benim, bana ait",isim,B1,,It's my CD.,O benim CD'im.
mystery,"sır, esrar, gizem",isim,B2,,Tom is a mystery.,Tom bir sırdır.
nature,"mahiyet, doğa, tabiat",isim,B1,,It's human nature.,İnsanın doğasında var.
need,"ihtiyaç duymak, gerek, gereksinim",isim,B1,,I need a bag.,Bir çantaya ihtiyacım var.
neighborhood,"mahalle, muhit, komşular",isim,C1,,I like my neighborhood.,Mahallemi seviyorum.
neither,"hiçbir, ikisinden hiçbiri, ne bu ne öteki",isim,B2,,He knows neither of us.,"O, hiçbirimizi tanımaz."
networks,"kütüphane bilgi ağları, veri depolama ağı, bilgi ağları",isim,B2,,People talk a lot about social networks these days.,İnsanlar bu günlerde sosyal ağlar hakkında çok şey konuşuyorlar.
nights,"geceler, geceleri",isim,B1,,We stayed three nights.,Biz üç gece kaldık.
nile,nil nehri,isim,B1,,How long is the Nile River?,Nil Nehrinin uzunluğu ne kadar?
no,"hayır, aleyhte oy, red",isim,B1,,I'm no fool.,Aptal değilim.
norm,"kaide, standart, düstur",isim,B1,,This is the norm.,Bu kuraldır.
norms,"normlar, sosyal grup için ortak olan davranış veya fikir standartları",isim,B1,,The study highlighted the profound impact of norms.,Çalışma normlar kavramının derin etkisini vurguladı.
number,"numaralamak, saymak, sayı",isim,B1,,Who's number one?,Bir numara kim?
numbers,"şiir, çokluk, sayılar",isim,B2,,Look at these numbers.,Bu numaralara bak.
nursing,"bakma, doğum, emzirme",isim,B2,,Tom lives in a nursing home.,Tom bir huzurevinde yaşıyor.
nurturing,"besleme, büyütme, anaç",isim,B2,,The study highlighted the profound impact of nurturing.,Çalışma besleme kavramının derin etkisini vurguladı.
nutrient,"besin maddesi, gıda, besleyici madde",isim,B2,,Fresh vegetables contain many nutrients.,Taze sebzeler birçok besin içerir.
nutritionist,"diyetisyen, beslenme uzmanı, nütritiyonist",isim,C1,,The study highlighted the profound impact of nutritionist.,Çalışma diyetisyen kavramının derin etkisini vurguladı.
ob,"obi nehri, ob, doğum ve gebelik bilimi",isim,B1,,The study highlighted the profound impact of ob.,Çalışma obi nehri kavramının derin etkisini vurguladı.
object,"itiraz etmek, razı olmamak, karşı çıkmak",isim,B1,,I didn't object.,Ben itiraz etmedim.
objection,"mahzur, karşı gelme, itiraz",isim,B2,,He had no objection.,Onun itirazı yoktu.
observation,"gözetleme, gözlem, rasat",isim,C1,,Tom is under observation.,Tom gözlem altında.
obstacle,"mani, engel, tebelleş",isim,B2,,Bad weather is no obstacle.,Kötü hava engel değildir.
obtaining,"edinme, temin",isim,B2,,The study highlighted the profound impact of obtaining.,Çalışma edinme kavramının derin etkisini vurguladı.
ocean,"okyanus, umman, derya",isim,B1,,I like the ocean.,Okyanusu seviyorum.
offenses,"siyasal suçlar ve suçlular, çevreye karşı suçlar, mala karşı suçlar",isim,B2,,The study highlighted the profound impact of offenses.,Çalışma siyasal suçlar ve suçlular kavramının derin etkisini vurguladı.
offer,"teklif vermek, önermek, teklif etmek",isim,B1,,We got an offer.,Biz bir teklif aldık.
oil,"yağ, yağ çekmek, yağcılık yapmak",isim,B1,,I like olive oil.,Zeytinyağını severim.
oils,yağlar,isim,B1,,The study highlighted the profound impact of oils.,Çalışma yağlar kavramının derin etkisini vurguladı.
one,"bir, tek, biri",isim,B1,,I'll buy one.,Bir tane alacağım.
operating,"çalıştırma, işletme, ameliyat",isim,B2,,Carry her to the operating room.,Onu ameliyathaneye taşı.
operation,"operasyon, işletme, harekat",isim,B2,,I need an operation.,Bir operasyona ihtiyacım var.
opinion,"kanaat, kanı, düşünce",isim,B2,,I have an opinion.,Bir görüşüm var.
opportunities,"fırsatlar, imkanlar",isim,C1,,Tom still has opportunities.,Tom'un hâlâ fırsatları var.
opportunity,"olanak, imkan, fırsat",isim,C1,,I saw an opportunity.,Bir fırsat gördüm.
option,"seçenek, oy, şık",isim,B1,,It's an option.,Bu bir seçenek.
options,"opsiyonlar, satın alma veya satma hakkı, seçenekler",isim,B2,,I'm out of options.,Benim seçeneklerim yok.
order,"sipariş vermek, emretmek, buyurmak",isim,B1,,It's an order.,Bu bir emirdir.
organs,aza,isim,B1,,No vital organs were damaged.,Hiçbir hayati organ hasar görmedi.
our,bizim,isim,B1,,It's our car.,Bu bizim arabamız.
outcome,"netice, sonuç, sonuç ürün",isim,B2,,What was the outcome?,Sonuç neydi?
outcomes,sonuçlar,isim,B2,,The study highlighted the profound impact of outcomes.,Çalışma sonuçlar kavramının derin etkisini vurguladı.
outlook,"görünüm, bakış açısı, olasılık",isim,B2,,The outlook is grim.,Görünüm korkunçtur.
output,"output/outputted - output/outputted, faaliyet, ürün",isim,B1,,The output at this factory has increased by 20%.,Bu fabrikada üretim %20 oranında arttı.
oversight,"gözetim, nezaret, hata",isim,B2,,It was an oversight.,Gözden kaçmıştı.
overtime,"fazla mesai için ödenen ücret, fazla mesai, mesai",isim,B2,,Don't expect overtime.,Fazla mesai beklemeyin.
painting,"tablo, resim, ressamlık",isim,B2,,This is a painting.,Bu bir resim.
paintings,"tablo, resim, ressamlık",isim,B2,,Where are the paintings?,Tablolar nerede?
palm,"palmiye, avuç içi, avuç",isim,B1,,Let me see your palm.,Avucunu görmeme izin ver.
panel,"pano, panellerle süslemek, lambri ile kaplamak",isim,B1,,A panel of experts discussed the plan.,Uzmanlardan oluşan bir kurul planı tartıştı.
panels,"çelik levhalara uygulanan emaye kaplamalar, cam paneller, damı katlanabilen vagon",isim,B1,,Do you use solar panels?,Güneş panelleri kullanıyor musunuz?
path,"yol, pist, çığır",isim,B1,,Stay on the path.,Yol üzerinde kal.
patients,"hastalar, hasta ve yaralılar",isim,B2,,I have patients waiting.,Bekleyen hastalarım var.
pattern,"modele göre yapmak, model, desen",isim,B2,,I see a pattern.,Ben bir desen görüyorum.
patterns,modeller,isim,B2,,These patterns are identical.,Bu modeller özdeş.
paul,idaho eyaletinde şehir,isim,B1,,One of Jesus' disciples was named Paul.,İsa'nın havarilerinden birinin adı Paulus'tu.
paving,"yol yüzeyi, taş döşeme, yol döşeme",isim,B1,,The study highlighted the profound impact of paving.,Çalışma yol yüzeyi kavramının derin etkisini vurguladı.
pear,"armut, çong, kamboçya ve tayland’da yaşayan etnik bir grup",isim,B1,,I'm eating a pear.,Bir armut yiyorum.
people,"insanlar, ulus, halk",isim,B1,,I love you people.,Siz insanları seviyorum.
peppers,biber,isim,B2,,I love hot peppers.,Acı biberleri severim.
perception,"algı, algılanma, feraset",isim,C1,,This perception is incorrect.,Bu algı yanlış.
performance,"performans, oynanma, gösteri",isim,C1,,I loved Tom's performance.,Tom'un performansını sevdim.
period,"devir, dönem, çağ",isim,B1,,Is it fifth period?,O beşinci dönem mi?
permit,"izin vermek, ruhsat, izin",isim,B1,,I won't permit it.,Ona izin vermeyeceğim.
personality,"kişilik, şahsiyet, önemli kişi",isim,C1,,I like your personality.,Kişiliğini beğeniyorum.
persuasion,"ikna etme, inandırma, ikna",isim,C1,,Tom will need some persuasion.,Tom'un ikna edilmesi gerekecek.
pet,"evde beslenen hayvan, ev hayvanı, evcil hayvan",isim,B1,,Do you have a pet?,Bir evcil hayvanın var mı?
petrol,"petrol, benzin",isim,B1,,The study highlighted the profound impact of petrol.,Çalışma petrol kavramının derin etkisini vurguladı.
pharmacist,eczacı,isim,C1,,Tom is a pharmacist.,Tom eczacı.
phenomenon,"algılanabilen şey, olağanüstülük, olgu",isim,C1,,It's a normal phenomenon.,Bu normal bir olgudur.
photo,"foto, fotoğraflamak, resim vermek",isim,B1,,I took the photo.,Fotoğraf çektim.
photosynthesis,"fotosentez, ışılbireşim, ışık yardımı ile besin biriktirme süreçi",isim,C1,,The study highlighted the profound impact of photosynthesis.,Çalışma fotosentez kavramının derin etkisini vurguladı.
physician,"tıp adamı, hekim, tabip",isim,B2,,He is not a physician.,O bir doktor değil.
physics,fizik,isim,B2,,I got a B in physics.,Fizikten B aldım.
piano,"piyano çalgı, piyano, hafif",isim,B1,,I have a piano.,Benim bir piyanom var.
pile,"yığın, istif etmek, tepeleme doldurmak",isim,B1,,Tom has made a pile of money.,Tom bir yığın para kazandı.
pilots,"türk jet pilotları, hava yolu nakil pilot lisansı, ticari pilot lisansı",isim,B1,,I know lots of pilots.,Bir sürü pilot tanıyorum.
pizza,pizza,isim,B1,,Let's eat pizza.,Pizza yiyelim.
placing,"tahsisli satış, yerleştirme, yerine koyma",isim,B2,,I'm placing you under arrest.,Seni tutukluyorum.
plan,"planlamak, tasarlamak, plan",isim,B1,,It's a plan.,Bu bir plan.
plant,"dikmek, ekmek, tesis",isim,B1,,It's a plant.,Bu bir bitki.
plays,oyunlar,isim,B1,,He plays the piano.,"O, piyano çalıyor."
point,"nokta, puan, uç",isim,B1,,I get her point.,Onun ne demek istediğini anlıyorum.
poison,"zehirlemek, zehir, otalamak",isim,B1,,Is sugar a poison?,Şeker bir zehir midir?
population,"nüfus, ahali, sekene",isim,C1,,The population is growing.,Nüfus büyüyor.
porch,"portik, sundurma veranda, giriş",isim,B1,,Get off my porch.,Kapımdan git.
position,"mevki, pozisyon, konum",isim,B2,,We're in position.,Yerimizi aldık.
power,"yetki, güç, kuvvet",isim,B1,,The power's out.,Elektrik gitti.
practicality,"kullanışlılık, uygulanabilirlik, pratiklik",isim,C1,,He is inclined to look at everything from the standpoint of its practicality and is neither stingy nor extravagant.,O her şeye pratikliği bakımından bakma eğilimindedir ve ne pinti ne de savurgandır.
practice,"uygulamak, alıştırma yapmak, yapmak",isim,B2,apply,We practice a lot.,Biz çok pratik yaparız.
precaution,"önlem, tedbir, ihtiyat",isim,C1,,It's just a precaution.,Bu sadece bir önlem.
precautions,önlemler,isim,C1,,We've taken precautions.,Biz önlemler aldık.
predictions,"tahminler, kehanetler",isim,C1,,I'm making no predictions.,Tahmin yapmıyorum.
prejudgment,"önyargı, yargılamadan verilen hüküm, peşin hüküm",isim,C1,,The study highlighted the profound impact of prejudgment.,Çalışma önyargı kavramının derin etkisini vurguladı.
prejudice,"önyargı, zayıflatmak, haksız hüküm verdirmek",isim,B2,,Prejudice will continue to exist.,Önyargı var olmaya devam edecektir.
presence,"mevcudiyet, buradalık, oluş",isim,B2,,I can feel Tom's presence.,Tom'un mevcudiyetini hissedebiliyorum.
presentation,"sunum, sahneleme, arz",isim,C1,,How did the presentation go?,Sunum nasıl gitti?
presentations,sunular,isim,C1,,The study highlighted the profound impact of presentations.,Çalışma sunular kavramının derin etkisini vurguladı.
press,"basmak, bastırmak, baskı yapmak",isim,B1,,Don't press it.,Bunu basmayın.
pressure,"basınç, baskı, zorlamak",isim,B2,,Don't pressure Tom.,Tom'a baskı yapmayın.
prevention,"menetme, önlem, engelleme",isim,C1,,Prevention is the key.,Önleme anahtardır.
price,"bedel, fiyat, ücret",isim,B1,,What's the price?,Fiyat nedir?
prior,"önceden, daha önce olan, daha erken olan",isim,B1,,I have a prior engagement.,Bir randevum var.
prison,"hapishane, cezaevi, hapis",isim,B1,,He's in prison.,O hapiste.
prisoner,"esir, tutuklu, tutsak",isim,B2,,I'm a prisoner.,Ben bir mahkûmum.
prisoners,mahkumlar,isim,B2,,We're all prisoners.,Hepimiz mahkumuz.
problem,"problem, mesele, sorun",isim,B2,,It's a problem.,Bu bir sorun.
procedure,"prosedür, yöntem, ameliye",isim,B2,,I know the procedure.,Prosedürü biliyorum.
process,"işlemek, işlem, süreç",isim,B2,,What's the process?,İşlem nedir?
production,"üretme, yapım, imal",isim,C1,,Tom directed the production.,Tom prodüksiyonu yönetti.
professionals,profesyonel,isim,C1,,We're all professionals.,Hepimiz profesyoneliz.
programs,programlar,isim,B2,,I love cooking programs.,Yemek programlarını severim.
progress,"gelişmek, gelişim göstermek, ilerlemek",isim,B2,,I've made progress.,İlerleme kaydettim.
progression,"ilerleme, devamlılık, sıra",isim,C1,,What's the chord progression?,Akort ilerlemesi nedir?
promoting,"yükseltme, terfi ettirme",isim,B2,,The company is promoting a new car on TV.,Şirket televizyonda yeni bir araba tanıtımı yapıyor.
proof,"kanıt, ispat, dayanıklı hale getirmek",isim,B1,,I've got proof.,Kanıtım var.
proper,"uygun, münasip, rabıtalı",isim,B1,,Proper ID is required.,Geçerli bir kimlik belgesi gereklidir.
proportion,"orantı, oran, ayarlamak",isim,C1,,Each man's pay was in proportion to his work.,Her birinin ödemesi onun eseri ile orantılıydı.
prospect,"olasılık, maden aramak, altın aramak",isim,B2,,It's a depressing prospect.,Çok iç karartıcı bir ihtimal.
protection,"himaye, koruma, korunma",isim,C1,,I don't need protection.,Korumaya ihtiyacım yok.
proteins,proteinler,isim,B2,,The study highlighted the profound impact of proteins.,Çalışma proteinler kavramının derin etkisini vurguladı.
protests,protestolar,isim,B2,,The protests have died down.,Protestolar bitti.
psychology,"ruh bilimi, psikoloji, tinbilim",isim,C1,,I majored in psychology.,Psikolojide ihtisas yaptım.
publicity,"tanıtım, ilan, propaganda",isim,B2,,It was a publicity stunt.,O bir tanıtım dublörlüğüydü.
pull,"çekmek, kalkmak, hareket etmek",isim,B1,,Pull up a chair.,Bir sandalye çek.
pupil,"öğrenci, öğrenci öğretmen, stajyer",isim,B1,,Tom's pupils are dilated.,Tom'un göz bebekleri büyümüş.
purchase,"satın almak, satın alma, alım",isim,B2,,Did Tom purchase it?,Tom onu satın aldı mı?
putting,"yerleştirme, koyma",isim,B2,,He's putting on airs.,O fiyaka yapıyor.
puzzle,"bulmaca, bilmece, şaşırmak",isim,B1,,That's a puzzle.,O bir bulmaca.
quality,"kalite, nitelik, kaliteli",isim,B2,,You pay for quality.,Sen kalite için ödersin.
quantity,"nicelik, miktar, azlık çokluk",isim,B2,,I prefer quality to quantity.,Kaliteyi miktara tercih ederim.
quantum,"pay, hisse, kuantum",isim,B2,,The study highlighted the profound impact of quantum.,Çalışma pay kavramının derin etkisini vurguladı.
quarter,"çeyrek, yerleştirmek, dörde bölmek",isim,B2,,It's a quarter to two.,İkiye çeyrek var.
question,"soru, sorular sormak, sorgulamak",isim,B2,,Ask me a question.,Bana bir soru sor.
quicker,"hızlı, daha hızlı, daha çabuk",isim,B2,,You're quicker than me.,Benden daha hızlısın.
quiz,"sınav yapmak, çok soru sormak, sorgulamak",isim,B1,,We had a quiz today.,Biz bugün bir sınav olduk.
range,"silsile, sıra, çeşitlilik",isim,B1,,It's hard to tell at this range.,Bu mesafeden söylemek zor.
ranging,"değişme, serbestçe dolaşan, dolaşıp duran",isim,B2,,Many boys and girls ranging from 12 to 18 entered the contest.,12 ila 18 arasında değişiklik gösteren birçok erkek ve kız yarışmaya katıldı.
rate,"kur, oran, addetmek",isim,B1,,That's the going rate.,"O, gidiş oranıdır."
rates,"bedeller, fiyat listesi, yerel yönetim tarafından toplanan vergi/vergiler",isim,B1,,How are rates determined?,Oranlar nasıl belirleniyor?
ratio,"oran, orantı, nispet",isim,B1,,The study highlighted the profound impact of ratio.,Çalışma oran kavramının derin etkisini vurguladı.
ray,"ışın, ışın tedavisi yapmak, ışımak",isim,B1,,Let's take an X-ray just in case.,Her ihtimale karşı bir film çekelim.
reachability,"ulaşılabilirlik, erişilebilirlik",isim,C1,,The study highlighted the profound impact of reachability.,Çalışma ulaşılabilirlik kavramının derin etkisini vurguladı.
reaction,"tepkime, reaksiyon, tepki",isim,B2,,They want a reaction.,Onlar bir tepki istiyorlar.
reading,"okuma, mana, yorum",isim,B2,,I'm reading it.,Onu okuyorum.
realm,"krallık, alem, memleket",isim,B1,,The study highlighted the profound impact of realm.,Çalışma krallık kavramının derin etkisini vurguladı.
reason,"sebep, akıl, gerekçe",isim,B1,,Give me a reason.,Bana bir sebep göster.
receiving,"alış, karşılama, alma",isim,B2,,Tom is receiving treatment.,Tom tedavi görüyor.
recommendation,"tavsiye, tavsiyename, iş başarı belgesi",isim,C1,,Is that a recommendation?,O bir tavsiye mi?
recover,"kurtarmak, iyileşmek, sağalmak",isim,B2,heal,Tom needs to recover.,Tom'un iyileşmesi gerekiyor.
recovering,"ihya, geri alma, kendine gelme",isim,C1,,Is Tom still recovering?,Tom hâlâ iyileşiyor mu?
recovery,"kurtulma, atlatma, toparlanma",isim,B2,,Tom is in recovery.,Tom iyileşiyor.
reducing,"eksiltme, kısma, zayıflama",isim,B2,,Karaoke is good for reducing stress.,Karaoke stresi azaltmak için iyidir.
reformer,"reformcu, yenilikçi, düzelten kimse",isim,B2,,The study highlighted the profound impact of reformer.,Çalışma reformcu kavramının derin etkisini vurguladı.
reformist,"reformcu, ıslahatçı, yenilikçi",isim,B2,,The study highlighted the profound impact of reformist.,Çalışma reformcu kavramının derin etkisini vurguladı.
region,"bölge, yöre, ülke",isim,B1,,We found gold in that region.,Bu bölgede altın bulduk.
regulation,"düzenleme, nizam, regülasyon",isim,C1,,More regulation is needed.,Daha fazla düzenleme gereklidir.
rehabilitation,"rehabilitasyon, ıslah, haklarını geri verme",isim,C1,,Making amends is the first step toward rehabilitation.,Telafi etmek rehabilitasyona doğru ilk adımdır.
relativity,"izafiyet, bağıntıcılık, mensubiyet",isim,C1,,Few scientists understand the theory of relativity.,Görecelik teorisini az sayıda bilimci anlıyor.
relaxation,"dinlenme, relaksasyon, istirahat",isim,C1,,What do you do for relaxation?,Rahatlamak için ne yapıyorsun?
release,"piyasaya sunmak, piyasaya sürmek, satışa çıkarmak",isim,B2,,I'll release you.,Seni serbest bırakacağım.
releasing,"salma, serbest bırakma, serbest bırakan",isim,B2,,I'm releasing the prisoners.,Tutukluları serbest bırakıyorum.
relevance,"ilgi, alaka, bağıntılılık",isim,B2,,I don't see the relevance.,Ben alakayı görmüyorum.
reliance,"güven, güvenç, güvenme",isim,B2,,The study highlighted the profound impact of reliance.,Çalışma güven kavramının derin etkisini vurguladı.
remains,"kalıntılar, artıklar, ceset",isim,B2,,Tom remains in jail.,Tom hapiste kalıyor.
remedy,"deva, çare, çare bulmak",isim,B1,"cure, treatment",Is there a remedy?,Bir çare var mı?
represents,"aşağıdaki tutarlardan daha yüksek olanını aşan, her nokta, ilgili boyut",isim,C1,,Who represents the defendant?,Sanığı kim temsil ediyor?
request,"rica etmek, talep etmek, istem",isim,B2,,I have a request.,Bir talebim var.
research,"incelemek, araştırmak, araştırma yapmak",isim,B2,,I did some research.,Biraz araştırma yaptım.
researcher,"araştırmacı, araştırıcı, araştırma görevlisi",isim,C1,"scientist, analyst, investigator","He said, ""I plan to become a researcher.""","O, ""bir araştırmacı olmayı planlıyorum"" dedi."
researchers,araştırmacılar,isim,C1,,Researchers say that it's easier to lose weight if you eat three square meals a day.,Araştırmacılar günde üç doyurucu yemek yersen kilo vermenin daha kolay olduğunu söylüyor.
resilience,"elastikiyet, geri tepme, çabuk iyileşme gücü",isim,C1,,The study highlighted the profound impact of resilience.,Çalışma elastikiyet kavramının derin etkisini vurguladı.
resource,"kaynak, kaynak sağlamak, beceriklilik",isim,B2,,Water is a precious resource.,Su çok kıymetli bir kaynaktır.
response,"cevap, karşılık, yanıt",isim,B2,,We need a response.,Bir yanıta ihtiyacımız var.
rest,"dinlendirmek, dinlenmek, dinlenme",isim,B1,,I need a rest.,Dinlenmeye ihtiyacım var.
restlessness,"yerinde duramama, huzursuzluk, uykusuzluk",isim,C1,,His restlessness gave her a hint that something was wrong.,Onun huzursuzluğu ona bir şeylerin yanlış olduğuna dair bir ipucu verdi.
restoration,"restore etme, restorasyon, restorasyon dönemi",isim,C1,,The study highlighted the profound impact of restoration.,Çalışma restore etme kavramının derin etkisini vurguladı.
restriction,"sınırlama, kısıtlama, tahdit",isim,C1,,They decided to abolish the old restriction.,Eski kısıtlamayı kaldırmaya karar verdiler.
result,"netice, sonuç, sonucu olmak",isim,B1,,What was the result?,Sonuç neydi?
results,"sonuçlar, bulgular",isim,B2,,The results are in.,Sonuçlar geldi.
revolution,"ihtilal, devrim, inkılap",isim,C1,,The revolution is over.,Devrim bitti.
ring,"çalmak, yüzük, halka",isim,B1,,I have a ring.,Bir yüzüğüm var.
risk,"risk, göze almak, riske etmek",isim,B1,,I'll risk it.,Onu riske atacağım.
risks,riskler,isim,B1,,Don't run risks.,Risk almayın.
rivers,"her yol roma'ya çıkar, su akar yolunu bulur, tilkinin dönüp dolaşıp geleceği yer yine kürkçü dükkanıdır",isim,B1,,There are many rivers in India.,Hindistan'da birçok nehir var.
robber,"soyguncu, hırsız, haydut",isim,B1,,Tom was the other robber.,Tom diğer soyguncuydu.
robbery,"hırsızlık, soygun, karmanyola",isim,B2,,Was it a robbery?,O bir soygun muydu?
role,"rol, rol yapmak, sıfat",isim,B1,,Is that your role?,Bu sizin rolünüz mi?
roller,"silindir, büyük dalga, bobin",isim,B1,,I love roller skating.,Ben pateni seviyorum.
root,"köken, kök, deşmek",isim,B1,,Do you like root beer?,Alkolsüz bira sever misin?
rope,"halat, ip, kementle yakalamak",isim,B1,,I cut the rope.,Halatı kestim.
route,"güzergah, rota, sevk etmek",isim,B1,,Can I change the route?,Rotayı değiştirebilir miyim?
routine,"rutin, adet, hergünkü işler",isim,B2,,It's pretty routine.,Oldukça rutin.
row,"sıra, dizi, gürültülü bir şekilde kavga etmek",isim,B1,,I'm on death row.,Ben ölüm hücresindeyim.
rule,"hüküm sürmek, hükmetmek, kural",isim,B1,,It's a rule.,Bu bir kural.
sample,"örnek, numune, denemek",isim,B1,,This is a free sample.,Bu ücretsiz bir örnektir.
satellite,"uydu, uşak, peyk",isim,B2,,The satellite is now in orbit.,Uydu şimdi yörüngededir.
scanning,"tarama, gözden geçirme, görüntüleme",isim,B2,,The study highlighted the profound impact of scanning.,Çalışma tarama kavramının derin etkisini vurguladı.
scaring,"korkutma, ürkütme, ürkütücü",isim,B2,,Tom is scaring me.,Tom beni korkutuyor.
scene,"sahne, manzara, olay yeri",isim,B1,,She made a scene.,O bir sahne yaptı.
schooling,"terbiye, tedrisat, eğitme",isim,B2,,The study highlighted the profound impact of schooling.,Çalışma terbiye kavramının derin etkisini vurguladı.
science,"ilim, bilim, beceri",isim,B2,,I'm good at science.,Ben bilimde iyiyim.
scientist,"bilgin, bilim insanı, fenci",isim,B2,"researcher, analyst, scholar",He is a scientist.,O bir bilim adamıdır.
scientists,"bilim adamları, bilim insanları",isim,C1,,Many scientists knew him.,Birçok bilim adamı onu tanıyordu.
scores,"çok sayı, çok sayıda, skorlar",isim,B1,,Scores of people visited Japan.,Çok sayıda insan Japonyayı ziyaret etti.
seam,"dikiş, dikiş yeri, ters ilmikle örmek",isim,B1,,The study highlighted the profound impact of seam.,Çalışma dikiş kavramının derin etkisini vurguladı.
searcher,"araştırmacı, arayan, arama yapan kimse",isim,B2,,The study highlighted the profound impact of searcher.,Çalışma araştırmacı kavramının derin etkisini vurguladı.
seas,gözlem anında rüzgar etkisiyle oluşan dalgalar,isim,B1,,The study highlighted the profound impact of seas.,Çalışma gözlem anında rüzgar etkisiyle oluşan dalgalar kavramının derin etkisini vurguladı.
seashore,"deniz kıyısı, kıyı, lebiderya",isim,B2,,They made for the seashore.,Onlar sahile doğru gitti.
seaside,"sahil, deniz kıyısı, deniz kenarı",isim,B2,,It's a nice seaside town.,Bu güzel bir sahil kasabası.
second,"saniye, ikinci, destek vermek",isim,B1,,Give it a second.,Ona bir saniye ver.
security,"güvenlik, emniyet, güvence",isim,B2,,I'll call security.,Güvenliği arayacağım.
sedation,"yatıştırma, sakinlik, sedasyon",isim,B2,,The study highlighted the profound impact of sedation.,Çalışma yatıştırma kavramının derin etkisini vurguladı.
seed,"tohum, çekirdeği çıkarmak, çekirdeğini çıkarmak",isim,B1,,When did you seed the lawn?,Çimi ne zaman tohumladın?
seemed,göründü,isim,B1,,It seemed to work.,İşe yaramış gibiydi.
segregation,"ırk ayrımı, ayrı depolama, ayrı tutma",isim,C1,,The study highlighted the profound impact of segregation.,Çalışma ırk ayrımı kavramının derin etkisini vurguladı.
selection,"seçme, ayırma, seçme şey",isim,B2,,I've made my selection.,Ben seçimimi yaptım.
self,"öz, kendi, özellik",isim,B1,,I'm self-employed.,Ben serbest meslek sahibiyim.
semester,"sömestr, dönem, sömestir",isim,B2,,Second semester has ended.,İkinci dönem bitti.
sensation,"sansasyon, his, algılama",isim,B2,,This sensation is great.,Bu his harika.
sense,"algılamak, hissetmek, algı",isim,B1,,I can sense that.,Onu hissedebilirim.
session,"celse, oturum, seans",isim,B2,,The Diet is now in session.,Meclis şimdi oturumda.
setback,"gerileme, aksama, yenilgi",isim,B2,,It's only a minor setback.,Bu sadece küçük bir başarısızlık.
setup,"kurma, kurulum, vaziyet",isim,B1,,The study highlighted the profound impact of setup.,Çalışma kurma kavramının derin etkisini vurguladı.
shape,"şekillendirmek, biçim vermek, şekil vermek",isim,B1,,I'm in bad shape.,Ben kötü durumdayım.
sheep,"koyun, koyun gibi tip, ezik kimse",isim,B1,,Draw me a sheep.,Bana bir koyun çiz.
shelter,"barınak, sığınak, sığınmak",isim,B2,,I built a shelter.,Bir barınak inşa ettim.
shield,"zırh, siper, kalkan",isim,B1,,I tried to shield you from this.,Seni bundan korumaya çalıştım.
shift,"değiştirmek, vardiya, kaçamak cevap vermek",isim,B1,,My shift's over.,Benim vardiyam bitti.
shore,"sahil, kıyı, payanda vurmak",isim,B1,,Tom swam to the shore.,Tom kıyıya yüzdü.
show,"göstermek, gösteri, showed - shown/showed",isim,B1,,I'll show you.,Sana göstereceğim.
sickness,"hastalık, dert, bulantı",isim,B2,,I get motion sickness.,Beni taşıt tutar.
sight,"görünüş, görme yeteneği, görme",isim,B1,,Keep out of sight.,Gözden uzak dur.
sign,"imzalamak, imza atmak, alamet",isim,B1,,It's a sign.,Bu bir işaret.
silver,"gümüş, ağarmak, sırlamak",isim,B1,,Silver is a metal.,Gümüş bir metaldir.
sings,"dereyi görmeden paçaları sıvama, son kozu oynamadan her şey bitmiş sayılmaz, henüz her şey bitmedi",isim,B1,,Tom sings off key.,Tom akortsuz şarkı söyler.
site,"yerleştirmek, oturtmak, açmak",isim,B1,,We're updating the site.,Siteyi güncelliyoruz.
sitting,"oturuş, oturum, oturma",isim,B2,,I'm sitting down.,Oturuyorum.
situation,"hal, durum, ekmek kapısı",isim,B2,,We have a situation.,Bizim bir durumumuz var.
skill,"maharet, beceri, hüner",isim,B1,,Your skill impresses me.,Becerin beni etkiliyor.
skills,"vasıflar, beceriler",isim,B1,,You've got skills.,Yeteneklerin var.
skin,"soymak, ten, deri",isim,B1,,I have dry skin.,Ben kuru bir cilde sahibim.
skyscraper,gökdelen,isim,C1,,The skyscraper was built on a solid foundation.,Gökdelen sağlam bir temel üzerine inşa edildi.
skyscrapers,gökdelenler,isim,C1,,Skyscrapers are beautiful structures.,Gökdelenler güzel yapılardır.
slope,"meyil, bayır, eğim",isim,B1,,It's a slippery slope.,O kaygan bir eğim.
smells,"biri ölmüş gibi kokuyor!, leş gibi kokuyor!, gerçekten çok kötü kokuyor!",isim,B1,,It smells in here.,Burası kokuyor.
smoking,"sigara içme, sigara kullanımı, dumanlama",isim,B2,,I've quit smoking.,Sigarayı bıraktım.
society,"toplum, dernek, cemiyet",isim,B2,,He is a danger to society.,"O, toplum için bir tehlikedir."
soil,"toprak, pisletmek, leke sürmek",isim,B1,,This soil is moist.,Bu toprak nemli.
soldier,"asker, askerlik yapmak, işçi",isim,B2,,I'm a soldier.,Ben bir askerim.
soldiers,askerler,isim,B2,,We're not soldiers.,Biz asker değiliz.
solicitor,"avukat, acente, savcı",isim,B2,,The study highlighted the profound impact of solicitor.,Çalışma avukat kavramının derin etkisini vurguladı.
solution,"çözelti, çözüm, mahlul",isim,B2,,I have a solution.,Benim bir çözümüm var.
solutions,"çözüm yolları, çözümler, solüsyonlar",isim,B2,,Are there any solutions?,Herhangi bir çözüm var mı?
solving,"çözme, çözüm, kulak tırmalayıcı",isim,B2,,I'm solving a puzzle.,Bir bulmaca çözüyorum.
sort,"sıralamak, sınıflandırmak, cins",isim,B1,,I'm sort of busy.,Hayli meşgulüm.
sorting,"sıralama, derecelenme, sınıflandırma",isim,B2,,We're still sorting it out.,Biz hâlâ onu çözümlüyoruz.
soul,"ruh, kimse, kök",isim,B1,,I love soul food.,Zencilerin mutfağını seviyorum.
soundness,"sağlamlık, selamet, iyi durumda olma",isim,B2,,The study highlighted the profound impact of soundness.,Çalışma sağlamlık kavramının derin etkisini vurguladı.
sounds,"sesler, ses efekti",isim,B1,,It sounds like Tom.,O Tom'a benziyor.
source,"kaynak, köken, edinmek",isim,B1,,I know the source.,Kaynağı biliyorum.
sources,kaynaklar,isim,B2,,Their sources are wrong.,Onların kaynakları yanlış.
space,"aralık, açıklık, mekan",isim,B1,,I need more space.,Daha çok yere ihtiyacım var.
spe,özel-amaçlı şirket,isim,B1,,Can we speed it up?,Onu hızlandırabilir miyiz?
specialist,"uzman, kompetan, uzman doktor",isim,C1,,Tom is a specialist.,Tom bir uzman.
specialty,"spesiyalite, özel anlaşma, ihtisas",isim,B2,,That's my specialty.,Bu benim uzmanlığım.
species,"tür, ortak özellikleri olan grup, hayal",isim,B2,,It is an endangered species.,Nesli tükenmekte olan bir türdür.
spectator,"seyirci, izleyici, temâşâcı",isim,B2,,What's your favorite spectator sport?,Favori gösteri sporun nedir?
speed,"sürat, hız, sped/speeded - sped/speeded",isim,B1,,Can we speed it up?,Onu hızlandırabilir miyiz?
spider,"örümcek, istavroz dişlisi, ayaklı tava",isim,B1,,The spider is dead.,Örümcek öldü.
spot,"leke, benek, nokta",isim,B1,,I am in a spot.,Başım dertte.
spread,"yaymak, yayılmak, spread - spread",isim,B1,,I'll spread the word.,Haberi yayacağım.
spreading,"yaylım, tevsi, yayma",isim,B2,,The fire is spreading.,Yangın yayılıyor.
stability,"kararlılık, durağanlık, sabitlik",isim,B2,,Stability has been elusive.,İstikrar zor bulunur.
staff,"kadro, personel, görevli olarak çalışmak",isim,B1,,We need more staff.,Daha fazla personele ihtiyacımız var.
stage,"sahneye koymak, sahnelemek, evre",isim,B1,,Get off the stage.,Sahneden in.
standard,"standart, miyar, sembol",isim,B2,,That's the standard.,"O, standarttır."
statement,"ifade, söz, beyan",isim,B2,,I made a statement.,Ben bir açıklama yaptım.
status,"hal, statü, durum",isim,B1,,What's our status?,Statümüz nedir?
stay,"kalmak, kalma süresi, kalma",isim,B1,,I can't stay.,Ben kalamam.
steel,"çelik, sertleştirmek, çakmak",isim,B1,,He has a grip of steel.,"O, çelikten yapılmış bir bağaja sahiptir."
step,"üvey, adım, basamak",isim,B1,,It's a big step.,Bu büyük bir adım.
storm,"fırtına, bağırıp çağırmak, fırtına gibi esmek",isim,B1,,The storm let up.,Fırtına sakinleşti.
storytelling,"hikaye anlatıcılığı, hikaye anlatma sanatı, hikaye anlatma",isim,C1,,The study highlighted the profound impact of storytelling.,Çalışma hikaye anlatıcılığı kavramının derin etkisini vurguladı.
stream,"dere, akarsu, akıp gitmek",isim,B1,,He sat next to the stream.,"O, dereye yakın oturdu."
streams,"oluk oluk, borulardaki gaz akışlarının hız ve debisinin ölçülmesi, borulardaki gaz akımları",isim,B2,,They had to build bridges over the many streams.,Birçok akarsu üzerinde köprü inşa etmek zorundaydılar.
streets,sokaklar,isim,B2,,The streets are clean.,Caddeler temiz.
strength,"güç, kuvvet, sertlik",isim,B2,,God is our strength.,Allah bizim gücümüzdür.
stress,"stres, tonlamak, baskı yapmak",isim,B1,,I'm always under stress.,Her zaman stres altındayım.
string,"sicim, dizi, strung - strung",isim,B1,,This string is strong.,Bu ip güçlü.
stud,"azgın erkek, damızlık at, iri başlı çivi",isim,B1,,The study highlighted the profound impact of stud.,Çalışma azgın erkek kavramının derin etkisini vurguladı.
students,öğrenciler,isim,B2,,We're all students.,Biz hepimiz öğrenciyiz.
studies,"araştırmalar, dersler, çalışmalar",isim,B2,,He studies very hard.,O çok fazla çalışır.
stuff,"şey, tıkınmak, tıkmak",isim,B1,,That's my stuff.,Bu benim eşyam.
style,"biçim, tarz, biçem",isim,B1,,It's my style.,Bu benim tarzım.
subject,"ders, özne, konu",isim,B2,,Stick to the subject.,Konuya sadık kal.
substance,"cisim, madde, önem",isim,B2,,Carbon monoxide is a poisonous substance formed by the incomplete combustion of carbon compounds.,Karbon monoksit karbon bileşiklerinin tam yanmamasından oluşan zehirli bir maddedir.
substances,"tehlikeli atıklar, zehirli nesneler, tehlikeli maddeler",isim,C1,,Did Tom take banned substances?,Tom yasaklanmış maddeleri alıyor muydu?
success,"muvaffakiyet, başarı, başarılmış iş",isim,B2,,I wish you success.,Sana başarılar diliyorum.
sufferer,"acı çeken kimse, hastası olan kimse, çeken kimse",isim,B2,,Relief has been sent to the flood sufferers.,Sellerden etkilenenlere yardım gönderildi.
suggesting,"gösteren, farzedelim ki, öne süren",isim,C1,,What's Tom suggesting?,Tom ne öneriyor?
suggestion,"telkin, öneri, telkin etme",isim,C1,,I have a suggestion.,Benim bir önerim var.
suicide,"intihar, intihar eden kimse, kendini öldürme",isim,B2,,Suicide isn't painful.,Özkıyım acısızdır.
suitability,"uygunluk, uygun olma, liyakat",isim,C1,,The study highlighted the profound impact of suitability.,Çalışma uygunluk kavramının derin etkisini vurguladı.
sum,"toplam, tutar, toplamak",isim,B1,,Please sum up your idea.,Lütfen fikrini toparla.
summer,"yaz, yazı geçirmek, hayatın baharı",isim,B1,,Is it summer yet?,Yaz geldi mi?
sunflower,"ayçiçeği, gündöndü, günçiçeği",isim,B2,,It's a sunflower.,Bu bir ayçiçeği.
superior,"amir, üst, üstün",isim,B2,,Tom is your superior.,Tom senin amirin.
supervision,"teftiş, nezaret, denetim",isim,C1,,Tom needs some adult supervision.,Tom'un biraz yetişkin gözetimine ihtiyacı var.
supplement,"ek, tamamlamak, eklemek",isim,C1,,You had better supplement your diet with vitamins.,Diyetini vitaminlerle tamamlasan iyi olur.
supplements,"ücret ve maaşlara ek ödemeler, yan ödemeler, beslenme ve diyet destekleri",isim,C1,,The study highlighted the profound impact of supplements.,Çalışma ücret ve maaşlara ek ödemeler kavramının derin etkisini vurguladı.
supplying,"donatım, tedarik, sağlama",isim,B2,,They were accused of supplying arms to terrorists.,Onlar teröristlere silah sağlamakla suçlandılar.
surgery,"ameliyat, ameliyathane, cerrahlık",isim,B2,,Do I need surgery?,Ameliyata ihtiyacım var mı?
surrender,"vazgeçmek, teslim olmak, boyun eğmek",isim,B2,,We won't surrender.,Biz teslim olmayacağız.
survivor,"hayatta kalan, sağ kalan, sağ kalan kimse",isim,B2,,I'm a survivor.,Ben bir felaketzedeyim.
suspense,"tereddüt, erteleme, kesilme",isim,B2,,Don't keep me in suspense.,Beni merakta bırakma.
swap,"değiş tokuş, takas, değiş tokuş yapmak",isim,B1,,Do you want to swap jobs?,İşleri değiştirmek ister misiniz?
swimming,"yüzme, yüzücülük, yüzme sporu",isim,B2,,I'll go swimming.,Ben yüzmeye gideceğim.
switch,"değiştirmek, değişme, anahtar",isim,B1,,The switch is on.,Anahtar açık.
symptom,"belirti, alamet, emare",isim,B2,,Do you have this symptom often?,Sık sık bu belirtilerin olur mu?
system,"sistem, şebeke, kaide",isim,B1,,It's our system.,Bu bizim sistemimiz.
tail,"kuyruk, kuyruk yapmak, peşine takılmak",isim,B1,,A cow has a long tail.,Bir ineğin uzun bir kuyruğu vardır.
tain,"kalay yaldızı, staniyol, ayna sırı",isim,B1,,The study highlighted the profound impact of tain.,Çalışma kalay yaldızı kavramının derin etkisini vurguladı.
talent,"kabiliyet, hüner, yetenek",isim,B1,,I admire his talent.,Ben onun yeteneğine hayranım.
tank,"tank, depoya koymak, tank gibi  hareket etmek",isim,B1,,Fill up the tank.,Depoyu doldurun.
target,"hedef, amaç, gaye",isim,B1,,I hit the target.,Hedefi vurdum.
task,"görev, vazife, ödev",isim,B1,,It's a huge task.,Bu büyük bir görev.
tasks,"görevler, ödev",isim,B1,,Leave the hard tasks to me.,Zor işleri bana bırak.
taste,"tatmak, tat, lezzet",isim,B1,,Let me taste it.,Onun tadına bakayım.
tastes,"lezzetler, zevkler",isim,B1,,It tastes very good.,Çok iyi tadı var.
team,"takım, ekip, takım halinde yapmak",isim,B1,,We're a team.,Biz bir takımız.
technique,"teknik, uygulayım, fen",isim,B2,,It's all about technique.,Teknik meselesi.
techniques,"taktikler, prosedürler, yöntemler",isim,C1,,Tom tried a few different techniques.,Tom birkaç farklı yöntem denedi.
technologies,teknolojiler,isim,C1,,The study highlighted the profound impact of technologies.,Çalışma teknolojiler kavramının derin etkisini vurguladı.
technology,"teknoloji, uygulayımbilim, mühendislik bilgisi",isim,C1,,Tom is a technology addict.,Tom bir teknoloji bağımlısı.
teen,"genç, incinme, delikanlı",isim,B1,,She knew the teen.,O gençleri biliyordu.
teenager,"on üç ile on dokuz yaşlar arasındaki kimse, delikanlı, yeniyetme",isim,B2,,Tom is a teenager.,Tom bir delikanlı.
teenagers,ergenler,isim,B2,,Love is for teenagers.,"Aşk, gençler içindir."
teeth,"diş çıkarmak, dişler, en şiddetli noktası",isim,B1,,He had few teeth.,Onun az sayıda dişi vardı.
temperature,"sıcaklık, ısı derecesi, ısı",isim,C1,,I have a temperature.,Ateşim var.
temperatures,"düşük sıcaklıklar, tüm dünyadaki en uç ortam sıcaklıkları, hafifçe yükselen sıcaklıklar",isim,C1,,Milder temperatures are expected next week.,Gelecek hafta daha hafif sıcaklıklar bekleniyor.
tendency,"eğilim, meyletme, çalma",isim,B2,,Tom has a tendency to ramble.,Tom'un boş boş gezme eğilimi var.
tension,"tansiyon, gerginlik, gerilim",isim,B2,,Can you feel the tension?,Gerilimi hissedebiliyor musun?
tensions,gerginlikler,isim,B2,,Racial tensions remained high.,Irkçı gerilimler yüksek kaldı.
term,"isimlendirmek, terim, dönem",isim,B1,,Tom served one term.,Tom bir dönem hizmet etti.
terms,"ara, ücret, fiyat",isim,B1,,What're the terms?,Şartlar nedir?
territory,"yöre, arazi, tarla",isim,B2,,Tom knows the territory.,Tom araziyi bilir.
tests,sınav,isim,B1,,I failed the tests.,Ben testlerde başarısız oldum.
the,"belirli durumlarda isimden önce kullanılır, belli bir objeyi/kişiyi/yeri nitelemek için kullanılır",isim,B1,,I'm the CEO.,Ben CEO'yum.
theater,"tiyatro, meydan, sinema salonu",isim,B2,,Tom owns a theater.,Tom bir tiyatro sahibidir.
theft,"hırsızlık, aşırma, arakçılık",isim,B1,,He is guilty of theft.,"O, hırsızlıktan suçludur."
their,onların,isim,B1,,It's their job.,Bu onların işi.
theories,"nazariyat, teoriler",isim,B2,,I have a few theories.,Benim birkaç teorim var.
theory,"teori, kuram, nazariye",isim,B1,,I have a theory.,Benim bir teorim var.
therapies,"tedaviler, terapiler",isim,B2,,The study highlighted the profound impact of therapies.,Çalışma tedaviler kavramının derin etkisini vurguladı.
therapist,"terapist, sağaltımcı, doktor",isim,B2,,I'm a therapist.,Ben bir terapistim.
therapy,"iyileştirme, tedavi, sağaltım",isim,B2,treatment,Tom is in therapy.,Tom terapide.
thief,"hırsız, çalınma, hırsızlık",isim,B1,,He is a thief.,O bir hırsızdır.
thing,"şey, nesne, olay",isim,B1,,Do your own thing.,Kendi işini yap.
things,"eşya, gidişat, giysiler",isim,B1,,I have my things.,Benim işlerim var.
thinking,"düşünme, düşünen, düşünüş",isim,B2,,I wasn't thinking.,Düşünmüyordum.
this,"bu, bir serinin veya çiftin genellikle ilk üyesi, yakın geçmişe/geleceğe ait",isim,B1,,I'll do this.,Bunu yapacağım.
those,"onlar, şunlar",isim,B1,,Are those Tom's?,Şunlar Tom'un mu?
thrill,"heyecan, heyecanlandırmak, etkilemek",isim,B1,,They do it just for the thrill of it.,Onlar onu sadece onun büyük heyecanı için yapıyor.
thrust,"thrust - thrust, saldırmak, dayamak",isim,B1,,He thrust me aside.,Beni bir kenara itti.
thunder,"gök gürültüsü, gök gürlemesi, gümbürdemek",isim,B2,,You stole my thunder.,Havamı bozdun.
timber,"kalas, kereste, payanda vurmak",isim,B1,,The study highlighted the profound impact of timber.,Çalışma kalas kavramının derin etkisini vurguladı.
timbers,"uç kısımları geçme yapacak şekilde birleştirmek, kuş uçmaz kervan geçmez taşrada/kırsalda olan yer, geminin yan tarafındaki en yüksek kaburgalar",isim,B2,,The study highlighted the profound impact of timbers.,Çalışma uç kısımları geçme yapacak şekilde birleştirmek kavramının derin etkisini vurguladı.
tire,"yorulmak, yormak, tekerlek",isim,B1,"exhaust, fatigue, wear out",My tire's flat.,Benim lastik patlak.
together,"birlikte, beraber, kuyruk",isim,B2,,Let's go together.,Birlikte gidelim.
tomb,"mezar, türbe, gömmek",isim,B1,,I wonder who's buried in that tomb.,O mezarda kimin gömülü olduğunu merak ediyorum.
tone,"ton, yumuşatmak, uyuşmak",isim,B1,,I'm tone-deaf.,Müzik kulağım yok.
tool,"araç, alet, arabada gitmek",isim,B1,,Get my tool box.,Benim takım sandığını getir.
tooth,"diş, dişle kaplamak, pütürlü yapmak",isim,B1,,This tooth is loose.,Bu diş gevşek.
top,"tepe, baş, üst",isim,B1,,It's top-notch.,10 numara 5 yıldız.
touch,"ellemek, dokunmak, değmek",isim,B1,,Can I touch it?,Ona dokunabilir miyim?
towns,"kasabalar, ilçeler",isim,B1,,I like small towns.,Küçük kasabaları severim.
trace,"iz sürmek, izini sürmek, izlemek",isim,B1,,There was no trace of him.,Ondan hiçbir iz yoktu.
track,"izlemek, iz, yol",isim,B1,,We're on track now.,Biz şimdi yoldayız.
trainer,"eğitimci, eğitici, antrenör",isim,B2,,I'm a dog trainer.,Ben bir köpek eğitmeniyim.
training,"eğitim, alıştırma, idman",isim,B2,,I'm in training.,Eğitimdeyim.
transfer,"nakletmek, aktarmak, devretmek",isim,B2,,Do I need to transfer?,Benim transfer etmem gerekiyor mu?
transformation,"dönüşüm, dönüştürme, inkılap",isim,C1,,The transformation had begun.,Dönüşüm başlamıştı.
transparency,"şeffaflık, saydamlık, diyapozitif",isim,C1,,We believe in transparency.,Şeffaflığa inanıyoruz.
transport,"taşımak, nakletmek, nakil",isim,B2,,The box was crushed during transport and the contents flew out.,Taşıma sırasında kutu ezildi ve içindekiler dışarı uçtu.
transportation,"taşıma, nakliye, ulaştırma",isim,C1,,Do they have transportation?,Onların ulaşımı var mı?
treatment,"muamele, tedavi, değerlendirme",isim,B2,"medication, cure, therapy, remedy",He's under treatment.,O tedavi oluyor.
treatments,"yeni tedaviler, iklimsel özel vasıtalar ve tıbbi tedavi konularında karşılıklı yardıma dair avrupa sözleşmesi, alüminyum alaşımlarının anodik işlemleri",isim,C1,,How much will all the treatments cost?,Tüm tedaviler ne kadara mal olacak?
trekking,"yolculuk etme, yürüyüş, doğa yürüyüşü",isim,B2,,The study highlighted the profound impact of trekking.,Çalışma yolculuk etme kavramının derin etkisini vurguladı.
trend,"eğilim göstermek, meyletmek, eğimli olmak",isim,B1,,That's the trend.,Trend bu.
trends,"eğilimler, trendler",isim,B1,,Will those trends continue?,O eğilimler devam edecek mi?
trick,"oyuna getirmek, oyun etmek, kandırmak",isim,B1,,It's a trick.,Bu bir hile.
tricks,"çeşitli ufak tefek eşyalar, şahsi eşyalar, pılı pırtı",isim,B1,,Don't try any tricks.,Herhangi bir hile yapma.
trigger,"tetiklemek, tetik, tetiği çekip ateşlemek",isim,B2,,I pulled the trigger.,Tetiği çektim.
trouble,"sorun, dert, zahmet",isim,B2,,I'm in trouble.,Başım belada.
troubles,"beliyyat, sorunlar",isim,B2,,He has many troubles.,Onun pek çok sorunu var.
truck,"kamyon, takas etmek, trampa etmek",isim,B1,,I have a truck.,Bir kamyonum var.
trucks,"kamyonet, canavar kamyonlar, beton karıştırıcı",isim,B1,,A lot of people around here drive trucks.,Buralarda birçok insan kamyon sürer.
trunk,"gövde, kutuya koymak, bagaja koymak",isim,B1,,I shut the trunk.,Bagajı kapattım.
trust,"güvenmek, güven, inancı olmak",isim,B1,,I'll trust you.,Sana güveneceğim.
tube,"tüp, boru, tüp içine koymak",isim,B1,,Tom is watching the boob tube.,Tom TV izliyor.
tumor,"ur, tümör, şiş",isim,B1,,I have a brain tumor.,Bir beyin tümörüm var.
tumors,tümörler,isim,B1,,The study highlighted the profound impact of tumors.,Çalışma tümörler kavramının derin etkisini vurguladı.
tunnel,"tünel, tünel açmak, tünelden geçmek",isim,B1,,Tom peered down the tunnel.,Tom tünele baktı.
turkey,"türkiye, hindi, işleri yüzüne gözüne bulaştıran kimse",isim,B1,,Let's talk turkey.,Dobra dobra konuşalım.
turning,"çevirme dili, köşe, dönüş yeri",isim,B2,,She's turning red.,O kızarıyor.
tutor,"özel öğretmen, ders vermek, özel ders vermek",isim,B1,,I could tutor you.,Sana özel ders verebilirim.
type,"yazmak, tür, tip",isim,B1,,He is my type!,O benim tipim.
typewriter,"daktilo, yazı makinesi, daktilo makinesi",isim,C1,,Is this typewriter yours?,Bu daktilo sizin mi?
un,un,isim,B1,,What does UN stand for?,BM ne anlama geliyor?
uncover,"ortaya çıkarmak, örtüsünü kaldırmak, açmak",isim,B2,,I'm just trying to uncover the truth.,Ben sadece gerçeği ortaya çıkarmaya çalışıyorum.
understanding,"kavrayış, anlama, anlayış",isim,C1,,He's very understanding.,O çok anlayışlıdır.
une,"doğru, kesir çizgisi, yanal doğru",isim,B1,,The study highlighted the profound impact of une.,Çalışma doğru kavramının derin etkisini vurguladı.
unevenness,"düzgünsüzlük, pürüz, yamukluk",isim,C1,,The study highlighted the profound impact of unevenness.,Çalışma düzgünsüzlük kavramının derin etkisini vurguladı.
unrest,"huzursuzluk, bozgun, kargaşa",isim,B1,,The unrest lasted three days.,Huzursuzluk üç gün sürdü.
upper,"üst, yukarı, saya",isim,B1,,He belongs to the upper class.,"O, üst sınıfa aittir."
ure,"üre, yaban öküzü",isim,B1,,The study highlighted the profound impact of ure.,Çalışma üre kavramının derin etkisini vurguladı.
use,"kullanmak, kullanım, kullanma",isim,B1,,I'll use it.,Onu kullanırım.
usefulness,"fayda, hayır, faydalılık",isim,C1,,The study highlighted the profound impact of usefulness.,Çalışma fayda kavramının derin etkisini vurguladı.
users,"bir malı tüketenler veya onu ara malı olarak talep edenler, kullanıcılar, kişiler",isim,B1,,Refer to the Users' Guide if you have any problems.,Herhangi bir sorununuz varsa Kullanıcı Kılavuzu'na bakın.
utter,"dile getirmek, basmak, buyurmak",isim,B1,,That's utter nonsense.,Bu mutlak saçmalık.
vacation,"tatil, tatil yapmak, izin",isim,B2,,I'm on vacation.,Tatildeyim.
vaccination,"aşılama, aşı yapma, aşı",isim,C1,,The vaccination left a funny little mark on my arm.,Aşı kolumda komik küçük bir iz bıraktı.
vaccine,"aşı, aşı maddesi, aşıya ait",isim,B2,,We have a vaccine.,Bir aşımız var.
value,"değer vermek, paha biçmek, değer biçmek",isim,B1,,It has no value.,Hiç değeri yok.
variables,değişkenler,isim,B2,,It depends upon several variables.,Birkaç değişkene bağlıdır.
variation,"varyasyon, farklılık, fark",isim,B2,,The study highlighted the profound impact of variation.,Çalışma varyasyon kavramının derin etkisini vurguladı.
variety,"çeşitlilik, çeşit, sosis",isim,B2,,He grew a variety of crops.,Çeşitli ekinler yetiştirdi.
vehicle,"araç, taşıt, vasıta",isim,B2,,This vehicle is dangerous.,Bu araç tehlikeli.
vehicles,"taşıt araçları, taşıtlar",isim,B2,,Both vehicles caught fire.,Her iki araç da alev aldı.
vein,"damar, damarlarla kaplamak, huy",isim,B1,,A dye was injected into a vein of the patient's arm.,Bir boya hastanın kol damarına enjekte edilebilir.
venture,"girişim, tehlikeye atmak, riske atmak",isim,B2,,Tom is a venture capitalist.,Tom girişimci bir kapitalist.
view,"incelemek, görüş, bakış",isim,B1,,I like the view.,Manzarayı seviyorum.
viewer,"izleyici, seyirci, vizyonöz",isim,B1,,Television enlightens the viewers as well as entertains them.,Televizyon izleyicileri eğlendirmesinin yanı sıra onları aydınlatır.
vision,"görme, hayal gibi görmek, görme kuvveti",isim,B1,,I had a vision.,Bir vizyonum vardı.
visitor,"ziyaretçi, ziyarete giden kimse, zair",isim,B2,,Tom has a visitor.,Tom'un bir ziyaretçisi var.
voice,"ses, ses tellerini titreştirerek oluşturmak, dile getirmek",isim,B1,,I hate my voice.,Sesimden nefret ediyorum.
waiting,"bekleyiş, bekleme, refakat",isim,B2,,I'll be waiting.,Bekliyor olacağım.
walking,"yürüyüş, yürüme, yürüyen",isim,B2,,I'm walking home.,Eve yürüyorum.
wander,"başıboş dolaşmak, dolaşmak, amaçsızca dolaşmak",isim,B1,,Don't wander too far.,Çok uzağa gitme.
war,"harp, savaş, savaş halinde olmak",isim,B1,,We're at war.,Biz savaştayız.
warming,"dayak atma, ısınma, ısıtma",isim,B2,,I'm just warming up.,Daha yeni ısınıyorum.
warmth,"sıcaklık, ısı, ateşlilik",isim,B1,,I remember the warmth of his arms.,Onun kollarının sıcaklığını hatırlıyorum.
warrior,"savaşçı, cenkçi, silahşor",isim,B2,,I'm a warrior.,Ben bir savaşçıyım.
washing,"yıkanma, yıkama, bulaşık yıkama",isim,B2,,I'm washing dishes.,Ben bulaşıkları yıkıyorum.
way,"yol, taraf, tarz",isim,B1,,I know a way.,Bir yol biliyorum.
ways,"yollar, kızak",isim,B1,,It goes both ways.,O her iki yönde gider.
wealth,"varlık, zenginlik, servet",isim,B1,,Health is above wealth.,Sağlık zenginliğin üstündedir.
weather,"hava, hava durumu, yalpalamak",isim,B2,,How's the weather?,Hava nasıl?
weaver,"dokumacı, dokuyucu, çulha",isim,B1,,The study highlighted the profound impact of weaver.,Çalışma dokumacı kavramının derin etkisini vurguladı.
weekend,"hafta sonu, hafta sonunu geçirmek, haftasonu",isim,B2,,Have a good weekend!,İyi bir hafta sonu geçirmeniz dileğiyle!
weight,"ağırlık yapmak, sıklet, ağırlık",isim,B1,,I'll lose weight.,Zayıflayacağım.
welfare,"gönenç, refah, yardım",isim,B2,,He lives on welfare.,O işsizlik parası ile yaşar.
well,"kuyu, iyi, peki",isim,B1,,I'm not well.,İyi değilim.
wellbeing,"iyilik, saadet, sağlık",isim,B2,,The study highlighted the profound impact of wellbeing.,Çalışma iyilik kavramının derin etkisini vurguladı.
wellness,"zindelik, sağlık, sıhhat",isim,B2,,The study highlighted the profound impact of wellness.,Çalışma zindelik kavramının derin etkisini vurguladı.
what,"ne, neyi, hangi",isim,B1,,What'd I do?,Ne yapacaktım?
wherever,"nerede, nereye, her nerede",isim,B2,,Sit wherever you like.,İstediğiniz yere oturun.
whose,"isim olarak kullanılan yancümlenin başında bulunur, sıfat olarak kullanılan yancümlenin başında bulunur, kimin",isim,B1,,Whose bike is it?,Bu kimin bisikleti?
will,"vasiyet, irade, dilemek",isim,B1,,He will not go.,"O, gitmeyecek."
wire,"telle bağlamak, tel takmak, telle çevirmek",isim,B1,,Cut the red wire.,Kırmızı kabloyu kes.
wisdom,"akıl, bilgelik, hikmet",isim,B1,knowledge,He is a man of wisdom.,"O, bilge bir adam."
witness,"şahit olmak, şahitlik etmek, tanık olmak",isim,B2,,I'm a witness.,Ben bir tanığım.
witnesses,"tanıklar, şahitler, görgü tanıkları",isim,B2,,We're all witnesses.,Hepimiz tanıklarız.
wives,eşler,isim,B1,,I have three ex-wives.,Üç eski karım var.
wood,"odun, tahta, ahşap",isim,B1,,The wood is rotten.,Ahşap çürümüş.
worker,"işçi, adam, amele",isim,B1,,I'm a hard worker.,Ben çok çalışkanım.
workers,işçi sınıfı,isim,B2,,We need more workers.,Bizim daha fazla işçiye ihtiyacımız var.
workplace,"işyeri, iş yeri, dükkan",isim,B2,,Always keep your workplace organized.,Her zaman iş yerinizi düzenli tutun.
works,"yapıtlar, fabrika, tesis",isim,B1,,He works a lot.,O çok çalışır.
workshop,"çalıştay, seminer, zanaatçıya ait atölye",isim,B2,,I am working at the workshop.,Ben atölyede çalışıyorum.
worth,"değer, eder, çap",isim,B1,,It's worth it.,O buna değer.
wr,"kırmızı renkli, monoazo bir organik pigment",isim,B1,,I'd like to wring Tom's neck.,Tom'un boynunu sıkmak istiyorum.
yard,"bahçe, avlu, açıklık",isim,B1,,I like your yard.,Senin bahçeni beğeniyorum.
yeah,"tamam, he, evet",isim,B1,,"Yeah, you're right.","Evet, haklısın."
years,"yıllar, yıl",isim,B1,,I'm 18 years old.,Ben 18 yaşındayım.
yes,"evet, olumlu cevap, olumlu oy",isim,B1,,Was that a yes?,Bu bir evet miydi?
yogurt,yoğurt,isim,B1,,I'd like some yogurt.,Biraz yoğurt isterim.
you're,"tehlikedesin, yaşlısın diye haklı olman gerekmiyor, umarım ne yaptığını biliyorsundur",isim,B1,,The study highlighted the profound impact of you're.,Çalışma tehlikedesin kavramının derin etkisini vurguladı.
your,"senin, sizin",isim,B1,,I'm your age.,Ben senin yaşındayım.
youth,"gençlik, genç, genç kişi",isim,B1,,The youth was quiet.,Gençlik sessizdi.
zone,"kuşak, bölge, bir yerde ancak belirli bir faaliyete izin vermek",isim,B1,,It's like a war zone there.,Bu orada bir savaş bölgesi gibi.
